"snapshot_date","source_scope","batch_code","sku_code","name","brand","category","quality_grade","primary_model","model_code","model_codes","compatibility_models","compatibility_entry_count","stock_qty","status","review_state"
"2026-07-19","historical Mobilax-derived catalog snapshot (supplier label scrubbed)","2026-05-25","3000000004869","Battery Stickers Apple iPhone 6/iPhone 6S/iPhone 7 (x10)","Apple","Batterie","A","iPhone 6","","","iPhone 6 | iPhone 6S | iPhone 7","3","0","draft","candidate_needs_technical_confirmation_not_current_supplier_catalog"
"2026-07-19","historical Mobilax-derived catalog snapshot (supplier label scrubbed)","2026-05-25","3000000004876","Battery Stickers Apple iPhone 6 Plus/iPhone 6S Plus/iPhone 7 Plus","Apple","Batterie","A","iPhone 6 Plus","","","iPhone 6 Plus | iPhone 6S Plus | iPhone 7 Plus","3","0","draft","candidate_needs_technical_confirmation_not_current_supplier_catalog"
"2026-07-19","historical Mobilax-derived catalog snapshot (supplier label scrubbed)","HONOR-2026-05-27","3000000005903","Original Battery Honor 5C/6C Pro/7A/8/8 Lite Huawei P10 Lite/P20 Lite/P8 Lite 2017/P9/P9 Lite/P Smart 24022157 24022376 HB366481ECW","Honor","Batterie","A","5C","","","5C | 7A | 8 | 8 Lite","4","0","draft","candidate_needs_technical_confirmation_not_current_supplier_catalog"
"2026-07-19","historical Mobilax-derived catalog snapshot (supplier label scrubbed)","2026-05-25","3000000006498","Original Front Camera Apple iPhone 8/iPhone SE (2nd Gen)/iPhone SE (3e Gen) 7MP","Apple","Fotocamere","A","iPhone 8","","","iPhone 8 | iPhone SE 2nd Gen | iPhone SE 3rd Gen","3","0","draft","candidate_needs_technical_confirmation_not_current_supplier_catalog"
"2026-07-19","historical Mobilax-derived catalog snapshot (supplier label scrubbed)","SAMSUNG-2026-05-27","3000000007716","Premium lens holder Samsung Galaxy S7 Edge G935/Galaxy S7 G930 Silver","Samsung","Fotocamere","A","Galaxy S7 Edge G935","","","Galaxy S7 G930 | Galaxy S7 Edge G935","2","0","draft","candidate_needs_technical_confirmation_not_current_supplier_catalog"
"2026-07-19","historical Mobilax-derived catalog snapshot (supplier label scrubbed)","SAMSUNG-2026-05-27","3000000007730","Premium Power Flex Cable Samsung Galaxy S7 Edge G935/Galaxy S7 G930","Samsung","Flat Cable","A","Galaxy S7 Edge G935","","","Galaxy S7 G930 | Galaxy S7 Edge G935","2","0","draft","candidate_needs_technical_confirmation_not_current_supplier_catalog"
"2026-07-19","historical Mobilax-derived catalog snapshot (supplier label scrubbed)","SAMSUNG-2026-05-27","3000000007761","Premium Vibrator Samsung Galaxy Note 8 N950/Galaxy S8 G950/Galaxy S8 Plus G955/Galaxy S9 G960/Galaxy S9 Plus G965","Samsung","Flat Cable","A","Galaxy S8 G950","","","Galaxy S9 G960 | Galaxy S8 Plus G955 | Galaxy S8 G950 | Galaxy S9 Plus G965","4","0","draft","candidate_needs_technical_confirmation_not_current_supplier_catalog"
"2026-07-19","historical Mobilax-derived catalog snapshot (supplier label scrubbed)","SAMSUNG-2026-05-27","3000000007815","Premium Volume Flex Cable Samsung Galaxy S8 G950/Galaxy S8 Plus G955","Samsung","Flat Cable","A","Galaxy S8 G950","","","Galaxy S8 Plus G955 | Galaxy S8 G950","2","0","draft","candidate_needs_technical_confirmation_not_current_supplier_catalog"
"2026-07-19","historical Mobilax-derived catalog snapshot (supplier label scrubbed)","SAMSUNG-2026-05-27","3000000007822","Premium Power Flex Cable Samsung Galaxy S8 G950/Galaxy S8 Plus G955","Samsung","Flat Cable","A","Galaxy S8 G950","","","Galaxy S8 Plus G955 | Galaxy S8 G950","2","0","draft","candidate_needs_technical_confirmation_not_current_supplier_catalog"
"2026-07-19","historical Mobilax-derived catalog snapshot (supplier label scrubbed)","SAMSUNG-2026-05-25","3000000007860","Premium Back Cover Samsung Galaxy Grand Prime G530/Galaxy Grand Prime VE G531 White","Samsung","Back Cover","A","Galaxy Grand Prime G530","","","Galaxy Grand Prime G530 | Galaxy Grand Prime Ve G531","2","0","draft","candidate_needs_technical_confirmation_not_current_supplier_catalog"
"2026-07-19","historical Mobilax-derived catalog snapshot (supplier label scrubbed)","SAMSUNG-2026-05-25","3000000007877","Premium Back Cover Samsung Galaxy Grand Prime G530/Galaxy Grand Prime VE G531 Black","Samsung","Back Cover","A","Galaxy Grand Prime G530","","","Galaxy Grand Prime G530 | Galaxy Grand Prime Ve G531","2","0","draft","candidate_needs_technical_confirmation_not_current_supplier_catalog"
"2026-07-19","historical Mobilax-derived catalog snapshot (supplier label scrubbed)","SAMSUNG-2026-05-25","3000000007884","Premium Back Cover Samsung Galaxy Grand Prime G530/Galaxy Grand Prime VE G531 Gold","Samsung","Back Cover","A","Galaxy Grand Prime G530","","","Galaxy Grand Prime G530 | Galaxy Grand Prime Ve G531","2","0","draft","candidate_needs_technical_confirmation_not_current_supplier_catalog"
"2026-07-19","historical Mobilax-derived catalog snapshot (supplier label scrubbed)","2026-05-25","3000000007907","SIM Reader Apple iPhone 7/iPhone 7 Plus","Apple","Flat Cable","A","iPhone 7","","","iPhone 7 | iPhone 7 Plus","2","0","draft","candidate_needs_technical_confirmation_not_current_supplier_catalog"
"2026-07-19","historical Mobilax-derived catalog snapshot (supplier label scrubbed)","2026-05-25","3000000007921","Speaker Support Apple iPhone 7/iPhone 8 (X5)","Apple","Connettori","A","iPhone 7","","","iPhone 7 | iPhone 8","2","0","draft","candidate_needs_technical_confirmation_not_current_supplier_catalog"
"2026-07-19","historical Mobilax-derived catalog snapshot (supplier label scrubbed)","SAMSUNG-2026-05-25","3000000009383","Premium Dock Connector Samsung Galaxy Xcover 3 G388/Galaxy Xcover 4 G390","Samsung","Connettori","A","Galaxy XCover 3 G388","","","Galaxy XCover 3 G388 | Galaxy XCover 4 G390","2","0","draft","candidate_needs_technical_confirmation_not_current_supplier_catalog"
"2026-07-19","historical Mobilax-derived catalog snapshot (supplier label scrubbed)","SAMSUNG-2026-05-27","3000000009550","Premium Fingerprint Reader Samsung Galaxy S8 G950/Galaxy S8 Plus G955 Silver","Samsung","Flat Cable","A","Galaxy S8 G950","","","Galaxy S8 Plus G955 | Galaxy S8 G950","2","0","draft","candidate_needs_technical_confirmation_not_current_supplier_catalog"
"2026-07-19","historical Mobilax-derived catalog snapshot (supplier label scrubbed)","SAMSUNG-2026-05-27","3000000009567","Premium Fingerprint Reader Samsung Galaxy S8 G950/Galaxy S8 Plus G955 Orchid","Samsung","Flat Cable","A","Galaxy S8 G950","","","Galaxy S8 Plus G955 | Galaxy S8 G950","2","0","draft","candidate_needs_technical_confirmation_not_current_supplier_catalog"
"2026-07-19","historical Mobilax-derived catalog snapshot (supplier label scrubbed)","SAMSUNG-2026-05-27","3000000009574","Premium Fingerprint Reader Samsung Galaxy S8 G950/Galaxy S8 Plus G955 Black","Samsung","Flat Cable","A","Galaxy S8 G950","","","Galaxy S8 Plus G955 | Galaxy S8 G950","2","0","draft","candidate_needs_technical_confirmation_not_current_supplier_catalog"
"2026-07-19","historical Mobilax-derived catalog snapshot (supplier label scrubbed)","2026-05-25","3000000011478","Screw Kit Apple iPhone 7/iPhone 7 Plus (Down) Silver","Apple","Flat Cable","A","iPhone 7","","","iPhone 7 | iPhone 7 Plus","2","0","draft","candidate_needs_technical_confirmation_not_current_supplier_catalog"
"2026-07-19","historical Mobilax-derived catalog snapshot (supplier label scrubbed)","2026-05-25","3000000011485","Screw Kit Apple iPhone 7/iPhone 7 Plus (Down) Black","Apple","Flat Cable","A","iPhone 7","","","iPhone 7 | iPhone 7 Plus","2","0","draft","candidate_needs_technical_confirmation_not_current_supplier_catalog"
"2026-07-19","historical Mobilax-derived catalog snapshot (supplier label scrubbed)","2026-05-25","3000000011492","Screw Kit Apple iPhone 7/iPhone 7 Plus (Down) Gold","Apple","Flat Cable","A","iPhone 7","","","iPhone 7 | iPhone 7 Plus","2","0","draft","candidate_needs_technical_confirmation_not_current_supplier_catalog"
"2026-07-19","historical Mobilax-derived catalog snapshot (supplier label scrubbed)","2026-05-25","3000000011508","Screw Kit Apple iPhone 7/iPhone 7 Plus (Down) Pink","Apple","Flat Cable","A","iPhone 7","","","iPhone 7 | iPhone 7 Plus","2","0","draft","candidate_needs_technical_confirmation_not_current_supplier_catalog"
"2026-07-19","historical Mobilax-derived catalog snapshot (supplier label scrubbed)","SAMSUNG-2026-05-25","3000000011690","Premium Power Flex Cable Samsung Galaxy Note 2 N7100/Galaxy Note 2 N7105","Samsung","Flat Cable","A","Galaxy Note 2 N7100","","","Galaxy Note 2 N7100 | Galaxy Note 2 N7105","2","0","draft","candidate_needs_technical_confirmation_not_current_supplier_catalog"
"2026-07-19","historical Mobilax-derived catalog snapshot (supplier label scrubbed)","HONOR-2026-05-27","3000000012598","Premium Dock Connector Huawei Y7 2018","Honor","Connettori","A","9 Lite","","","9 Lite | 10 Lite","2","0","draft","candidate_needs_technical_confirmation_not_current_supplier_catalog"
"2026-07-19","historical Mobilax-derived catalog snapshot (supplier label scrubbed)","2026-05-25","3000000012840","Original Refurb Display Touchscreen Apple iPhone 8/iPhone SE (2nd Gen) White","Apple","Schermi","A","iPhone 8","","","iPhone 8 | iPhone SE 2nd Gen","2","0","draft","candidate_needs_technical_confirmation_not_current_supplier_catalog"
"2026-07-19","historical Mobilax-derived catalog snapshot (supplier label scrubbed)","2026-05-25","3000000012857","Original Refurb Display Touchscreen Apple iPhone 8/iPhone SE (2nd Gen) Black","Apple","Schermi","A","iPhone 8","","","iPhone 8 | iPhone SE 2nd Gen","2","0","draft","candidate_needs_technical_confirmation_not_current_supplier_catalog"
"2026-07-19","historical Mobilax-derived catalog snapshot (supplier label scrubbed)","SAMSUNG-2026-05-25","3000000013298","Flex Cable Back Menu Samsung Galaxy J5 2017 J530/Galaxy J7 2017 J730","Samsung","Back Cover","A","Galaxy J5 2017 J530","","","Galaxy J5 2017 J530 | Galaxy J7 2017 J730","2","0","draft","candidate_needs_technical_confirmation_not_current_supplier_catalog"
"2026-07-19","historical Mobilax-derived catalog snapshot (supplier label scrubbed)","SAMSUNG-2026-05-25","3000000013304","Home Flex Cable Samsung Galaxy A3 2017 A320/Galaxy J3 2017 J330","Samsung","Flat Cable","A","Galaxy A3 2017 A320","","","Galaxy A3 2017 A320 | Galaxy J3 2017 J330","2","0","draft","candidate_needs_technical_confirmation_not_current_supplier_catalog"
"2026-07-19","historical Mobilax-derived catalog snapshot (supplier label scrubbed)","2026-05-25","3000000013663","Lens Apple iPhone 7 Plus/iPhone 8 Plus (x5)","Apple","Fotocamere","A","iPhone 7 Plus","","","iPhone 7 Plus | iPhone 8 Plus","2","0","draft","candidate_needs_technical_confirmation_not_current_supplier_catalog"
"2026-07-19","historical Mobilax-derived catalog snapshot (supplier label scrubbed)","2026-05-25","3000000013748","LCD Adhesive Stickers Apple iPhone 8 Plus/iPhone 7 Plus","Apple","Schermi","A","iPhone 7 Plus","","","iPhone 7 Plus | iPhone 8 Plus","2","0","draft","candidate_needs_technical_confirmation_not_current_supplier_catalog"
"2026-07-19","historical Mobilax-derived catalog snapshot (supplier label scrubbed)","2026-05-25","3000000013755","LCD Adhesive Stickers Apple iPhone 7 Plus/iPhone 8 Plus Black","Apple","Schermi","A","iPhone 7 Plus","","","iPhone 7 Plus | iPhone 8 Plus","2","0","draft","candidate_needs_technical_confirmation_not_current_supplier_catalog"
"2026-07-19","historical Mobilax-derived catalog snapshot (supplier label scrubbed)","2026-05-25","3000000013786","LCD Adhesive Stickers Apple iPhone 7/iPhone 8/iPhone SE (2nd Gen)/iPhone SE (3e Gen) White","Apple","Schermi","A","iPhone 7","","","iPhone 7 | iPhone 8 | iPhone SE 2nd Gen | iPhone SE 3rd Gen","4","0","draft","candidate_needs_technical_confirmation_not_current_supplier_catalog"
"2026-07-19","historical Mobilax-derived catalog snapshot (supplier label scrubbed)","2026-05-25","3000000013793","LCD Adhesive Stickers Apple iPhone 7/iPhone 8/iPhone SE (2nd Gen)/iPhone SE (3e Gen) Black","Apple","Schermi","A","iPhone 7","","","iPhone 7 | iPhone 8 | iPhone SE 2nd Gen | iPhone SE 3rd Gen","4","0","draft","candidate_needs_technical_confirmation_not_current_supplier_catalog"
"2026-07-19","historical Mobilax-derived catalog snapshot (supplier label scrubbed)","2026-05-25","3000000013809","NFC Flex Cable Apple iPhone 8/iPhone SE (2nd Gen)/iPhone SE (3e Gen)","Apple","Flat Cable","A","iPhone 8","","","iPhone 8 | iPhone SE 2nd Gen | iPhone SE 3rd Gen","3","0","draft","candidate_needs_technical_confirmation_not_current_supplier_catalog"
"2026-07-19","historical Mobilax-derived catalog snapshot (supplier label scrubbed)","2026-05-25","3000000013816","Connection Flex Cable Apple iPhone 8/iPhone SE (2nd Gen)","Apple","Flat Cable","A","iPhone 8","","","iPhone 8 | iPhone SE 2nd Gen","2","0","draft","candidate_needs_technical_confirmation_not_current_supplier_catalog"
"2026-07-19","historical Mobilax-derived catalog snapshot (supplier label scrubbed)","SAMSUNG-2026-05-25","3000000014592","Original Battery Samsung Galaxy J6 2018 J600/Galaxy A6 2018 A600 GH82-16479A GH82-16865A  EB-BJ800ABE","Samsung","Batterie","A","Galaxy A6 2018 A600","","","Galaxy A6 2018 A600 | Galaxy J6 2018 J600","2","0","draft","candidate_needs_technical_confirmation_not_current_supplier_catalog"
"2026-07-19","historical Mobilax-derived catalog snapshot (supplier label scrubbed)","SAMSUNG-2026-05-27","3000000015124","Premium Fingerprint Reader Samsung Galaxy S9 G960/Galaxy S9 Plus G965 Black","Samsung","Flat Cable","A","Galaxy S9 G960","","","Galaxy S9 G960 | Galaxy S9 Plus G965","2","0","draft","candidate_needs_technical_confirmation_not_current_supplier_catalog"
"2026-07-19","historical Mobilax-derived catalog snapshot (supplier label scrubbed)","SAMSUNG-2026-05-27","3000000015131","Premium Fingerprint Reader Samsung Galaxy S9 G960/Galaxy S9 Plus G965 Orchid","Samsung","Flat Cable","A","Galaxy S9 G960","","","Galaxy S9 G960 | Galaxy S9 Plus G965","2","0","draft","candidate_needs_technical_confirmation_not_current_supplier_catalog"
"2026-07-19","historical Mobilax-derived catalog snapshot (supplier label scrubbed)","SAMSUNG-2026-05-27","3000000015148","Premium Fingerprint Reader Samsung Galaxy S9 G960/Galaxy S9 Plus G965 Blue","Samsung","Flat Cable","A","Galaxy S9 G960","","","Galaxy S9 G960 | Galaxy S9 Plus G965","2","0","draft","candidate_needs_technical_confirmation_not_current_supplier_catalog"
"2026-07-19","historical Mobilax-derived catalog snapshot (supplier label scrubbed)","SAMSUNG-2026-05-27","3000000015179","Premium Proximity Flex Cable Samsung Galaxy S9 G960/Galaxy S9 Plus G965","Samsung","Flat Cable","A","Galaxy S9 G960","","","Galaxy S9 G960 | Galaxy S9 Plus G965","2","0","draft","candidate_needs_technical_confirmation_not_current_supplier_catalog"
"2026-07-19","historical Mobilax-derived catalog snapshot (supplier label scrubbed)","2026-05-25","3000000017845","Original Pulled Camera Apple iPhone XS/iPhone XS Max 12MP+12MP","Apple","Fotocamere","A","iPhone XS","","","iPhone XS | iPhone XS Max","2","0","draft","candidate_needs_technical_confirmation_not_current_supplier_catalog"
"2026-07-19","historical Mobilax-derived catalog snapshot (supplier label scrubbed)","SAMSUNG-2026-05-25","3000000017937","Original Battery Samsung Galaxy A10 A105/Galaxy A7 2018 A750 GH82-18689A EB-BA750ABU","Samsung","Batterie","A","Galaxy A7 2018 A750","","","Galaxy A7 2018 A750 | Galaxy A10 A105","2","0","draft","candidate_needs_technical_confirmation_not_current_supplier_catalog"
"2026-07-19","historical Mobilax-derived catalog snapshot (supplier label scrubbed)","SAMSUNG-2026-05-25","3000000018002","Premium Inner Earpiece Samsung Galaxy A70 A705/Galaxy A40 A405/Galaxy A50 A505/Galaxy J6 Plus J610/Galaxy A5  2016 A510/Galaxy A12 A125/Galaxy M23 5G M236","Samsung","Speaker","A","Galaxy A5 2016 A510","","","Galaxy A5 2016 A510 | Galaxy A12 A125 | Galaxy A40 A405 | Galaxy A50 A505 | Galaxy A70 A705 | Galaxy M23 5G M236","6","0","draft","candidate_needs_technical_confirmation_not_current_supplier_catalog"
"2026-07-19","historical Mobilax-derived catalog snapshot (supplier label scrubbed)","HONOR-2026-05-27","3000000018194","Premium Battery Huawei Mate 20 Lite/Nova 5T/P10 Plus Honor 20/View 10 HB386589ECW","Honor","Batterie","A","20","","","20 | View 10","2","0","draft","candidate_needs_technical_confirmation_not_current_supplier_catalog"
"2026-07-19","historical Mobilax-derived catalog snapshot (supplier label scrubbed)","SAMSUNG-2026-05-25","3000000018408","Premium Fingerprint Reader Samsung Galaxy A6 2018 A600/Galaxy A6 Plus A605/Galaxy J6 2018 J600 Black","Samsung","Flat Cable","A","Galaxy A6 2018 A600","","","Galaxy A6 2018 A600 | Galaxy J6 2018 J600","2","0","draft","candidate_needs_technical_confirmation_not_current_supplier_catalog"
"2026-07-19","historical Mobilax-derived catalog snapshot (supplier label scrubbed)","SAMSUNG-2026-05-25","3000000018460","Premium Inner Earpiece Samsung Galaxy A6 2018 A600/Galaxy A6 Plus A605/Galaxy J3 2017 J330/Galaxy J5 2017 J530","Samsung","Speaker","A","Galaxy A6 2018 A600","","","Galaxy A6 2018 A600 | Galaxy J3 2017 J330 | Galaxy J5 2017 J530","3","0","draft","candidate_needs_technical_confirmation_not_current_supplier_catalog"
"2026-07-19","historical Mobilax-derived catalog snapshot (supplier label scrubbed)","2026-05-25","3000000018590","Home Button Apple iPhone 7/iPhone 7 Plus/iPhone 8/iPhone 8 Plus/iPhone SE (2nd Gen)/iPhone SE (3e Gen) YF (No Touch ID) 3rd Generation Black","Apple","Flat Cable","A","iPhone 7","","","iPhone 7 | iPhone 7 Plus | iPhone 8 | iPhone 8 Plus | iPhone SE 2nd Gen | iPhone SE 3rd Gen","6","0","draft","candidate_needs_technical_confirmation_not_current_supplier_catalog"
"2026-07-19","historical Mobilax-derived catalog snapshot (supplier label scrubbed)","2026-05-25","3000000018620","Home Button Apple iPhone 7/iPhone 7 Plus/iPhone 8/iPhone 8 Plus YF (No Touch ID) 3rd Generation White","Apple","Flat Cable","A","iPhone 7","","","iPhone 7 | iPhone 7 Plus | iPhone 8 | iPhone 8 Plus","4","0","draft","candidate_needs_technical_confirmation_not_current_supplier_catalog"
"2026-07-19","historical Mobilax-derived catalog snapshot (supplier label scrubbed)","2026-05-25","3000000020753","Loudspeaker Apple iPhone 11/iPhone XR","Apple","Speaker","A","iPhone 11","","","iPhone 11 | iPhone XR","2","0","draft","candidate_needs_technical_confirmation_not_current_supplier_catalog"
"2026-07-19","historical Mobilax-derived catalog snapshot (supplier label scrubbed)","2026-05-25","3000000020760","LCD Adhesive Stickers Apple iPhone XR/iPhone 11","Apple","Schermi","A","iPhone 11","","","iPhone 11 | iPhone XR","2","0","draft","candidate_needs_technical_confirmation_not_current_supplier_catalog"
"2026-07-19","historical Mobilax-derived catalog snapshot (supplier label scrubbed)","2026-05-25","3000000020845","Battery Stickers Apple iPhone X/iPhone XS","Apple","Batterie","A","iPhone X","","","iPhone X | iPhone XS","2","0","draft","candidate_needs_technical_confirmation_not_current_supplier_catalog"
"2026-07-19","historical Mobilax-derived catalog snapshot (supplier label scrubbed)","2026-05-25","3000000021071","On/Off Power Flex Cable Apple iPhone XS/iPhone XS Max","Apple","Flat Cable","A","iPhone XS","","","iPhone XS | iPhone XS Max","2","0","draft","candidate_needs_technical_confirmation_not_current_supplier_catalog"
"2026-07-19","historical Mobilax-derived catalog snapshot (supplier label scrubbed)","HONOR-2026-05-27","3000000021385","OEM Display Touchscreen Honor 10 Lite/20 Lite Black","Honor","Schermi","A","10 Lite","","","10 Lite | 20 Lite","2","0","draft","candidate_needs_technical_confirmation_not_current_supplier_catalog"
"2026-07-19","historical Mobilax-derived catalog snapshot (supplier label scrubbed)","HONOR-2026-05-27","3000000021392","Premium Battery Honor 10 Lite/20 Lite Huawei P Smart 2019/P Smart Plus 2019/P Smart 2020 HB396286ECW","Honor","Batterie","A","10 Lite","","","10 Lite | 20 Lite","2","0","draft","candidate_needs_technical_confirmation_not_current_supplier_catalog"
"2026-07-19","historical Mobilax-derived catalog snapshot (supplier label scrubbed)","SAMSUNG-2026-05-27","3000000021712","Premium Fingerprint Reader Samsung Galaxy S8 G950/Galaxy S8 Plus G955 Gold","Samsung","Flat Cable","A","Galaxy S8 G950","","","Galaxy S8 Plus G955 | Galaxy S8 G950","2","0","draft","candidate_needs_technical_confirmation_not_current_supplier_catalog"
"2026-07-19","historical Mobilax-derived catalog snapshot (supplier label scrubbed)","SAMSUNG-2026-05-27","3000000021729","Premium Fingerprint Reader Samsung Galaxy S8 G950/Galaxy S8 Plus G955 Pink","Samsung","Flat Cable","A","Galaxy S8 G950","","","Galaxy S8 Plus G955 | Galaxy S8 G950","2","0","draft","candidate_needs_technical_confirmation_not_current_supplier_catalog"
"2026-07-19","historical Mobilax-derived catalog snapshot (supplier label scrubbed)","SAMSUNG-2026-05-27","3000000021736","Premium Fingerprint Reader Samsung Galaxy S8 G950/Galaxy S8 Plus G955 Blue","Samsung","Flat Cable","A","Galaxy S8 G950","","","Galaxy S8 Plus G955 | Galaxy S8 G950","2","0","draft","candidate_needs_technical_confirmation_not_current_supplier_catalog"
"2026-07-19","historical Mobilax-derived catalog snapshot (supplier label scrubbed)","SAMSUNG-2026-05-27","3000000021958","Premium Jack Flex Cable Samsung Galaxy S9 G960/Galaxy S9 Plus G965","Samsung","Flat Cable","A","Galaxy S9 G960","","","Galaxy S9 G960 | Galaxy S9 Plus G965","2","0","draft","candidate_needs_technical_confirmation_not_current_supplier_catalog"
"2026-07-19","historical Mobilax-derived catalog snapshot (supplier label scrubbed)","XIAOMI-2026-05-27","3000000023785","Premium Dock Connector Xiaomi Redmi Note 7/Redmi Note 7 Pro","Xiaomi","Connettori","A","Redmi Note 7","","","Redmi Note 7 | Redmi Note 7 Pro","2","0","draft","candidate_needs_technical_confirmation_not_current_supplier_catalog"
"2026-07-19","historical Mobilax-derived catalog snapshot (supplier label scrubbed)","2026-05-25","3000000024362","Home Button Apple iPhone 7/iPhone 7 Plus/iPhone 8/iPhone 8 Plus YF (No Touch ID) 3rd Generation Gold","Apple","Flat Cable","A","iPhone 7","","","iPhone 7 | iPhone 7 Plus | iPhone 8 | iPhone 8 Plus","4","0","draft","candidate_needs_technical_confirmation_not_current_supplier_catalog"
"2026-07-19","historical Mobilax-derived catalog snapshot (supplier label scrubbed)","2026-05-25","3000000024515","Home Button Apple iPhone 7/iPhone 7 Plus YF (No Touch ID) 3rd Generation Rose Gold","Apple","Flat Cable","A","iPhone 7","","","iPhone 7 | iPhone 7 Plus","2","0","draft","candidate_needs_technical_confirmation_not_current_supplier_catalog"
"2026-07-19","historical Mobilax-derived catalog snapshot (supplier label scrubbed)","SAMSUNG-2026-05-27","3000000025819","Premium Dock Connector Samsung Galaxy S10e G970/Galaxy S10 G973/Galaxy S10 Plus G975/Galaxy Xcover 4s G398","Samsung","Connettori","A","Galaxy S10 G973","","","Galaxy S10 Plus G975 | Galaxy S10E G970 | Galaxy S10 G973","3","0","draft","candidate_needs_technical_confirmation_not_current_supplier_catalog"
"2026-07-19","historical Mobilax-derived catalog snapshot (supplier label scrubbed)","SAMSUNG-2026-05-27","3000000025826","Premium Camera Samsung Galaxy S10 G973/Galaxy S10 Plus G975 16MP+12MP+12MP","Samsung","Fotocamere","A","Galaxy S10 G973","","","Galaxy S10 Plus G975 | Galaxy S10 G973","2","0","draft","candidate_needs_technical_confirmation_not_current_supplier_catalog"
"2026-07-19","historical Mobilax-derived catalog snapshot (supplier label scrubbed)","SAMSUNG-2026-05-27","3000000025932","Premium Front Camera Samsung Galaxy S10e G970/Galaxy S10 G973 10MP","Samsung","Fotocamere","A","Galaxy S10 G973","","","Galaxy S10E G970 | Galaxy S10 G973","2","0","draft","candidate_needs_technical_confirmation_not_current_supplier_catalog"
"2026-07-19","historical Mobilax-derived catalog snapshot (supplier label scrubbed)","SAMSUNG-2026-05-25","3000000026786","Original Battery Samsung Galaxy A50 A505/Galaxy A30 A305/Galaxy A20 A205 GH82-19269A GH82-21183A  EB-BA505ABU","Samsung","Batterie","A","Galaxy A20 A205","","","Galaxy A20 A205 | Galaxy A30 A305 | Galaxy A50 A505","3","0","draft","candidate_needs_technical_confirmation_not_current_supplier_catalog"
"2026-07-19","historical Mobilax-derived catalog snapshot (supplier label scrubbed)","HONOR-2026-05-27","3000000028315","Premium Battery Huawei P Smart Z Honor 9X/9X Pro HB446486ECW","Honor","Batterie","A","9X","","","9X | 9X Pro","2","0","draft","candidate_needs_technical_confirmation_not_current_supplier_catalog"
"2026-07-19","historical Mobilax-derived catalog snapshot (supplier label scrubbed)","HONOR-2026-05-27","3000000028780","OEM Display Touchscreen Honor 20 Pro/20 Huawei Nova 5T Black","Honor","Schermi","A","20","","","20 | 20 Pro","2","0","draft","candidate_needs_technical_confirmation_not_current_supplier_catalog"
"2026-07-19","historical Mobilax-derived catalog snapshot (supplier label scrubbed)","SAMSUNG-2026-05-27","3000000029954","Premium Inner Earpiece Samsung Galaxy Note 10 Plus N975/Galaxy Note 9 N960/Galaxy S10 G973/Galaxy S9 Plus G965","Samsung","Speaker","A","Galaxy S9 Plus G965","","","Galaxy S10 G973 | Galaxy S9 Plus G965","2","0","draft","candidate_needs_technical_confirmation_not_current_supplier_catalog"
"2026-07-19","historical Mobilax-derived catalog snapshot (supplier label scrubbed)","2026-05-25","3000000030790","Sound Circuit Apple iPhone 6S/iPhone 6S Plus/iPhone 7/iPhone 7 Plus U3500/U3101","Apple","Flat Cable","A","iPhone 6S","","","iPhone 6S | iPhone 6S Plus | iPhone 7 | iPhone 7 Plus","4","0","draft","candidate_needs_technical_confirmation_not_current_supplier_catalog"
"2026-07-19","historical Mobilax-derived catalog snapshot (supplier label scrubbed)","2026-05-25","3000000030806","Touch Circuit Apple iPhone 6/iPhone 6 Plus (U2402)","Apple","Flat Cable","A","iPhone 6","","","iPhone 6 | iPhone 6 Plus","2","0","draft","candidate_needs_technical_confirmation_not_current_supplier_catalog"
"2026-07-19","historical Mobilax-derived catalog snapshot (supplier label scrubbed)","2026-05-25","3000000030813","Touch Circuit Apple iPhone 5C/iPhone 5S (U15)","Apple","Flat Cable","A","iPhone 5C","","","iPhone 5C | iPhone 5S","2","0","draft","candidate_needs_technical_confirmation_not_current_supplier_catalog"
"2026-07-19","historical Mobilax-derived catalog snapshot (supplier label scrubbed)","2026-05-25","3000000030844","Filtered Apple iPhone 6/iPhone 6 Plus/iPhone 6S/iPhone 6S Plus FL4211","Apple","Flat Cable","A","iPhone 6","","","iPhone 6 | iPhone 6 Plus | iPhone 6S | iPhone 6S Plus","4","0","draft","candidate_needs_technical_confirmation_not_current_supplier_catalog"
"2026-07-19","historical Mobilax-derived catalog snapshot (supplier label scrubbed)","2026-05-25","3000000030851","Condenser Apple iPhone 6/iPhone 6 Plus C1531","Apple","Flat Cable","A","iPhone 6","","","iPhone 6 | iPhone 6 Plus","2","0","draft","candidate_needs_technical_confirmation_not_current_supplier_catalog"
"2026-07-19","historical Mobilax-derived catalog snapshot (supplier label scrubbed)","2026-05-25","3000000030868","Condenser Apple iPhone 6S/iPhone 6S Plus C4023","Apple","Flat Cable","A","iPhone 6S","","","iPhone 6S | iPhone 6S Plus","2","0","draft","candidate_needs_technical_confirmation_not_current_supplier_catalog"
"2026-07-19","historical Mobilax-derived catalog snapshot (supplier label scrubbed)","2026-05-25","3000000030875","Backlight Circuit Apple iPhone 6S/iPhone 6S Plus U4020","Apple","Back Cover","A","iPhone 6S","","","iPhone 6S | iPhone 6S Plus","2","0","draft","candidate_needs_technical_confirmation_not_current_supplier_catalog"
"2026-07-19","historical Mobilax-derived catalog snapshot (supplier label scrubbed)","2026-05-25","3000000030882","Coil Backlight Apple iPhone 6/iPhone 6 Plus L1503","Apple","Back Cover","A","iPhone 6","","","iPhone 6 | iPhone 6 Plus","2","0","draft","candidate_needs_technical_confirmation_not_current_supplier_catalog"
"2026-07-19","historical Mobilax-derived catalog snapshot (supplier label scrubbed)","2026-05-25","3000000030899","Coil Backlight Apple iPhone 6S/iPhone 6S Plus L4021","Apple","Back Cover","A","iPhone 6S","","","iPhone 6S | iPhone 6S Plus","2","0","draft","candidate_needs_technical_confirmation_not_current_supplier_catalog"
"2026-07-19","historical Mobilax-derived catalog snapshot (supplier label scrubbed)","2026-05-25","3000000030905","Circuit Display Apple iPhone 6/iPhone 6 Plus U1501","Apple","Schermi","A","iPhone 6","","","iPhone 6 | iPhone 6 Plus","2","0","draft","candidate_needs_technical_confirmation_not_current_supplier_catalog"
"2026-07-19","historical Mobilax-derived catalog snapshot (supplier label scrubbed)","2026-05-25","3000000030912","Circuit Display Apple iPhone 6S/iPhone 6S Plus U4000","Apple","Schermi","A","iPhone 6S","","","iPhone 6S | iPhone 6S Plus","2","0","draft","candidate_needs_technical_confirmation_not_current_supplier_catalog"
"2026-07-19","historical Mobilax-derived catalog snapshot (supplier label scrubbed)","XIAOMI-2026-05-27","3000000032077","OEM Display Touchscreen Xiaomi Mi 9T Pro/Mi 9T Black","Xiaomi","Schermi","A","Mi 9T","","","Mi 9T | Mi 9T Pro","2","0","draft","candidate_needs_technical_confirmation_not_current_supplier_catalog"
"2026-07-19","historical Mobilax-derived catalog snapshot (supplier label scrubbed)","SAMSUNG-2026-05-25","3000000033043","Premium Inner Earpiece Samsung Galaxy A10 A105/Galaxy A51 5G A516/Galaxy A32 5G A326","Samsung","Speaker","A","Galaxy A10 A105","","","Galaxy A10 A105 | Galaxy A32 5G A326 | Galaxy A51 5G A516","3","0","draft","candidate_needs_technical_confirmation_not_current_supplier_catalog"
"2026-07-19","historical Mobilax-derived catalog snapshot (supplier label scrubbed)","SAMSUNG-2026-05-25","3000000033128","Premium Power and Volume Flex Cable Samsung Galaxy A10 A105/Galaxy A20e A202","Samsung","Flat Cable","A","Galaxy A10 A105","","","Galaxy A10 A105 | Galaxy A20E A202","2","0","draft","candidate_needs_technical_confirmation_not_current_supplier_catalog"
"2026-07-19","historical Mobilax-derived catalog snapshot (supplier label scrubbed)","SAMSUNG-2026-05-25","3000000033326","Premium SIM Reader Samsung Galaxy A40 A405/Galaxy A20e A202","Samsung","Flat Cable","A","Galaxy A20E A202","","","Galaxy A20E A202 | Galaxy A40 A405","2","0","draft","candidate_needs_technical_confirmation_not_current_supplier_catalog"
"2026-07-19","historical Mobilax-derived catalog snapshot (supplier label scrubbed)","SAMSUNG-2026-05-25","3000000033340","Premium Power and Volume Flex Cable Samsung Galaxy A40 A405/Galaxy A50 A505","Samsung","Flat Cable","A","Galaxy A40 A405","","","Galaxy A40 A405 | Galaxy A50 A505","2","0","draft","candidate_needs_technical_confirmation_not_current_supplier_catalog"
"2026-07-19","historical Mobilax-derived catalog snapshot (supplier label scrubbed)","SAMSUNG-2026-05-25","3000000033432","Premium Lens Samsung Galaxy A70 A705/Galaxy A50 A505","Samsung","Fotocamere","A","Galaxy A50 A505","","","Galaxy A50 A505 | Galaxy A70 A705","2","0","draft","candidate_needs_technical_confirmation_not_current_supplier_catalog"
"2026-07-19","historical Mobilax-derived catalog snapshot (supplier label scrubbed)","XIAOMI-2026-05-27","3000000034170","Premium Battery Xiaomi Mi 9T Pro BP40","Xiaomi","Batterie","A","Mi 9T Pro","","","Mi 9T Pro | Redmi Note 9T","2","0","draft","candidate_needs_technical_confirmation_not_current_supplier_catalog"
"2026-07-19","historical Mobilax-derived catalog snapshot (supplier label scrubbed)","XIAOMI-2026-05-27","3000000034187","Premium Dock Connector Xiaomi Mi 9T/Mi 9T Pro (With SIM Reader)","Xiaomi","Connettori","A","Mi 9T","","","Mi 9T | Mi 9T Pro","2","0","draft","candidate_needs_technical_confirmation_not_current_supplier_catalog"
"2026-07-19","historical Mobilax-derived catalog snapshot (supplier label scrubbed)","XIAOMI-2026-05-27","3000000034491","Premium Battery Xiaomi Mi 9 Lite/Mi A3 BM4F","Xiaomi","Batterie","A","Mi 9 Lite","","","Mi 9 Lite | Mi A3","2","0","draft","candidate_needs_technical_confirmation_not_current_supplier_catalog"
"2026-07-19","historical Mobilax-derived catalog snapshot (supplier label scrubbed)","XIAOMI-2026-05-27","3000000034682","Oled Display Touchscreen Xiaomi Mi Note 10/Mi Note 10 Lite/Mi Note 10 Pro (Original Size) Black","Xiaomi","Schermi","A","Mi Note 10","","","Mi Note 10 | Mi Note 10 Lite | Mi Note 10 Pro","3","0","draft","candidate_needs_technical_confirmation_not_current_supplier_catalog"
"2026-07-19","historical Mobilax-derived catalog snapshot (supplier label scrubbed)","XIAOMI-2026-05-27","3000000034699","Premium Battery Xiaomi Mi Note 10/Mi Note 10 Lite BM52","Xiaomi","Batterie","A","Mi Note 10","","","Mi Note 10 | Mi Note 10 Lite","2","0","draft","candidate_needs_technical_confirmation_not_current_supplier_catalog"
"2026-07-19","historical Mobilax-derived catalog snapshot (supplier label scrubbed)","2026-05-25","3000000036044","Battery Adhesive Stickers Apple iPhone 8/iPhone SE (2nd Gen)/iPhone SE (3e Gen)","Apple","Batterie","A","iPhone 8","","","iPhone 8 | iPhone SE 2nd Gen | iPhone SE 3rd Gen","3","0","draft","candidate_needs_technical_confirmation_not_current_supplier_catalog"
"2026-07-19","historical Mobilax-derived catalog snapshot (supplier label scrubbed)","SAMSUNG-2026-05-25","3000000036679","Premium Front Camera Samsung Galaxy A71 A715/Galaxy M51 M515/Galaxy M52 5G M526 32MP","Samsung","Fotocamere","A","Galaxy A71 A715","","","Galaxy A71 A715 | Galaxy M51 M515 | Galaxy M52 5G M526","3","0","draft","candidate_needs_technical_confirmation_not_current_supplier_catalog"
"2026-07-19","historical Mobilax-derived catalog snapshot (supplier label scrubbed)","SAMSUNG-2026-05-27","3000000037041","Original Display Touchscreen Samsung Galaxy S20 G980/Galaxy S20 5G G981 GH82-22123D GH82-22131D  GH82-31433D GH82-31432D  Blue","Samsung","Schermi","A","Galaxy S20 5G G981","","","Galaxy S20 5G G981 | Galaxy S20 G980","2","0","draft","candidate_needs_technical_confirmation_not_current_supplier_catalog"
"2026-07-19","historical Mobilax-derived catalog snapshot (supplier label scrubbed)","SAMSUNG-2026-05-27","3000000037058","Original Display Touchscreen Samsung Galaxy S20 G980/Galaxy S20 5G G981 GH82-22123C GH82-22131C GH82-31434C Pink","Samsung","Schermi","A","Galaxy S20 5G G981","","","Galaxy S20 5G G981 | Galaxy S20 G980","2","0","draft","candidate_needs_technical_confirmation_not_current_supplier_catalog"
"2026-07-19","historical Mobilax-derived catalog snapshot (supplier label scrubbed)","SAMSUNG-2026-05-27","3000000037065","Original Display Touchscreen Samsung Galaxy S20 G980/Galaxy S20 5G G981 GH82-22123A GH82-22131A GH82-31432A GH82-31433A Grey","Samsung","Schermi","A","Galaxy S20 5G G981","","","Galaxy S20 5G G981 | Galaxy S20 G980","2","0","draft","candidate_needs_technical_confirmation_not_current_supplier_catalog"
"2026-07-19","historical Mobilax-derived catalog snapshot (supplier label scrubbed)","SAMSUNG-2026-05-27","3000000037072","Original Display Touchscreen Samsung Galaxy S20 Plus 5G G986/Galaxy S20 Plus G985 GH82-22134A GH82-22145A GH82-31441A GH82-31445A Black","Samsung","Schermi","A","Galaxy S20 Plus 5G G986","","","Galaxy S20 Plus G985 | Galaxy S20 Plus 5G G986","2","0","draft","candidate_needs_technical_confirmation_not_current_supplier_catalog"
"2026-07-19","historical Mobilax-derived catalog snapshot (supplier label scrubbed)","SAMSUNG-2026-05-27","3000000038062","Original Battery Samsung Galaxy S20 G980/Galaxy S20 5G G981 GH82-22122A EB-BG980ABY","Samsung","Batterie","A","Galaxy S20 5G G981","","","Galaxy S20 5G G981 | Galaxy S20 G980","2","0","draft","candidate_needs_technical_confirmation_not_current_supplier_catalog"
"2026-07-19","historical Mobilax-derived catalog snapshot (supplier label scrubbed)","SAMSUNG-2026-05-27","3000000038079","Original Back Cover Samsung Galaxy S20 G980/Galaxy S20 5G G981 GH82-21576A GH82-22068A Grey","Samsung","Back Cover","A","Galaxy S20 5G G981","","","Galaxy S20 5G G981 | Galaxy S20 G980","2","0","draft","candidate_needs_technical_confirmation_not_current_supplier_catalog"
"2026-07-19","historical Mobilax-derived catalog snapshot (supplier label scrubbed)","SAMSUNG-2026-05-27","3000000038086","Original Back Cover Samsung Galaxy S20 G980/Galaxy S20 5G G981 GH82-22068D Blue","Samsung","Back Cover","A","Galaxy S20 5G G981","","","Galaxy S20 5G G981 | Galaxy S20 G980","2","0","draft","candidate_needs_technical_confirmation_not_current_supplier_catalog"
"2026-07-19","historical Mobilax-derived catalog snapshot (supplier label scrubbed)","SAMSUNG-2026-05-27","3000000038093","Original Back Cover Samsung Galaxy S20 G980/Galaxy S20 5G G981 GH82-22068C GH82-21576C Pink","Samsung","Back Cover","A","Galaxy S20 5G G981","","","Galaxy S20 5G G981 | Galaxy S20 G980","2","0","draft","candidate_needs_technical_confirmation_not_current_supplier_catalog"
"2026-07-19","historical Mobilax-derived catalog snapshot (supplier label scrubbed)","SAMSUNG-2026-05-27","3000000038109","Premium Camera Samsung Galaxy S20 G980/Galaxy S20 5G G981 64MP+12MP","Samsung","Fotocamere","A","Galaxy S20 5G G981","","","Galaxy S20 5G G981 | Galaxy S20 G980","2","0","draft","candidate_needs_technical_confirmation_not_current_supplier_catalog"
"2026-07-19","historical Mobilax-derived catalog snapshot (supplier label scrubbed)","SAMSUNG-2026-05-27","3000000038116","Premium Front Camera Samsung Galaxy S20 G980/Galaxy S20 Plus G985 10MP","Samsung","Fotocamere","A","Galaxy S20 G980","","","Galaxy S20 Plus G985 | Galaxy S20 G980","2","0","draft","candidate_needs_technical_confirmation_not_current_supplier_catalog"
"2026-07-19","historical Mobilax-derived catalog snapshot (supplier label scrubbed)","SAMSUNG-2026-05-27","3000000038123","Original Dock Connector Samsung Galaxy S20 G980/Galaxy S20 5G G981 GH96-13080A","Samsung","Connettori","A","Galaxy S20 5G G981","","","Galaxy S20 5G G981 | Galaxy S20 G980","2","0","draft","candidate_needs_technical_confirmation_not_current_supplier_catalog"
"2026-07-19","historical Mobilax-derived catalog snapshot (supplier label scrubbed)","SAMSUNG-2026-05-27","3000000038130","Original Back Cover Samsung Galaxy S20 Plus 5G G986/Galaxy S20 Plus G985 GH82-21634A GH82-22032A Black","Samsung","Back Cover","A","Galaxy S20 Plus 5G G986","","","Galaxy S20 Plus G985 | Galaxy S20 Plus 5G G986","2","0","draft","candidate_needs_technical_confirmation_not_current_supplier_catalog"
"2026-07-19","historical Mobilax-derived catalog snapshot (supplier label scrubbed)","SAMSUNG-2026-05-27","3000000038147","Original Back Cover Samsung Galaxy S20 Plus 5G G986/Galaxy S20 Plus G985 GH82-21634E Grey","Samsung","Back Cover","A","Galaxy S20 Plus 5G G986","","","Galaxy S20 Plus G985 | Galaxy S20 Plus 5G G986","2","0","draft","candidate_needs_technical_confirmation_not_current_supplier_catalog"
"2026-07-19","historical Mobilax-derived catalog snapshot (supplier label scrubbed)","SAMSUNG-2026-05-27","3000000038154","Original Back Cover Samsung Galaxy S20 Plus 5G G986/Galaxy S20 Plus G985 GH82-21634D GH82-22032D Blue","Samsung","Back Cover","A","Galaxy S20 Plus 5G G986","","","Galaxy S20 Plus G985 | Galaxy S20 Plus 5G G986","2","0","draft","candidate_needs_technical_confirmation_not_current_supplier_catalog"
"2026-07-19","historical Mobilax-derived catalog snapshot (supplier label scrubbed)","2026-05-25","3000000038628","Original Pulled Camera Apple iPhone 11 Pro/iPhone 11 Pro Max 12MP+12MP+12MP","Apple","Fotocamere","A","iPhone 11 Pro","","","iPhone 11 Pro | iPhone 11 Pro Max","2","0","draft","candidate_needs_technical_confirmation_not_current_supplier_catalog"
"2026-07-19","historical Mobilax-derived catalog snapshot (supplier label scrubbed)","2026-05-25","3000000038635","SIM Card Tray Apple iPhone 11 Pro/iPhone 11 Pro Max Silver","Apple","Flat Cable","A","iPhone 11 Pro","","","iPhone 11 Pro | iPhone 11 Pro Max","2","0","draft","candidate_needs_technical_confirmation_not_current_supplier_catalog"
"2026-07-19","historical Mobilax-derived catalog snapshot (supplier label scrubbed)","2026-05-25","3000000038642","SIM Card Tray Apple iPhone 11 Pro/iPhone 11 Pro Max Green Night","Apple","Flat Cable","A","iPhone 11 Pro","","","iPhone 11 Pro | iPhone 11 Pro Max","2","0","draft","candidate_needs_technical_confirmation_not_current_supplier_catalog"
"2026-07-19","historical Mobilax-derived catalog snapshot (supplier label scrubbed)","2026-05-25","3000000038659","SIM Card Tray Apple iPhone 11 Pro/iPhone 11 Pro Max Gold","Apple","Flat Cable","A","iPhone 11 Pro","","","iPhone 11 Pro | iPhone 11 Pro Max","2","0","draft","candidate_needs_technical_confirmation_not_current_supplier_catalog"
"2026-07-19","historical Mobilax-derived catalog snapshot (supplier label scrubbed)","2026-05-25","3000000038666","SIM Card Tray Apple iPhone 11 Pro/iPhone 11 Pro Max Black","Apple","Flat Cable","A","iPhone 11 Pro","","","iPhone 11 Pro | iPhone 11 Pro Max","2","0","draft","candidate_needs_technical_confirmation_not_current_supplier_catalog"
"2026-07-19","historical Mobilax-derived catalog snapshot (supplier label scrubbed)","XIAOMI-2026-05-27","3000000038932","Premium Connection Flex Cable Xiaomi Mi 9T/Mi 9T Pro","Xiaomi","Flat Cable","A","Mi 9T","","","Mi 9T | Mi 9T Pro","2","0","draft","candidate_needs_technical_confirmation_not_current_supplier_catalog"
"2026-07-19","historical Mobilax-derived catalog snapshot (supplier label scrubbed)","XIAOMI-2026-05-27","3000000038949","Premium Camera Xiaomi Mi 9T/Mi 9T Pro 48MP+8MP","Xiaomi","Fotocamere","A","Mi 9T","","","Mi 9T | Mi 9T Pro","2","0","draft","candidate_needs_technical_confirmation_not_current_supplier_catalog"
"2026-07-19","historical Mobilax-derived catalog snapshot (supplier label scrubbed)","XIAOMI-2026-05-27","3000000038956","Premium Power and Volume Flex Cable Xiaomi Mi 9T/Mi 9T Pro","Xiaomi","Flat Cable","A","Mi 9T","","","Mi 9T | Mi 9T Pro","2","0","draft","candidate_needs_technical_confirmation_not_current_supplier_catalog"
"2026-07-19","historical Mobilax-derived catalog snapshot (supplier label scrubbed)","XIAOMI-2026-05-27","3000000038963","Premium lens holder Xiaomi Mi 9T/Mi 9T Pro","Xiaomi","Fotocamere","A","Mi 9T","","","Mi 9T | Mi 9T Pro","2","0","draft","candidate_needs_technical_confirmation_not_current_supplier_catalog"
"2026-07-19","historical Mobilax-derived catalog snapshot (supplier label scrubbed)","SAMSUNG-2026-05-27","3000000040300","Premium Inner Earpiece Samsung Galaxy S20 G980/Galaxy S20 5G G981","Samsung","Speaker","A","Galaxy S20 5G G981","","","Galaxy S20 5G G981 | Galaxy S20 G980","2","0","draft","candidate_needs_technical_confirmation_not_current_supplier_catalog"
"2026-07-19","historical Mobilax-derived catalog snapshot (supplier label scrubbed)","XIAOMI-2026-05-27","3000000040515","Original Pulled Display Touchscreen Xiaomi Mi 10/Mi 10 Pro (Version S) Black","Xiaomi","Schermi","A","Mi 10","","","Mi 10 | Mi 10 Pro","2","0","draft","candidate_needs_technical_confirmation_not_current_supplier_catalog"
"2026-07-19","historical Mobilax-derived catalog snapshot (supplier label scrubbed)","SAMSUNG-2026-05-27","3000000040843","Original Battery Samsung Galaxy S20 Plus G985/Galaxy S20 Plus 5G G986 GH82-22133A EB-BG985ABY","Samsung","Batterie","A","Galaxy S20 Plus 5G G986","","","Galaxy S20 Plus G985 | Galaxy S20 Plus 5G G986","2","0","draft","candidate_needs_technical_confirmation_not_current_supplier_catalog"
"2026-07-19","historical Mobilax-derived catalog snapshot (supplier label scrubbed)","SAMSUNG-2026-05-27","3000000041048","Premium Volume Flex Cable Samsung Galaxy S10 G973/Galaxy S10 Plus G975","Samsung","Flat Cable","A","Galaxy S10 G973","","","Galaxy S10 Plus G975 | Galaxy S10 G973","2","0","draft","candidate_needs_technical_confirmation_not_current_supplier_catalog"
"2026-07-19","historical Mobilax-derived catalog snapshot (supplier label scrubbed)","SAMSUNG-2026-05-27","3000000041055","Premium Jack Flex Cable Samsung Galaxy S10e G970/Galaxy S10 G973/Galaxy S10 Plus G975/Galaxy Tab Active5 Pro 5G X356","Samsung","Flat Cable","A","Galaxy S10 G973","","","Galaxy S10 Plus G975 | Galaxy S10E G970 | Galaxy S10 G973","3","0","draft","candidate_needs_technical_confirmation_not_current_supplier_catalog"
"2026-07-19","historical Mobilax-derived catalog snapshot (supplier label scrubbed)","SAMSUNG-2026-05-27","3000000041062","Premium Power Flex Cable Samsung Galaxy S10 G973/Galaxy S10 Plus G975","Samsung","Flat Cable","A","Galaxy S10 G973","","","Galaxy S10 Plus G975 | Galaxy S10 G973","2","0","draft","candidate_needs_technical_confirmation_not_current_supplier_catalog"
"2026-07-19","historical Mobilax-derived catalog snapshot (supplier label scrubbed)","SAMSUNG-2026-05-25","3000000042397","Premium Front Camera Samsung Galaxy A51 A515/Galaxy A51 5G A516/Galaxy M31s M317 32MP","Samsung","Fotocamere","A","Galaxy A51 5G A516","","","Galaxy A51 5G A516 | Galaxy A51 A515","2","0","draft","candidate_needs_technical_confirmation_not_current_supplier_catalog"
"2026-07-19","historical Mobilax-derived catalog snapshot (supplier label scrubbed)","SAMSUNG-2026-05-27","3000000042588","Premium Connection Flex Cable Samsung Galaxy S20 G980/Galaxy S20 5G G981","Samsung","Flat Cable","A","Galaxy S20 5G G981","","","Galaxy S20 5G G981 | Galaxy S20 G980","2","0","draft","candidate_needs_technical_confirmation_not_current_supplier_catalog"
"2026-07-19","historical Mobilax-derived catalog snapshot (supplier label scrubbed)","SAMSUNG-2026-05-27","3000000042601","Premium Connection Flex Cable Samsung Galaxy S20 Plus 5G G986","Samsung","Flat Cable","A","Galaxy S20 Plus 5G G986","","","Galaxy S20 Plus G985 | Galaxy S20 Plus 5G G986","2","0","draft","candidate_needs_technical_confirmation_not_current_supplier_catalog"
"2026-07-19","historical Mobilax-derived catalog snapshot (supplier label scrubbed)","SAMSUNG-2026-05-27","3000000042687","Premium Lens Samsung Galaxy S20 Plus 5G G986/Galaxy S20 Plus G985","Samsung","Fotocamere","A","Galaxy S20 Plus 5G G986","","","Galaxy S20 Plus G985 | Galaxy S20 Plus 5G G986","2","0","draft","candidate_needs_technical_confirmation_not_current_supplier_catalog"
"2026-07-19","historical Mobilax-derived catalog snapshot (supplier label scrubbed)","SAMSUNG-2026-05-25","3000000042885","Premium Fingerprint Reader Samsung Galaxy A50 A505/Galaxy A80 A805 (Sensor)","Samsung","Flat Cable","A","Galaxy A50 A505","","","Galaxy A50 A505 | Galaxy A80 A805","2","0","draft","candidate_needs_technical_confirmation_not_current_supplier_catalog"
"2026-07-19","historical Mobilax-derived catalog snapshot (supplier label scrubbed)","SAMSUNG-2026-05-25","3000000043318","Premium Power and Volume Flex Cable Samsung Galaxy A41 A415/Galaxy A31 A315","Samsung","Flat Cable","A","Galaxy A31 A315","","","Galaxy A31 A315 | Galaxy A41 A415","2","0","draft","candidate_needs_technical_confirmation_not_current_supplier_catalog"
"2026-07-19","historical Mobilax-derived catalog snapshot (supplier label scrubbed)","OPPO-2026-05-27","3000000043660","Oled Display Touchscreen OPPO Find X2 Lite/Reno3 CPH2005 Black","OPPO","Schermi","A","Find X2 Lite","","","Find X2 Lite | RENO3","2","0","draft","candidate_needs_technical_confirmation_not_current_supplier_catalog"
"2026-07-19","historical Mobilax-derived catalog snapshot (supplier label scrubbed)","OPPO-2026-05-27","3000000043677","Premium Battery OPPO Find X2 Lite/Find X2 Neo BLP755","OPPO","Batterie","A","Find X2 Lite","","","Find X2 Lite | Find X2 Neo","2","0","draft","candidate_needs_technical_confirmation_not_current_supplier_catalog"
"2026-07-19","historical Mobilax-derived catalog snapshot (supplier label scrubbed)","SAMSUNG-2026-05-25","3000000044308","Original Battery Samsung Galaxy Note 20 5G N981/Galaxy Note 20 N980 GH82-23496A EB-BN981ABY","Samsung","Batterie","A","Galaxy Note 20 5G N981","","","Galaxy Note 20 5G N981 | Galaxy Note 20 N980","2","0","draft","candidate_needs_technical_confirmation_not_current_supplier_catalog"
"2026-07-19","historical Mobilax-derived catalog snapshot (supplier label scrubbed)","SAMSUNG-2026-05-25","3000000044315","Original Display Touchscreen Samsung Galaxy Note 20 5G N981/Galaxy Note 20 N980 GH82-23495C GH82-23733C Mystic Green","Samsung","Schermi","A","Galaxy Note 20 5G N981","","","Galaxy Note 20 5G N981 | Galaxy Note 20 N980","2","0","draft","candidate_needs_technical_confirmation_not_current_supplier_catalog"
"2026-07-19","historical Mobilax-derived catalog snapshot (supplier label scrubbed)","SAMSUNG-2026-05-25","3000000044322","Original Display Touchscreen Samsung Galaxy Note 20 5G N981/Galaxy Note 20 N980 GH82-23495A GH82-23733A Mystic Gray","Samsung","Schermi","A","Galaxy Note 20 5G N981","","","Galaxy Note 20 5G N981 | Galaxy Note 20 N980","2","0","draft","candidate_needs_technical_confirmation_not_current_supplier_catalog"
"2026-07-19","historical Mobilax-derived catalog snapshot (supplier label scrubbed)","SAMSUNG-2026-05-25","3000000044339","Original Display Touchscreen Samsung Galaxy Note 20 5G N981/Galaxy Note 20 N980 GH82-23495B GH82-23733B Mystic Bronze","Samsung","Schermi","A","Galaxy Note 20 5G N981","","","Galaxy Note 20 5G N981 | Galaxy Note 20 N980","2","0","draft","candidate_needs_technical_confirmation_not_current_supplier_catalog"
"2026-07-19","historical Mobilax-derived catalog snapshot (supplier label scrubbed)","SAMSUNG-2026-05-25","3000000044346","Premium Dock Connector Samsung Galaxy Note 20 5G N981/Galaxy Note 20 N980","Samsung","Connettori","A","Galaxy Note 20 5G N981","","","Galaxy Note 20 5G N981 | Galaxy Note 20 N980","2","0","draft","candidate_needs_technical_confirmation_not_current_supplier_catalog"
"2026-07-19","historical Mobilax-derived catalog snapshot (supplier label scrubbed)","SAMSUNG-2026-05-25","3000000044384","Original Camera Samsung Galaxy Note 20 5G N981/Galaxy Note 20 N980 GH96-13561A 64MP+12MP","Samsung","Fotocamere","A","Galaxy Note 20 5G N981","","","Galaxy Note 20 5G N981 | Galaxy Note 20 N980","2","0","draft","candidate_needs_technical_confirmation_not_current_supplier_catalog"
"2026-07-19","historical Mobilax-derived catalog snapshot (supplier label scrubbed)","SAMSUNG-2026-05-27","3000000044391","Original Display Touchscreen Samsung Galaxy S20 G980/Galaxy S20 5G G981 GH82-22131B GH82-22123B  GH82-31433B GH82-31432B  White","Samsung","Schermi","A","Galaxy S20 5G G981","","","Galaxy S20 5G G981 | Galaxy S20 G980","2","0","draft","candidate_needs_technical_confirmation_not_current_supplier_catalog"
"2026-07-19","historical Mobilax-derived catalog snapshot (supplier label scrubbed)","SAMSUNG-2026-05-25","3000000044452","Premium Front Camera Samsung Galaxy Note 20 5G N981/Galaxy Note 20 N980 10MP","Samsung","Fotocamere","A","Galaxy Note 20 5G N981","","","Galaxy Note 20 5G N981 | Galaxy Note 20 N980","2","0","draft","candidate_needs_technical_confirmation_not_current_supplier_catalog"
"2026-07-19","historical Mobilax-derived catalog snapshot (supplier label scrubbed)","SAMSUNG-2026-05-25","3000000044476","Premium Sim Tray Samsung Galaxy Note 20 5G N981/Galaxy Note 20 N980 Mystic Bronze","Samsung","Flat Cable","A","Galaxy Note 20 5G N981","","","Galaxy Note 20 5G N981 | Galaxy Note 20 N980","2","0","draft","candidate_needs_technical_confirmation_not_current_supplier_catalog"
"2026-07-19","historical Mobilax-derived catalog snapshot (supplier label scrubbed)","SAMSUNG-2026-05-25","3000000044483","Premium Sim Tray Samsung Galaxy Note 20 5G N981/Galaxy Note 20 N980 Mystic Green","Samsung","Flat Cable","A","Galaxy Note 20 5G N981","","","Galaxy Note 20 5G N981 | Galaxy Note 20 N980","2","0","draft","candidate_needs_technical_confirmation_not_current_supplier_catalog"
"2026-07-19","historical Mobilax-derived catalog snapshot (supplier label scrubbed)","SAMSUNG-2026-05-25","3000000044490","Premium Sim Tray Samsung Galaxy Note 20 5G N981/Galaxy Note 20 N980 Mystic Gray","Samsung","Flat Cable","A","Galaxy Note 20 5G N981","","","Galaxy Note 20 5G N981 | Galaxy Note 20 N980","2","0","draft","candidate_needs_technical_confirmation_not_current_supplier_catalog"
"2026-07-19","historical Mobilax-derived catalog snapshot (supplier label scrubbed)","SAMSUNG-2026-05-25","3000000044513","Premium Loudspeaker Samsung Galaxy Note 20 5G N981/Galaxy Note 20 N980","Samsung","Speaker","A","Galaxy Note 20 5G N981","","","Galaxy Note 20 5G N981 | Galaxy Note 20 N980","2","0","draft","candidate_needs_technical_confirmation_not_current_supplier_catalog"
"2026-07-19","historical Mobilax-derived catalog snapshot (supplier label scrubbed)","SAMSUNG-2026-05-27","3000000044865","Premium Power Flex Cable Samsung Galaxy S9 G960/Galaxy S9 Plus G965","Samsung","Flat Cable","A","Galaxy S9 G960","","","Galaxy S9 G960 | Galaxy S9 Plus G965","2","0","draft","candidate_needs_technical_confirmation_not_current_supplier_catalog"
"2026-07-19","historical Mobilax-derived catalog snapshot (supplier label scrubbed)","SAMSUNG-2026-05-27","3000000044872","Premium Sim Tray Samsung Galaxy S10e G970/Galaxy S10 G973/Galaxy S10 Plus G975 White","Samsung","Flat Cable","A","Galaxy S10 G973","","","Galaxy S10 Plus G975 | Galaxy S10E G970 | Galaxy S10 G973","3","0","draft","candidate_needs_technical_confirmation_not_current_supplier_catalog"
"2026-07-19","historical Mobilax-derived catalog snapshot (supplier label scrubbed)","SAMSUNG-2026-05-27","3000000044889","Premium Sim Tray Samsung Galaxy S10e G970/Galaxy S10 G973/Galaxy S10 Plus G975 Blue","Samsung","Flat Cable","A","Galaxy S10 G973","","","Galaxy S10 Plus G975 | Galaxy S10E G970 | Galaxy S10 G973","3","0","draft","candidate_needs_technical_confirmation_not_current_supplier_catalog"
"2026-07-19","historical Mobilax-derived catalog snapshot (supplier label scrubbed)","SAMSUNG-2026-05-27","3000000044896","Premium Sim Tray Samsung Galaxy S10e G970/Galaxy S10 G973/Galaxy S10 Plus G975 Black","Samsung","Flat Cable","A","Galaxy S10 G973","","","Galaxy S10 Plus G975 | Galaxy S10E G970 | Galaxy S10 G973","3","0","draft","candidate_needs_technical_confirmation_not_current_supplier_catalog"
"2026-07-19","historical Mobilax-derived catalog snapshot (supplier label scrubbed)","SAMSUNG-2026-05-27","3000000044902","Premium Sim Tray Samsung Galaxy S10e G970/Galaxy S10 G973/Galaxy S10 Plus G975 Red","Samsung","Flat Cable","A","Galaxy S10 G973","","","Galaxy S10 Plus G975 | Galaxy S10E G970 | Galaxy S10 G973","3","0","draft","candidate_needs_technical_confirmation_not_current_supplier_catalog"
"2026-07-19","historical Mobilax-derived catalog snapshot (supplier label scrubbed)","SAMSUNG-2026-05-27","3000000044919","Premium Sim Tray Samsung Galaxy S10e G970/Galaxy S10 G973/Galaxy S10 Plus G975 Green","Samsung","Flat Cable","A","Galaxy S10 G973","","","Galaxy S10 Plus G975 | Galaxy S10E G970 | Galaxy S10 G973","3","0","draft","candidate_needs_technical_confirmation_not_current_supplier_catalog"
"2026-07-19","historical Mobilax-derived catalog snapshot (supplier label scrubbed)","SAMSUNG-2026-05-27","3000000044957","Premium Sim Tray Samsung Galaxy S20 G980/Galaxy S20 5G G981 Blue","Samsung","Flat Cable","A","Galaxy S20 5G G981","","","Galaxy S20 5G G981 | Galaxy S20 G980","2","0","draft","candidate_needs_technical_confirmation_not_current_supplier_catalog"
"2026-07-19","historical Mobilax-derived catalog snapshot (supplier label scrubbed)","SAMSUNG-2026-05-27","3000000044964","Premium Sim Tray Samsung Galaxy S20 G980/Galaxy S20 5G G981 Grey","Samsung","Flat Cable","A","Galaxy S20 5G G981","","","Galaxy S20 5G G981 | Galaxy S20 G980","2","0","draft","candidate_needs_technical_confirmation_not_current_supplier_catalog"
"2026-07-19","historical Mobilax-derived catalog snapshot (supplier label scrubbed)","SAMSUNG-2026-05-27","3000000044971","Premium Sim Tray Samsung Galaxy S20 G980/Galaxy S20 5G G981 Pink","Samsung","Flat Cable","A","Galaxy S20 5G G981","","","Galaxy S20 5G G981 | Galaxy S20 G980","2","0","draft","candidate_needs_technical_confirmation_not_current_supplier_catalog"
"2026-07-19","historical Mobilax-derived catalog snapshot (supplier label scrubbed)","SAMSUNG-2026-05-27","3000000044995","Premium Camera Samsung Galaxy S20 Plus 5G G986/Galaxy S20 Plus G985 64MP+12MP","Samsung","Fotocamere","A","Galaxy S20 Plus 5G G986","","","Galaxy S20 Plus G985 | Galaxy S20 Plus 5G G986","2","0","draft","candidate_needs_technical_confirmation_not_current_supplier_catalog"
"2026-07-19","historical Mobilax-derived catalog snapshot (supplier label scrubbed)","SAMSUNG-2026-05-27","3000000045015","Original SIM Tray Samsung Galaxy S20 Plus 5G G986/Galaxy S20 Plus G985 GH98-45005E Grey","Samsung","Flat Cable","A","Galaxy S20 Plus 5G G986","","","Galaxy S20 Plus G985 | Galaxy S20 Plus 5G G986","2","0","draft","candidate_needs_technical_confirmation_not_current_supplier_catalog"
"2026-07-19","historical Mobilax-derived catalog snapshot (supplier label scrubbed)","SAMSUNG-2026-05-27","3000000045022","Original SIM Tray Samsung Galaxy S20 Plus 5G G986/Galaxy S20 Plus G985 GH98-45005D Blue","Samsung","Flat Cable","A","Galaxy S20 Plus 5G G986","","","Galaxy S20 Plus G985 | Galaxy S20 Plus 5G G986","2","0","draft","candidate_needs_technical_confirmation_not_current_supplier_catalog"
"2026-07-19","historical Mobilax-derived catalog snapshot (supplier label scrubbed)","SAMSUNG-2026-05-27","3000000045138","Premium Proximity Flex Cable Samsung Galaxy S20 G980/Galaxy S20 5G G981","Samsung","Flat Cable","A","Galaxy S20 5G G981","","","Galaxy S20 5G G981 | Galaxy S20 G980","2","0","draft","candidate_needs_technical_confirmation_not_current_supplier_catalog"
"2026-07-19","historical Mobilax-derived catalog snapshot (supplier label scrubbed)","SAMSUNG-2026-05-27","3000000045213","Premium Loudspeaker Samsung Galaxy S20 G980/Galaxy S20 5G G981","Samsung","Speaker","A","Galaxy S20 5G G981","","","Galaxy S20 5G G981 | Galaxy S20 G980","2","0","draft","candidate_needs_technical_confirmation_not_current_supplier_catalog"
"2026-07-19","historical Mobilax-derived catalog snapshot (supplier label scrubbed)","SAMSUNG-2026-05-27","3000000045220","Premium SIM Reader Samsung Galaxy S20 G980/Galaxy S20 5G G981","Samsung","Flat Cable","A","Galaxy S20 5G G981","","","Galaxy S20 5G G981 | Galaxy S20 G980","2","0","draft","candidate_needs_technical_confirmation_not_current_supplier_catalog"
"2026-07-19","historical Mobilax-derived catalog snapshot (supplier label scrubbed)","SAMSUNG-2026-05-27","3000000045237","Premium Power and Volume Flex Cable Samsung Galaxy S20 G980/Galaxy S20 5G G981","Samsung","Flat Cable","A","Galaxy S20 5G G981","","","Galaxy S20 Plus G985 | Galaxy S20 5G G981 | Galaxy S20 Plus 5G G986 | Galaxy S20 G980","4","0","draft","candidate_needs_technical_confirmation_not_current_supplier_catalog"
"2026-07-19","historical Mobilax-derived catalog snapshot (supplier label scrubbed)","SAMSUNG-2026-05-27","3000000045244","Premium Loudspeaker Samsung Galaxy S20 Plus 5G G986/Galaxy S20 Plus G985","Samsung","Speaker","A","Galaxy S20 Plus 5G G986","","","Galaxy S20 Plus G985 | Galaxy S20 Plus 5G G986","2","0","draft","candidate_needs_technical_confirmation_not_current_supplier_catalog"
"2026-07-19","historical Mobilax-derived catalog snapshot (supplier label scrubbed)","SAMSUNG-2026-05-27","3000000045268","Premium Power and Volume Flex Cable Samsung Galaxy S20 Plus 5G G986/Galaxy S20 Plus G985","Samsung","Flat Cable","A","Galaxy S20 5G G981","","","Galaxy S20 Plus G985 | Galaxy S20 5G G981 | Galaxy S20 Plus 5G G986 | Galaxy S20 G980","4","0","draft","candidate_needs_technical_confirmation_not_current_supplier_catalog"
"2026-07-19","historical Mobilax-derived catalog snapshot (supplier label scrubbed)","HONOR-2026-05-27","3000000045350","Premium Vibrator Huawei P30 Lite Honor 20 Pro/6X/View 10","Honor","Flat Cable","A","6X","","","6X | 20 Pro | View 10","3","0","draft","candidate_needs_technical_confirmation_not_current_supplier_catalog"
"2026-07-19","historical Mobilax-derived catalog snapshot (supplier label scrubbed)","2026-05-25","3000000045374","IC Chip (Integrated Circuit) Apple iPhone 7/iPhone 7 Plus Home Button (U10 IC)","Apple","Flat Cable","A","iPhone 7","","","iPhone 7 | iPhone 7 Plus","2","0","draft","candidate_needs_technical_confirmation_not_current_supplier_catalog"
"2026-07-19","historical Mobilax-derived catalog snapshot (supplier label scrubbed)","2026-05-25","3000000045398","Motherboard Connector Apple iPhone XS iPhone XS Max, XR, 8 & 8 Plus Wireless Charging (J3500)","Apple","Connettori","A","iPhone 8","","","iPhone 8 | iPhone 8 Plus | iPhone XR | iPhone XS | iPhone XS Max","5","0","draft","candidate_needs_technical_confirmation_not_current_supplier_catalog"
"2026-07-19","historical Mobilax-derived catalog snapshot (supplier label scrubbed)","2026-05-25","3000000045404","Motherboard Connector Apple iPhone 7/iPhone 7 Plus /iPhone 8/iPhone 8 Plus GPS /WIFI (TUNFX_RF)","Apple","Connettori","A","iPhone 7","","","iPhone 7 | iPhone 7 Plus | iPhone 8 | iPhone 8 Plus","4","0","draft","candidate_needs_technical_confirmation_not_current_supplier_catalog"
"2026-07-19","historical Mobilax-derived catalog snapshot (supplier label scrubbed)","2026-05-25","3000000045411","Motherboard Connector Apple iPhone 8/iPhone 8 Plus Cellular Antenna (JLAT_EF)","Apple","Connettori","A","iPhone 8","","","iPhone 8 | iPhone 8 Plus","2","0","draft","candidate_needs_technical_confirmation_not_current_supplier_catalog"
"2026-07-19","historical Mobilax-derived catalog snapshot (supplier label scrubbed)","2026-05-25","3000000045428","IC Chip (Integrated Circuit) Apple iPhone 6S/iPhone 6S Plus Power Control (U2000)","Apple","Flat Cable","A","iPhone 6S","","","iPhone 6S | iPhone 6S Plus","2","0","draft","candidate_needs_technical_confirmation_not_current_supplier_catalog"
"2026-07-19","historical Mobilax-derived catalog snapshot (supplier label scrubbed)","2026-05-25","3000000045435","Motherboard Connector Apple iPhone 7/iPhone 7 Plus Rear Camera (J4501)","Apple","Connettori","A","iPhone 7","","","iPhone 7 | iPhone 7 Plus","2","0","draft","candidate_needs_technical_confirmation_not_current_supplier_catalog"
"2026-07-19","historical Mobilax-derived catalog snapshot (supplier label scrubbed)","2026-05-25","3000000045442","Motherboard Connector Apple iPhone 8/iPhone SE (2nd Gen)/iPhone SE (3e Gen) LCD Digitizer (J5700) (X3)","Apple","Connettori","A","iPhone 8","","","iPhone 8 | iPhone SE 2nd Gen | iPhone SE 3rd Gen","3","0","draft","candidate_needs_technical_confirmation_not_current_supplier_catalog"
"2026-07-19","historical Mobilax-derived catalog snapshot (supplier label scrubbed)","2026-05-25","3000000045459","Motherboard Connector Apple iPhone XR/iPhone XS/iPhone XS Max Buzzer (J4600)","Apple","Connettori","A","iPhone XR","","","iPhone XR | iPhone XS | iPhone XS Max","3","0","draft","candidate_needs_technical_confirmation_not_current_supplier_catalog"
"2026-07-19","historical Mobilax-derived catalog snapshot (supplier label scrubbed)","2026-05-25","3000000045466","Diode Apple iPhone 6S/iPhone 6S Plus Backlight (D4020)","Apple","Flat Cable","A","iPhone 6S","","","iPhone 6S | iPhone 6S Plus","2","0","draft","candidate_needs_technical_confirmation_not_current_supplier_catalog"
"2026-07-19","historical Mobilax-derived catalog snapshot (supplier label scrubbed)","2026-05-25","3000000045473","Motherboard Connector Apple iPhone 7/iPhone 7 Plus On/Off and Volume Button (J4504)","Apple","Connettori","A","iPhone 7","","","iPhone 7 | iPhone 7 Plus | iPhone 8 | iPhone 8 Plus","4","0","draft","candidate_needs_technical_confirmation_not_current_supplier_catalog"
"2026-07-19","historical Mobilax-derived catalog snapshot (supplier label scrubbed)","2026-05-25","3000000045541","Motherboard Connector Apple iPhone 8/iPhone 8 Plus Bouton Home 3D (J5800)","Apple","Connettori","A","iPhone 8","","","iPhone 8 | iPhone 8 Plus","2","0","draft","candidate_needs_technical_confirmation_not_current_supplier_catalog"
"2026-07-19","historical Mobilax-derived catalog snapshot (supplier label scrubbed)","2026-05-25","3000000045565","Motherboard Connector Apple iPhone 6S/iPhone 6S Plus Bouton Home (J4100)","Apple","Connettori","A","iPhone 6S","","","iPhone 6S | iPhone 6S Plus","2","0","draft","candidate_needs_technical_confirmation_not_current_supplier_catalog"
"2026-07-19","historical Mobilax-derived catalog snapshot (supplier label scrubbed)","2026-05-25","3000000045589","IC Chip (Integrated Circuit) Apple iPhone 8/iPhone 8 Plus USB Charging (U3300)","Apple","Flat Cable","A","iPhone 8","","","iPhone 8 | iPhone 8 Plus","2","0","draft","candidate_needs_technical_confirmation_not_current_supplier_catalog"
"2026-07-19","historical Mobilax-derived catalog snapshot (supplier label scrubbed)","2026-05-25","3000000045596","Motherboard Connector Apple iPhone 8/iPhone 8 Plus Visio Camera (J4200)","Apple","Connettori","A","iPhone 8","","","iPhone 8 | iPhone 8 Plus | iPhone XR","3","0","draft","candidate_needs_technical_confirmation_not_current_supplier_catalog"
"2026-07-19","historical Mobilax-derived catalog snapshot (supplier label scrubbed)","2026-05-25","3000000045602","Motherboard Connector Apple iPhone 6/iPhone 6 Plus Rear Camera (J2321)","Apple","Connettori","A","iPhone 6","","","iPhone 6 | iPhone 6 Plus","2","0","draft","candidate_needs_technical_confirmation_not_current_supplier_catalog"
"2026-07-19","historical Mobilax-derived catalog snapshot (supplier label scrubbed)","2026-05-25","3000000045626","Motherboard Connector Apple iPhone 8/iPhone X/iPhone XR/iPhone XS/iPhone XS Max /iPhone 8 Plus On/Off And Volume Button (J4300)","Apple","Connettori","A","iPhone 8","","","iPhone 8 | iPhone 8 Plus | iPhone X | iPhone XR | iPhone XS | iPhone XS Max","6","0","draft","candidate_needs_technical_confirmation_not_current_supplier_catalog"
"2026-07-19","historical Mobilax-derived catalog snapshot (supplier label scrubbed)","2026-05-25","3000000045640","Motherboard Connector Apple iPhone X/iPhone XS LCD Digitizer (J5800)","Apple","Connettori","A","iPhone X","","","iPhone X | iPhone XS","2","0","draft","candidate_needs_technical_confirmation_not_current_supplier_catalog"
"2026-07-19","historical Mobilax-derived catalog snapshot (supplier label scrubbed)","2026-05-25","3000000045657","Motherboard Connector Apple iPhone 6S/iPhone 6S Plus Video Camera (J3100)","Apple","Connettori","A","iPhone 6S","","","iPhone 6S | iPhone 6S Plus","2","0","draft","candidate_needs_technical_confirmation_not_current_supplier_catalog"
"2026-07-19","historical Mobilax-derived catalog snapshot (supplier label scrubbed)","2026-05-25","3000000045664","IC Chip (Integrated Circuit) Apple iPhone 8/iPhone 8 Plus Main Power Management (U2700)","Apple","Flat Cable","A","iPhone 8","","","iPhone 8 | iPhone 8 Plus","2","0","draft","candidate_needs_technical_confirmation_not_current_supplier_catalog"
"2026-07-19","historical Mobilax-derived catalog snapshot (supplier label scrubbed)","2026-05-25","3000000045671","Motherboard Connector Apple iPhone 8/iPhone 8 Plus/iPhone X/iPhone XR/iPhone XS Max Rear Camera iPhone XS (J4000/J3900)","Apple","Connettori","A","iPhone 8","","","iPhone 8 | iPhone 8 Plus | iPhone X | iPhone XR | iPhone XS | iPhone XS Max","6","0","draft","candidate_needs_technical_confirmation_not_current_supplier_catalog"
"2026-07-19","historical Mobilax-derived catalog snapshot (supplier label scrubbed)","2026-05-25","3000000045695","IC Chip (Integrated Circuit) Apple iPhone 6/iPhone 6 Plus Power Management (U1202)","Apple","Flat Cable","A","iPhone 6","","","iPhone 6 | iPhone 6 Plus","2","0","draft","candidate_needs_technical_confirmation_not_current_supplier_catalog"
"2026-07-19","historical Mobilax-derived catalog snapshot (supplier label scrubbed)","2026-05-25","3000000045701","Motherboard Connector Apple iPhone X/iPhone XR/iPhone XS/iPhone XS Max Dot Projector (J4500)","Apple","Connettori","A","iPhone X","","","iPhone X | iPhone XR | iPhone XS | iPhone XS Max","4","0","draft","candidate_needs_technical_confirmation_not_current_supplier_catalog"
"2026-07-19","historical Mobilax-derived catalog snapshot (supplier label scrubbed)","2026-05-25","3000000045718","Motherboard Connector Apple iPhone 7/iPhone 7 Plus Batterie (J2201)","Apple","Connettori","A","iPhone 7","","","iPhone 7 | iPhone 7 Plus","2","0","draft","candidate_needs_technical_confirmation_not_current_supplier_catalog"
"2026-07-19","historical Mobilax-derived catalog snapshot (supplier label scrubbed)","2026-05-25","3000000045725","IC Chip (Integrated Circuit) Apple iPhone XR/iPhone XS Power Management (338S00383/U2700)","Apple","Flat Cable","A","iPhone XR","","","iPhone XR | iPhone XS","2","0","draft","candidate_needs_technical_confirmation_not_current_supplier_catalog"
"2026-07-19","historical Mobilax-derived catalog snapshot (supplier label scrubbed)","2026-05-25","3000000045770","IC Chip (Integrated Circuit) Apple iPhone 7/iPhone 7 Plus USB Charging (U4001)","Apple","Flat Cable","A","iPhone 7","","","iPhone 7 | iPhone 7 Plus","2","0","draft","candidate_needs_technical_confirmation_not_current_supplier_catalog"
"2026-07-19","historical Mobilax-derived catalog snapshot (supplier label scrubbed)","2026-05-25","3000000045787","IC Chip (Integrated Circuit) Apple iPhone 6/iPhone 6 Plus WIFI/Bluetooth (U5201_RF)","Apple","Flat Cable","A","iPhone 6","","","iPhone 6 | iPhone 6 Plus","2","0","draft","candidate_needs_technical_confirmation_not_current_supplier_catalog"
"2026-07-19","historical Mobilax-derived catalog snapshot (supplier label scrubbed)","2026-05-25","3000000045817","IC Chip (Integrated Circuit) Apple iPhone 6/iPhone 6 Plus/iPhone 6S/iPhone 6S Plus/iPhone SE (1er Gen) Backlight Coil (L4050 L4020 L1503)","Apple","Flat Cable","A","iPhone 6","","","iPhone 6 | iPhone 6 Plus | iPhone 6S | iPhone 6S Plus | iPhone SE 1st Gen","5","0","draft","candidate_needs_technical_confirmation_not_current_supplier_catalog"
"2026-07-19","historical Mobilax-derived catalog snapshot (supplier label scrubbed)","2026-05-25","3000000045824","Motherboard Connector Apple iPhone 6S/iPhone 6S Plus Rear Camera (J3200)","Apple","Connettori","A","iPhone 6S","","","iPhone 6S | iPhone 6S Plus","2","0","draft","candidate_needs_technical_confirmation_not_current_supplier_catalog"
"2026-07-19","historical Mobilax-derived catalog snapshot (supplier label scrubbed)","2026-05-25","3000000045831","Motherboard Connector Apple iPhone 7/iPhone 7 Plus Visio Camera (J4503)","Apple","Connettori","A","iPhone 7","","","iPhone 7 | iPhone 7 Plus","2","0","draft","candidate_needs_technical_confirmation_not_current_supplier_catalog"
"2026-07-19","historical Mobilax-derived catalog snapshot (supplier label scrubbed)","2026-05-25","3000000045855","IC Chip (Integrated Circuit) Apple iPhone 6S/iPhone 6S Plus Flash Driver (U3300)","Apple","Flat Cable","A","iPhone 6S","","","iPhone 6S | iPhone 6S Plus","2","0","draft","candidate_needs_technical_confirmation_not_current_supplier_catalog"
"2026-07-19","historical Mobilax-derived catalog snapshot (supplier label scrubbed)","2026-05-25","3000000045862","IC Chip (Integrated Circuit) Apple iPhone 6S/iPhone 6S Plus USB Charge Control (U4500)","Apple","Flat Cable","A","iPhone 6S","","","iPhone 6S | iPhone 6S Plus","2","0","draft","candidate_needs_technical_confirmation_not_current_supplier_catalog"
"2026-07-19","historical Mobilax-derived catalog snapshot (supplier label scrubbed)","2026-05-25","3000000045879","Motherboard Connector Apple iPhone 7/iPhone 7 Plus Bouton Home (J3801)","Apple","Connettori","A","iPhone 7","","","iPhone 7 | iPhone 7 Plus","2","0","draft","candidate_needs_technical_confirmation_not_current_supplier_catalog"
"2026-07-19","historical Mobilax-derived catalog snapshot (supplier label scrubbed)","2026-05-25","3000000045886","Motherboard Connector Apple iPhone 7/iPhone 7 Plus USB Charging (J4101)","Apple","Connettori","A","iPhone 7","","","iPhone 7 | iPhone 7 Plus","2","0","draft","candidate_needs_technical_confirmation_not_current_supplier_catalog"
"2026-07-19","historical Mobilax-derived catalog snapshot (supplier label scrubbed)","2026-05-25","3000000045923","IC Chip (Integrated Circuit) Apple iPhone 8/iPhone 8 Plus LCD Digitizer","Apple","Flat Cable","A","iPhone 8","","","iPhone 8 | iPhone 8 Plus","2","0","draft","candidate_needs_technical_confirmation_not_current_supplier_catalog"
"2026-07-19","historical Mobilax-derived catalog snapshot (supplier label scrubbed)","2026-05-25","3000000045954","Motherboard Connector Apple iPhone 8/iPhone 8 Plus/iPhone X/iPhone XR/iPhone XS/iPhone XS Max Batterie (J3200)","Apple","Connettori","A","iPhone 8","","","iPhone 8 | iPhone 8 Plus | iPhone X | iPhone XR | iPhone XS | iPhone XS Max","6","0","draft","candidate_needs_technical_confirmation_not_current_supplier_catalog"
"2026-07-19","historical Mobilax-derived catalog snapshot (supplier label scrubbed)","2026-05-25","3000000045961","IC Chip (Integrated Circuit) Apple iPhone 6S/iPhone 6S Plus Large Audio Ring (U3500)","Apple","Flat Cable","A","iPhone 6S","","","iPhone 6S | iPhone 6S Plus","2","0","draft","candidate_needs_technical_confirmation_not_current_supplier_catalog"
"2026-07-19","historical Mobilax-derived catalog snapshot (supplier label scrubbed)","2026-05-25","3000000045978","IC Chip (Integrated Circuit) Apple iPhone 8/iPhone 8 Plus/iPhone X/iPhone XS/iPhone XS Max Great Audio Manager (U4700) 338S00248","Apple","Flat Cable","A","iPhone 8","","","iPhone 8 | iPhone 8 Plus | iPhone X | iPhone XR | iPhone XS | iPhone XS Max","6","0","draft","candidate_needs_technical_confirmation_not_current_supplier_catalog"
"2026-07-19","historical Mobilax-derived catalog snapshot (supplier label scrubbed)","2026-05-25","3000000045985","Motherboard Connector Apple iPhone 6 (J1111) iPhone 6 Plus Visio Camera","Apple","Connettori","A","iPhone 6","","","iPhone 6 | iPhone 6 Plus","2","0","draft","candidate_needs_technical_confirmation_not_current_supplier_catalog"
"2026-07-19","historical Mobilax-derived catalog snapshot (supplier label scrubbed)","2026-05-25","3000000046005","IC Chip (Integrated Circuit) Apple iPhone 8/iPhone 8 Plus/iPhone X USB Charging (U6300)","Apple","Flat Cable","A","iPhone 8","","","iPhone 8 | iPhone 8 Plus | iPhone X","3","0","draft","candidate_needs_technical_confirmation_not_current_supplier_catalog"
"2026-07-19","historical Mobilax-derived catalog snapshot (supplier label scrubbed)","2026-05-25","3000000046029","Motherboard Connector Apple iPhone 6S/iPhone 6S Plus USB Charging (J4600)","Apple","Connettori","A","iPhone 6S","","","iPhone 6S | iPhone 6S Plus","2","0","draft","candidate_needs_technical_confirmation_not_current_supplier_catalog"
"2026-07-19","historical Mobilax-derived catalog snapshot (supplier label scrubbed)","2026-05-25","3000000046036","IC Chip (Integrated Circuit) Apple for Apple iPhone 8/iPhone 8 Plus/iPhone X/iPhone XS/iPhone XS Max wireless Charging (U3400)","Apple","Flat Cable","A","iPhone 8","","","iPhone 8 | iPhone 8 Plus | iPhone X | iPhone XS | iPhone XS Max","5","0","draft","candidate_needs_technical_confirmation_not_current_supplier_catalog"
"2026-07-19","historical Mobilax-derived catalog snapshot (supplier label scrubbed)","2026-05-25","3000000046050","Motherboard Connector Apple iPhone 6S/iPhone 6S Plus Batterie (J2400)","Apple","Connettori","A","iPhone 6S","","","iPhone 6S | iPhone 6S Plus","2","0","draft","candidate_needs_technical_confirmation_not_current_supplier_catalog"
"2026-07-19","historical Mobilax-derived catalog snapshot (supplier label scrubbed)","2026-05-25","3000000046074","IC Chip (Integrated Circuit) Apple iPhone 6/iPhone 6 Plus LCD Screen Boost (U1501)","Apple","Flat Cable","A","iPhone 6","","","iPhone 6 | iPhone 6 Plus","2","0","draft","candidate_needs_technical_confirmation_not_current_supplier_catalog"
"2026-07-19","historical Mobilax-derived catalog snapshot (supplier label scrubbed)","2026-05-25","3000000046081","IC Chip (Integrated Circuit) Apple iPhone 6S/iPhone 6S Plus Backlight Driver (U4020)","Apple","Flat Cable","A","iPhone 6S","","","iPhone 6S | iPhone 6S Plus","2","0","draft","candidate_needs_technical_confirmation_not_current_supplier_catalog"
"2026-07-19","historical Mobilax-derived catalog snapshot (supplier label scrubbed)","2026-05-25","3000000046104","IC Chip (Integrated Circuit) Apple iPhone 6S/iPhone 6S Plus USB Charging (U2300)","Apple","Flat Cable","A","iPhone 6S","","","iPhone 6S | iPhone 6S Plus","2","0","draft","candidate_needs_technical_confirmation_not_current_supplier_catalog"
"2026-07-19","historical Mobilax-derived catalog snapshot (supplier label scrubbed)","2026-05-25","3000000046111","IC Chip (Integrated Circuit) Apple iPhone 6/iPhone 6 Plus USB Charging","Apple","Flat Cable","A","iPhone 6","","","iPhone 6 | iPhone 6 Plus","2","0","draft","candidate_needs_technical_confirmation_not_current_supplier_catalog"
"2026-07-19","historical Mobilax-derived catalog snapshot (supplier label scrubbed)","2026-05-25","3000000046128","IC Chip (Integrated Circuit) Apple iPhone 6/iPhone 6 Plus (U2402) Touch Screen Controller","Apple","Flat Cable","A","iPhone 6","","","iPhone 6 | iPhone 6 Plus","2","0","draft","candidate_needs_technical_confirmation_not_current_supplier_catalog"
"2026-07-19","historical Mobilax-derived catalog snapshot (supplier label scrubbed)","2026-05-25","3000000046135","IC Chip (Integrated Circuit) Apple iPhone 7/iPhone 7 Plus Great Audio (U3101)","Apple","Flat Cable","A","iPhone 7","","","iPhone 7 | iPhone 7 Plus","2","0","draft","candidate_needs_technical_confirmation_not_current_supplier_catalog"
"2026-07-19","historical Mobilax-derived catalog snapshot (supplier label scrubbed)","2026-05-25","3000000046142","IC Chip (Integrated Circuit) Apple iPhone XR/iPhone XS/iPhone XS Max USB Charging (U3300)","Apple","Flat Cable","A","iPhone XR","","","iPhone XR | iPhone XS | iPhone XS Max","3","0","draft","candidate_needs_technical_confirmation_not_current_supplier_catalog"
"2026-07-19","historical Mobilax-derived catalog snapshot (supplier label scrubbed)","2026-05-25","3000000046159","IC Chip (Integrated Circuit) Apple iPhone 7/iPhone 7 Plus Power Management (U1801)","Apple","Flat Cable","A","iPhone 7","","","iPhone 7 | iPhone 7 Plus","2","0","draft","candidate_needs_technical_confirmation_not_current_supplier_catalog"
"2026-07-19","historical Mobilax-derived catalog snapshot (supplier label scrubbed)","2026-05-25","3000000046166","IC Chip (Integrated Circuit) Apple iPhone 7/iPhone 7 Plus USB Charging (U2101)","Apple","Flat Cable","A","iPhone 7","","","iPhone 7 | iPhone 7 Plus","2","0","draft","candidate_needs_technical_confirmation_not_current_supplier_catalog"
"2026-07-19","historical Mobilax-derived catalog snapshot (supplier label scrubbed)","2026-05-25","3000000046180","IC Chip (Integrated Circuit) Apple iPhone 6/iPhone 6 Plus Backlight (U1502)","Apple","Flat Cable","A","iPhone 6","","","iPhone 6 | iPhone 6 Plus","2","0","draft","candidate_needs_technical_confirmation_not_current_supplier_catalog"
"2026-07-19","historical Mobilax-derived catalog snapshot (supplier label scrubbed)","SAMSUNG-2026-05-27","3000000047026","Original Ultra Wide Angle Camera Samsung Galaxy S20 G980/Galaxy S20 5G G981 GH96-13084A 12MP","Samsung","Fotocamere","A","Galaxy S20 5G G981","","","Galaxy S20 5G G981 | Galaxy S20 G980","2","0","draft","candidate_needs_technical_confirmation_not_current_supplier_catalog"
"2026-07-19","historical Mobilax-derived catalog snapshot (supplier label scrubbed)","SAMSUNG-2026-05-25","3000000047163","Premium Connection Flex Cable Samsung Galaxy Note 20 5G N981/Galaxy Note 20 N980","Samsung","Flat Cable","A","Galaxy Note 20 5G N981","","","Galaxy Note 20 5G N981 | Galaxy Note 20 N980","2","0","draft","candidate_needs_technical_confirmation_not_current_supplier_catalog"
"2026-07-19","historical Mobilax-derived catalog snapshot (supplier label scrubbed)","SAMSUNG-2026-05-25","3000000048726","Premium Loudspeaker Samsung Galaxy A10 A105/Galaxy M12 M127/Galaxy A12 Nacho A127/Galaxy A04s A047F","Samsung","Speaker","A","Galaxy A10 A105","","","Galaxy A10 A105 | Galaxy A12 Nacho A127 | Galaxy M12 M127","3","0","draft","candidate_needs_technical_confirmation_not_current_supplier_catalog"
"2026-07-19","historical Mobilax-derived catalog snapshot (supplier label scrubbed)","XIAOMI-2026-05-27","3000000048917","Original Display Touchscreen Xiaomi Redmi Note 8/Redmi Note 8 2021 5600040C3J00 White","Xiaomi","Schermi","A","Redmi Note 8","","","Redmi Note 8 | Redmi Note 8 2021","2","0","draft","candidate_needs_technical_confirmation_not_current_supplier_catalog"
"2026-07-19","historical Mobilax-derived catalog snapshot (supplier label scrubbed)","XIAOMI-2026-05-27","3000000048986","Original Display Touchscreen Xiaomi Redmi Note 8/Redmi Note 8 2021 5600050C3J00 Black","Xiaomi","Schermi","A","Redmi Note 8","","","Redmi Note 8 | Redmi Note 8 2021","2","0","draft","candidate_needs_technical_confirmation_not_current_supplier_catalog"
"2026-07-19","historical Mobilax-derived catalog snapshot (supplier label scrubbed)","XIAOMI-2026-05-27","3000000048993","Original Display Touchscreen Xiaomi Redmi Note 7/Redmi Note 7 Pro 5606100920C7 560610100033 Black","Xiaomi","Schermi","A","Redmi Note 7","","","Redmi Note 7 | Redmi Note 7 Pro","2","0","draft","candidate_needs_technical_confirmation_not_current_supplier_catalog"
"2026-07-19","historical Mobilax-derived catalog snapshot (supplier label scrubbed)","XIAOMI-2026-05-27","3000000049006","Original Display Touchscreen Xiaomi Redmi Note 7/Redmi Note 7 Pro 5610100140C7 561010020033 Blue","Xiaomi","Schermi","A","Redmi Note 7","","","Redmi Note 7 | Redmi Note 7 Pro","2","0","draft","candidate_needs_technical_confirmation_not_current_supplier_catalog"
"2026-07-19","historical Mobilax-derived catalog snapshot (supplier label scrubbed)","SAMSUNG-2026-05-27","3000000050064","Original Back Cover Samsung Galaxy S20 FE 5G G781/Galaxy S20 FE 4G G780 GH82-24263C Cloud Lavender","Samsung","Back Cover","A","Galaxy S20 FE 4G G780","","","Galaxy S20 FE 4G G780 | Galaxy S20 FE 5G G781","2","0","draft","candidate_needs_technical_confirmation_not_current_supplier_catalog"
"2026-07-19","historical Mobilax-derived catalog snapshot (supplier label scrubbed)","SAMSUNG-2026-05-27","3000000050071","Original Back Cover Samsung Galaxy S20 FE 5G G781/Galaxy S20 FE 4G G780 GH82-24223D GH82-24263D Cloud Mint","Samsung","Back Cover","A","Galaxy S20 FE 4G G780","","","Galaxy S20 FE 4G G780 | Galaxy S20 FE 5G G781","2","0","draft","candidate_needs_technical_confirmation_not_current_supplier_catalog"
"2026-07-19","historical Mobilax-derived catalog snapshot (supplier label scrubbed)","SAMSUNG-2026-05-27","3000000050088","Original Back Cover Samsung Galaxy S20 FE 5G G781/Galaxy S20 FE 4G G780 GH82-24263A Cloud Navy","Samsung","Back Cover","A","Galaxy S20 FE 4G G780","","","Galaxy S20 FE 4G G780 | Galaxy S20 FE 5G G781","2","0","draft","candidate_needs_technical_confirmation_not_current_supplier_catalog"
"2026-07-19","historical Mobilax-derived catalog snapshot (supplier label scrubbed)","SAMSUNG-2026-05-27","3000000050095","Original Back Cover Samsung Galaxy S20 FE 5G G781/Galaxy S20 FE 4G G780 GH82-24263F Cloud Orange","Samsung","Back Cover","A","Galaxy S20 FE 4G G780","","","Galaxy S20 FE 4G G780 | Galaxy S20 FE 5G G781","2","0","draft","candidate_needs_technical_confirmation_not_current_supplier_catalog"
"2026-07-19","historical Mobilax-derived catalog snapshot (supplier label scrubbed)","SAMSUNG-2026-05-27","3000000050101","Original Back Cover Samsung Galaxy S20 FE 5G G781/Galaxy S20 FE 4G G780 GH82-24263E Cloud Red","Samsung","Back Cover","A","Galaxy S20 FE 4G G780","","","Galaxy S20 FE 4G G780 | Galaxy S20 FE 5G G781","2","0","draft","candidate_needs_technical_confirmation_not_current_supplier_catalog"
"2026-07-19","historical Mobilax-derived catalog snapshot (supplier label scrubbed)","SAMSUNG-2026-05-27","3000000050118","Original Back Cover Samsung Galaxy S20 FE 5G G781/Galaxy S20 FE 4G G780 GH82-24223B GH82-24263B Cloud White","Samsung","Back Cover","A","Galaxy S20 FE 4G G780","","","Galaxy S20 FE 4G G780 | Galaxy S20 FE 5G G781","2","0","draft","candidate_needs_technical_confirmation_not_current_supplier_catalog"
"2026-07-19","historical Mobilax-derived catalog snapshot (supplier label scrubbed)","SAMSUNG-2026-05-27","3000000050125","Original Battery Samsung Galaxy S20 FE 4G G780/Galaxy S20 FE 5G G781/Galaxy A52 4G A525/Galaxy A52 5G A526/Galaxy A52s 5G A528 GH82-24205A gh82-25231A EB-BG781ABY","Samsung","Batterie","A","Galaxy S20 FE 4G G780","","","Galaxy S20 FE 4G G780 | Galaxy S20 FE 5G G781","2","0","draft","candidate_needs_technical_confirmation_not_current_supplier_catalog"
"2026-07-19","historical Mobilax-derived catalog snapshot (supplier label scrubbed)","SAMSUNG-2026-05-27","3000000050163","Original Display Touchscreen Samsung Galaxy S20 FE 5G G781/Galaxy S20 FE 4G G780 GH82-24214C GH82-24215C GH82-24219C GH82-24220C GH82-29056C GH82-31320C Cloud Lavender","Samsung","Schermi","A","Galaxy S20 FE 4G G780","","","Galaxy S20 FE 4G G780 | Galaxy S20 FE 5G G781","2","0","draft","candidate_needs_technical_confirmation_not_current_supplier_catalog"
"2026-07-19","historical Mobilax-derived catalog snapshot (supplier label scrubbed)","XIAOMI-2026-05-27","3000000050200","Premium Back Cover Xiaomi Mi 10T 5G/Mi 10T Pro 5G Lunar Silver","Xiaomi","Back Cover","A","Mi 10T 5G","","","Mi 10T 5G | Mi 10T Pro 5G","2","0","draft","candidate_needs_technical_confirmation_not_current_supplier_catalog"
"2026-07-19","historical Mobilax-derived catalog snapshot (supplier label scrubbed)","XIAOMI-2026-05-27","3000000050217","Premium Back Cover Xiaomi Mi 10T 5G/Mi 10T Pro 5G Aurora Blue","Xiaomi","Back Cover","A","Mi 10T 5G","","","Mi 10T 5G | Mi 10T Pro 5G","2","0","draft","candidate_needs_technical_confirmation_not_current_supplier_catalog"
"2026-07-19","historical Mobilax-derived catalog snapshot (supplier label scrubbed)","XIAOMI-2026-05-27","3000000050231","Premium Battery for Xiaomi Mi 10T 5G/Mi 10T Pro 5G BM53","Xiaomi","Batterie","A","Mi 10T 5G","","","Mi 10T 5G | Mi 10T Pro 5G","2","0","draft","candidate_needs_technical_confirmation_not_current_supplier_catalog"
"2026-07-19","historical Mobilax-derived catalog snapshot (supplier label scrubbed)","XIAOMI-2026-05-27","3000000050279","OEM Display Touchscreen Xiaomi Mi 10T 5G/Mi 10T Pro 5G Black","Xiaomi","Schermi","A","Mi 10T 5G","","","Mi 10T 5G | Mi 10T Pro 5G","2","0","draft","candidate_needs_technical_confirmation_not_current_supplier_catalog"
"2026-07-19","historical Mobilax-derived catalog snapshot (supplier label scrubbed)","XIAOMI-2026-05-27","3000000050309","Premium Back Cover Xiaomi Mi 10T 5G/Mi 10T Pro 5G Cosmic Black","Xiaomi","Back Cover","A","Mi 10T 5G","","","Mi 10T 5G | Mi 10T Pro 5G","2","0","draft","candidate_needs_technical_confirmation_not_current_supplier_catalog"
"2026-07-19","historical Mobilax-derived catalog snapshot (supplier label scrubbed)","REALME-2026-05-27","3000000050897","Premium Battery Realme 6i/C25Y BLP771","Realme","Batterie","A","6I","","","6I | C25Y","2","0","draft","candidate_needs_technical_confirmation_not_current_supplier_catalog"
"2026-07-19","historical Mobilax-derived catalog snapshot (supplier label scrubbed)","REALME-2026-05-27","3000000051023","Premium Battery Realme 6 Pro/6 BLP757","Realme","Batterie","A","6","","","6 | 6 Pro","2","0","draft","candidate_needs_technical_confirmation_not_current_supplier_catalog"
"2026-07-19","historical Mobilax-derived catalog snapshot (supplier label scrubbed)","REALME-2026-05-27","3000000051115","Premium Battery Realme C11 (2020)/C3/5/5i/C21/C11 (2021)/C21-Y BLP729","Realme","Batterie","A","5","","","5 | 5I | C11 2020 | C11 2021 | C21 | C21 Y | C3","7","0","draft","candidate_needs_technical_confirmation_not_current_supplier_catalog"
"2026-07-19","historical Mobilax-derived catalog snapshot (supplier label scrubbed)","REALME-2026-05-27","3000000051214","Premium Battery Realme 7/7 5G BLP807","Realme","Batterie","A","7","","","7 | 7 5G","2","0","draft","candidate_needs_technical_confirmation_not_current_supplier_catalog"
"2026-07-19","historical Mobilax-derived catalog snapshot (supplier label scrubbed)","REALME-2026-05-27","3000000051344","Original Pulled Display Touchscreen Realme 5/5i Black","Realme","Schermi","A","5","","","5 | 5I","2","0","draft","candidate_needs_technical_confirmation_not_current_supplier_catalog"
"2026-07-19","historical Mobilax-derived catalog snapshot (supplier label scrubbed)","2026-05-25","3000000051559","Battery Apple iPhone 12 Pro/iPhone 12 Ti","Apple","Batterie","A","iPhone 12","","","iPhone 12 | iPhone 12 Pro","2","4","active","candidate_needs_technical_confirmation_not_current_supplier_catalog"
"2026-07-19","historical Mobilax-derived catalog snapshot (supplier label scrubbed)","XIAOMI-2026-05-27","3000000052631","TFT Display Touchscreen Xiaomi Mi 9T/Mi 9T Pro Black","Xiaomi","Schermi","A","Mi 9T","","","Mi 9T | Mi 9T Pro","2","0","draft","candidate_needs_technical_confirmation_not_current_supplier_catalog"
"2026-07-19","historical Mobilax-derived catalog snapshot (supplier label scrubbed)","XIAOMI-2026-05-27","3000000053140","Oled Display Touchscreen Xiaomi Mi 9T/Mi 9T Pro Glacier Blue","Xiaomi","Schermi","A","Mi 9T","","","Mi 9T | Mi 9T Pro","2","0","draft","candidate_needs_technical_confirmation_not_current_supplier_catalog"
"2026-07-19","historical Mobilax-derived catalog snapshot (supplier label scrubbed)","XIAOMI-2026-05-27","3000000053188","Oled Display Touchscreen with Frame Xiaomi Mi 9T/Mi 9T Pro Black","Xiaomi","Schermi","A","Mi 9T","","","Mi 9T | Mi 9T Pro","2","0","draft","candidate_needs_technical_confirmation_not_current_supplier_catalog"
"2026-07-19","historical Mobilax-derived catalog snapshot (supplier label scrubbed)","XIAOMI-2026-05-27","3000000054390","Original Display Touchscreen Xiaomi Mi Note 10/Mi Note 10 Pro 56000100F400 Green","Xiaomi","Schermi","A","Mi Note 10","","","Mi Note 10 | Mi Note 10 Pro","2","0","draft","candidate_needs_technical_confirmation_not_current_supplier_catalog"
"2026-07-19","historical Mobilax-derived catalog snapshot (supplier label scrubbed)","XIAOMI-2026-05-27","3000000054451","Original Display Touchscreen Xiaomi Redmi Note 8/Redmi Note 8 2021 5600030C3J00 Blue","Xiaomi","Schermi","A","Redmi Note 8","","","Redmi Note 8 | Redmi Note 8 2021","2","0","draft","candidate_needs_technical_confirmation_not_current_supplier_catalog"
"2026-07-19","historical Mobilax-derived catalog snapshot (supplier label scrubbed)","XIAOMI-2026-05-27","3000000054468","Original Display Touchscreen Xiaomi Mi Note 10/Mi Note 10 Pro 56000200F400 White","Xiaomi","Schermi","A","Mi Note 10","","","Mi Note 10 | Mi Note 10 Pro","2","0","draft","candidate_needs_technical_confirmation_not_current_supplier_catalog"
"2026-07-19","historical Mobilax-derived catalog snapshot (supplier label scrubbed)","2026-05-25","3000000055564","Original SIM Reader Apple iPhone 11 Pro/iPhone 11 Pro Max","Apple","Flat Cable","A","iPhone 11 Pro","","","iPhone 11 Pro | iPhone 11 Pro Max","2","0","draft","candidate_needs_technical_confirmation_not_current_supplier_catalog"
"2026-07-19","historical Mobilax-derived catalog snapshot (supplier label scrubbed)","2026-05-25","3000000056295","Motherboard Connector Apple iPhone X LCD (J5700)","Apple","Connettori","A","iPhone X","","","iPhone X | iPhone XS","2","0","draft","candidate_needs_technical_confirmation_not_current_supplier_catalog"
"2026-07-19","historical Mobilax-derived catalog snapshot (supplier label scrubbed)","2026-05-25","3000000056318","Visio Motherboard Connector Apple iPhone X/iPhone XS/iPhone XS Max (J4200)","Apple","Connettori","A","iPhone X","","","iPhone X | iPhone XS | iPhone XS Max","3","0","draft","candidate_needs_technical_confirmation_not_current_supplier_catalog"
"2026-07-19","historical Mobilax-derived catalog snapshot (supplier label scrubbed)","2026-05-25","3000000056356","Internal Earpiece Apple iPhone 12/iPhone 12 Pro","Apple","Speaker","A","iPhone 12","","","iPhone 12 | iPhone 12 Pro","2","0","draft","candidate_needs_technical_confirmation_not_current_supplier_catalog"
"2026-07-19","historical Mobilax-derived catalog snapshot (supplier label scrubbed)","2026-05-25","3000000056394","Power and Volume  Flex Cable Apple iPhone 12/iPhone 12 Pro","Apple","Flat Cable","A","iPhone 12","","","iPhone 12 | iPhone 12 Pro","2","0","draft","candidate_needs_technical_confirmation_not_current_supplier_catalog"
"2026-07-19","historical Mobilax-derived catalog snapshot (supplier label scrubbed)","2026-05-25","3000000056400","Original Pulled Dock Connector Apple iPhone 12 Pro/iPhone 12 Graphite","Apple","Connettori","A","iPhone 12","","","iPhone 12 | iPhone 12 Pro","2","0","draft","candidate_needs_technical_confirmation_not_current_supplier_catalog"
"2026-07-19","historical Mobilax-derived catalog snapshot (supplier label scrubbed)","2026-05-25","3000000057056","Antenna Apple iPhone 8/iPhone SE (2nd Gen)/iPhone SE (3e Gen) (Bluetooth)","Apple","Flat Cable","A","iPhone 8","","","iPhone 8 | iPhone SE 2nd Gen | iPhone SE 3rd Gen","3","0","draft","candidate_needs_technical_confirmation_not_current_supplier_catalog"
"2026-07-19","historical Mobilax-derived catalog snapshot (supplier label scrubbed)","SAMSUNG-2026-05-27","3000000057148","Original Ultra Wide Angle Camera Samsung Galaxy S20 Plus G985/Galaxy S20 Plus 5G G986 GH96-13085A 12MP","Samsung","Fotocamere","A","Galaxy S20 Plus 5G G986","","","Galaxy S20 Plus G985 | Galaxy S20 Plus 5G G986","2","0","draft","candidate_needs_technical_confirmation_not_current_supplier_catalog"
"2026-07-19","historical Mobilax-derived catalog snapshot (supplier label scrubbed)","SAMSUNG-2026-05-25","3000000057681","Original Battery Samsung Galaxy A42 5G A426/Galaxy A32 5G A326/Galaxy A72 5G A726/Galaxy M32 M325/Galaxy A72 4G A725/Galaxy M22 M225 GH82-24377A GH82-25123A GH82-25461A  EB-BA426ABY","Samsung","Batterie","A","Galaxy A32 5G A326","","","Galaxy A32 5G A326 | Galaxy A42 5G A426 | Galaxy A72 4G A725 | Galaxy A72 5G A726 | Galaxy M22 M225 | Galaxy M32 M325","6","0","draft","candidate_needs_technical_confirmation_not_current_supplier_catalog"
"2026-07-19","historical Mobilax-derived catalog snapshot (supplier label scrubbed)","SAMSUNG-2026-05-25","3000000057766","Original Battery Samsung Galaxy A31 A315/Galaxy A32 4G A325/Galaxy A22 4G A225 GH82-25567A EB-BA315ABY","Samsung","Batterie","A","Galaxy A22 4G A225","","","Galaxy A22 4G A225 | Galaxy A31 A315 | Galaxy A32 4G A325","3","0","draft","candidate_needs_technical_confirmation_not_current_supplier_catalog"
"2026-07-19","historical Mobilax-derived catalog snapshot (supplier label scrubbed)","SAMSUNG-2026-05-27","3000000058220","Original Display Touchscreen Samsung Galaxy S20 FE 5G G781/Galaxy S20 FE 4G G780 GH82-24214E GH82-24215E GH82-24219E GH82-24220E GH82-29056E GH82-29057E GH82-31320E GH82-31321E GH82-31328E Cloud Red","Samsung","Schermi","A","Galaxy S20 FE 4G G780","","","Galaxy S20 FE 4G G780 | Galaxy S20 FE 5G G781","2","0","draft","candidate_needs_technical_confirmation_not_current_supplier_catalog"
"2026-07-19","historical Mobilax-derived catalog snapshot (supplier label scrubbed)","SAMSUNG-2026-05-27","3000000058237","Original Display Touchscreen Samsung Galaxy S20 FE 5G G781/Galaxy S20 FE 4G G780 GH82-24214A GH82-24215A GH82-24219A GH82-24220A GH82-31320A GH82-31321A GH82-31328A GH82-31329A Cloud Navy","Samsung","Schermi","A","Galaxy S20 FE 4G G780","","","Galaxy S20 FE 4G G780 | Galaxy S20 FE 5G G781","2","0","draft","candidate_needs_technical_confirmation_not_current_supplier_catalog"
"2026-07-19","historical Mobilax-derived catalog snapshot (supplier label scrubbed)","SAMSUNG-2026-05-27","3000000058244","Original Display Touchscreen Samsung Galaxy S20 FE 4G G780/Galaxy S20 FE 5G G781 GH82-24215B GH82-24214B GH82-24219B GH82-24220B GH82-31320B GH82-31328B GH82-31321B Cloud White","Samsung","Schermi","A","Galaxy S20 FE 4G G780","","","Galaxy S20 FE 4G G780 | Galaxy S20 FE 5G G781","2","0","draft","candidate_needs_technical_confirmation_not_current_supplier_catalog"
"2026-07-19","historical Mobilax-derived catalog snapshot (supplier label scrubbed)","2026-05-25","3000000058268","Original Pulled Dock Connector Apple iPhone 12 Pro/iPhone 12 Silver","Apple","Connettori","A","iPhone 12","","","iPhone 12 | iPhone 12 Pro","2","0","draft","candidate_needs_technical_confirmation_not_current_supplier_catalog"
"2026-07-19","historical Mobilax-derived catalog snapshot (supplier label scrubbed)","SAMSUNG-2026-05-25","3000000058367","Original Battery Samsung Galaxy M12 M127/Galaxy A21S A217F/Galaxy A12 A125/Galaxy A02 A022F/Galaxy A13 4G A135/Galaxy A12 Nacho A127/Galaxy A13 4G A137/Galaxy A04s A047F GH82-22989A GH82-29803A EB-BA217ABY","Samsung","Batterie","A","Galaxy A02 A022F","","","Galaxy A02 A022F | Galaxy A12 A125 | Galaxy A12 Nacho A127 | Galaxy A13 4G A135 | Galaxy A13 4G A137 | Galaxy M12 M127","6","0","draft","candidate_needs_technical_confirmation_not_current_supplier_catalog"
"2026-07-19","historical Mobilax-derived catalog snapshot (supplier label scrubbed)","SAMSUNG-2026-05-27","3000000058763","Original Display Touchscreen Samsung Galaxy S20 Plus 5G G986/Galaxy S20 Plus G985 GH82-22134B GH82-22145B White","Samsung","Schermi","A","Galaxy S20 Plus 5G G986","","","Galaxy S20 Plus G985 | Galaxy S20 Plus 5G G986","2","0","draft","candidate_needs_technical_confirmation_not_current_supplier_catalog"
"2026-07-19","historical Mobilax-derived catalog snapshot (supplier label scrubbed)","SAMSUNG-2026-05-27","3000000059081","IC Chip (Integrated Circuit) Samsung Galaxy Note 10 N970/Galaxy Note 10 Plus N975/Galaxy S10e G970/Galaxy S10 G973 PM8150","Samsung","Flat Cable","A","Galaxy S10 G973","","","Galaxy S10E G970 | Galaxy S10 G973","2","0","draft","candidate_needs_technical_confirmation_not_current_supplier_catalog"
"2026-07-19","historical Mobilax-derived catalog snapshot (supplier label scrubbed)","2026-05-25","3000000059494","Original Refurb Display Touchscreen Apple iPhone 12 Pro/iPhone 12 Black","Apple","Schermi","A","iPhone 12","","","iPhone 12 | iPhone 12 Pro","2","0","draft","candidate_needs_technical_confirmation_not_current_supplier_catalog"
"2026-07-19","historical Mobilax-derived catalog snapshot (supplier label scrubbed)","2026-05-25","3000000060209","Loudspeaker Apple iPhone 12/iPhone 12 Pro","Apple","Speaker","A","iPhone 12","","","iPhone 12 | iPhone 12 Pro","2","0","draft","candidate_needs_technical_confirmation_not_current_supplier_catalog"
"2026-07-19","historical Mobilax-derived catalog snapshot (supplier label scrubbed)","SAMSUNG-2026-05-27","3000000060360","Premium Connection Flex Cable Samsung Galaxy S20 FE 5G G781/Galaxy S20 FE 4G G780","Samsung","Flat Cable","A","Galaxy S20 FE 4G G780","","","Galaxy S20 FE 4G G780 | Galaxy S20 FE 5G G781","2","0","draft","candidate_needs_technical_confirmation_not_current_supplier_catalog"
"2026-07-19","historical Mobilax-derived catalog snapshot (supplier label scrubbed)","SAMSUNG-2026-05-27","3000000060377","Premium NFC Flex Cable Samsung Galaxy S20 G980/Galaxy S20 5G G981 OEM","Samsung","Flat Cable","A","Galaxy S20 5G G981","","","Galaxy S20 5G G981 | Galaxy S20 G980","2","0","draft","candidate_needs_technical_confirmation_not_current_supplier_catalog"
"2026-07-19","historical Mobilax-derived catalog snapshot (supplier label scrubbed)","SAMSUNG-2026-05-27","3000000060391","Premium Inner Earpiece Samsung Galaxy S20 FE 5G G781/Galaxy S20 FE 4G G780","Samsung","Speaker","A","Galaxy S20 FE 4G G780","","","Galaxy S20 FE 4G G780 | Galaxy S20 FE 5G G781","2","0","draft","candidate_needs_technical_confirmation_not_current_supplier_catalog"
"2026-07-19","historical Mobilax-derived catalog snapshot (supplier label scrubbed)","SAMSUNG-2026-05-25","3000000060667","Premium Inner Earpiece Samsung Galaxy A71 A715/Galaxy A12 Nacho A127/Galaxy A23 5G A236/Galaxy M13 M135/Galaxy A23 4G A235","Samsung","Speaker","A","Galaxy A12 Nacho A127","","","Galaxy A12 Nacho A127 | Galaxy A23 4G A235 | Galaxy A23 5G A236 | Galaxy A71 A715 | Galaxy M13 M135","5","0","draft","candidate_needs_technical_confirmation_not_current_supplier_catalog"
"2026-07-19","historical Mobilax-derived catalog snapshot (supplier label scrubbed)","SAMSUNG-2026-05-25","3000000060681","Premium Fingerprint Reader Samsung Galaxy A51 A515/Galaxy A71 A715","Samsung","Flat Cable","A","Galaxy A51 A515","","","Galaxy A51 A515 | Galaxy A71 A715","2","0","draft","candidate_needs_technical_confirmation_not_current_supplier_catalog"
"2026-07-19","historical Mobilax-derived catalog snapshot (supplier label scrubbed)","XIAOMI-2026-05-27","3000000060711","Original Display Touchscreen Xiaomi Mi 10T 5G/Mi 10T Pro 5G 5600030J3S00 5600210J3S00 56000F0J3S00 Black","Xiaomi","Schermi","A","Mi 10T 5G","","","Mi 10T 5G | Mi 10T Pro 5G","2","0","draft","candidate_needs_technical_confirmation_not_current_supplier_catalog"
"2026-07-19","historical Mobilax-derived catalog snapshot (supplier label scrubbed)","XIAOMI-2026-05-27","3000000060735","Original Display Touchscreen Xiaomi Mi 10T 5G/Mi 10T Pro 5G 5600040J3S00 56000G0J3S00 5600220J3S00 Silver","Xiaomi","Schermi","A","Mi 10T 5G","","","Mi 10T 5G | Mi 10T Pro 5G","2","0","draft","candidate_needs_technical_confirmation_not_current_supplier_catalog"
"2026-07-19","historical Mobilax-derived catalog snapshot (supplier label scrubbed)","XIAOMI-2026-05-27","3000000061251","Premium Proximity Flex Cable Xiaomi Redmi 8/Redmi 8A (Sensor)","Xiaomi","Flat Cable","A","Redmi 8","","","Redmi 8 | Redmi 8A","2","0","draft","candidate_needs_technical_confirmation_not_current_supplier_catalog"
"2026-07-19","historical Mobilax-derived catalog snapshot (supplier label scrubbed)","XIAOMI-2026-05-27","3000000061442","Original Display Touchscreen Xiaomi Redmi Note 9T/Redmi Note 9 5G 5600030J2200 Black Twilight","Xiaomi","Schermi","A","Redmi Note 9 5G","","","Redmi Note 9 5G | Redmi Note 9T","2","0","draft","candidate_needs_technical_confirmation_not_current_supplier_catalog"
"2026-07-19","historical Mobilax-derived catalog snapshot (supplier label scrubbed)","XIAOMI-2026-05-27","3000000061497","Premium Dock Connector Xiaomi Redmi Note 9T/Redmi Note 9 5G","Xiaomi","Connettori","A","Redmi Note 9 5G","","","Redmi Note 9 5G | Redmi Note 9T","2","0","draft","candidate_needs_technical_confirmation_not_current_supplier_catalog"
"2026-07-19","historical Mobilax-derived catalog snapshot (supplier label scrubbed)","SAMSUNG-2026-05-27","3000000061756","Original Display Touchscreen Samsung Galaxy S20 FE 5G G781/Galaxy S20 FE 4G G780 GH82-24214D GH82-24215D GH82-24219D GH82-24220D GH82-31329D Cloud Mint","Samsung","Schermi","A","Galaxy S20 FE 4G G780","","","Galaxy S20 FE 4G G780 | Galaxy S20 FE 5G G781","2","0","draft","candidate_needs_technical_confirmation_not_current_supplier_catalog"
"2026-07-19","historical Mobilax-derived catalog snapshot (supplier label scrubbed)","XIAOMI-2026-05-27","3000000061879","Premium Front Camera Xiaomi Mi 9T/Mi 9T Pro 20MP","Xiaomi","Fotocamere","A","Mi 9T","","","Mi 9T | Mi 9T Pro","2","0","draft","candidate_needs_technical_confirmation_not_current_supplier_catalog"
"2026-07-19","historical Mobilax-derived catalog snapshot (supplier label scrubbed)","XIAOMI-2026-05-27","3000000061886","Premium Front Camera Xiaomi Redmi Note 7/Redmi Note 7 Pro 13MP","Xiaomi","Fotocamere","A","Redmi Note 7","","","Redmi Note 7 | Redmi Note 7 Pro","2","0","draft","candidate_needs_technical_confirmation_not_current_supplier_catalog"
"2026-07-19","historical Mobilax-derived catalog snapshot (supplier label scrubbed)","XIAOMI-2026-05-27","3000000062074","Premium Loudspeaker Xiaomi Mi 9T/Mi 9T Pro","Xiaomi","Speaker","A","Mi 9T","","","Mi 9T | Mi 9T Pro","2","0","draft","candidate_needs_technical_confirmation_not_current_supplier_catalog"
"2026-07-19","historical Mobilax-derived catalog snapshot (supplier label scrubbed)","2026-05-25","3000000062524","Original Pulled Dock Connector Apple iPhone 12 Pro/iPhone 12 Gold","Apple","Connettori","A","iPhone 12","","","iPhone 12 | iPhone 12 Pro","2","0","draft","candidate_needs_technical_confirmation_not_current_supplier_catalog"
"2026-07-19","historical Mobilax-derived catalog snapshot (supplier label scrubbed)","2026-05-25","3000000062531","Original Pulled Dock Connector Apple iPhone 12 Pro/iPhone 12 Pacific Blue","Apple","Connettori","A","iPhone 12","","","iPhone 12 | iPhone 12 Pro","2","0","draft","candidate_needs_technical_confirmation_not_current_supplier_catalog"
"2026-07-19","historical Mobilax-derived catalog snapshot (supplier label scrubbed)","2026-05-25","3000000062555","Original Pulled Front Camera Apple iPhone 12/iPhone 12 Pro 12MP","Apple","Fotocamere","A","iPhone 12","","","iPhone 12 | iPhone 12 Pro","2","0","draft","candidate_needs_technical_confirmation_not_current_supplier_catalog"
"2026-07-19","historical Mobilax-derived catalog snapshot (supplier label scrubbed)","2026-05-25","3000000062609","Original Pulled Dock Connector Apple iPhone 12/iPhone 12 Pro Red","Apple","Connettori","A","iPhone 12","","","iPhone 12 | iPhone 12 Pro","2","0","draft","candidate_needs_technical_confirmation_not_current_supplier_catalog"
"2026-07-19","historical Mobilax-derived catalog snapshot (supplier label scrubbed)","2026-05-25","3000000062623","WiFi Flex Cable Apple iPhone 12/iPhone 12 Pro","Apple","Flat Cable","A","iPhone 12","","","iPhone 12 | iPhone 12 Pro","2","0","draft","candidate_needs_technical_confirmation_not_current_supplier_catalog"
"2026-07-19","historical Mobilax-derived catalog snapshot (supplier label scrubbed)","2026-05-25","3000000062630","NFC Flex Cable Apple iPhone 12/iPhone 12 Pro (Volume)","Apple","Flat Cable","A","iPhone 12","","","iPhone 12 | iPhone 12 Pro","2","0","draft","candidate_needs_technical_confirmation_not_current_supplier_catalog"
"2026-07-19","historical Mobilax-derived catalog snapshot (supplier label scrubbed)","2026-05-25","3000000062654","Proximity Flex Cable Apple iPhone 12/iPhone 12 Pro","Apple","Flat Cable","A","iPhone 12","","","iPhone 12 | iPhone 12 Pro","2","0","draft","candidate_needs_technical_confirmation_not_current_supplier_catalog"
"2026-07-19","historical Mobilax-derived catalog snapshot (supplier label scrubbed)","2026-05-25","3000000062661","Lens Holder Apple iPhone 12/iPhone 12 Mini Blue","Apple","Fotocamere","A","iPhone 12","","","iPhone 12 | iPhone 12 Mini","2","0","draft","candidate_needs_technical_confirmation_not_current_supplier_catalog"
"2026-07-19","historical Mobilax-derived catalog snapshot (supplier label scrubbed)","2026-05-25","3000000062678","Lens Holder Apple iPhone 12/iPhone 12 Mini Red","Apple","Fotocamere","A","iPhone 12","","","iPhone 12 | iPhone 12 Mini","2","0","draft","candidate_needs_technical_confirmation_not_current_supplier_catalog"
"2026-07-19","historical Mobilax-derived catalog snapshot (supplier label scrubbed)","2026-05-25","3000000062685","Lens Holder Apple iPhone 12/iPhone 12 Mini Green","Apple","Fotocamere","A","iPhone 12","","","iPhone 12 | iPhone 12 Mini","2","0","draft","candidate_needs_technical_confirmation_not_current_supplier_catalog"
"2026-07-19","historical Mobilax-derived catalog snapshot (supplier label scrubbed)","2026-05-25","3000000062692","Lens Holder Apple iPhone 12/iPhone 12 Mini White","Apple","Fotocamere","A","iPhone 12","","","iPhone 12 | iPhone 12 Mini","2","0","draft","candidate_needs_technical_confirmation_not_current_supplier_catalog"
"2026-07-19","historical Mobilax-derived catalog snapshot (supplier label scrubbed)","2026-05-25","3000000062708","Lens Holder Apple iPhone 12/iPhone 12 Mini Black","Apple","Fotocamere","A","iPhone 12","","","iPhone 12 | iPhone 12 Mini","2","0","draft","candidate_needs_technical_confirmation_not_current_supplier_catalog"
"2026-07-19","historical Mobilax-derived catalog snapshot (supplier label scrubbed)","2026-05-25","3000000062715","Vibrator Apple iPhone 12/iPhone 12 Pro","Apple","Flat Cable","A","iPhone 12","","","iPhone 12 | iPhone 12 Pro","2","0","draft","candidate_needs_technical_confirmation_not_current_supplier_catalog"
"2026-07-19","historical Mobilax-derived catalog snapshot (supplier label scrubbed)","2026-05-25","3000000062722","SIM Reader Apple iPhone 12/iPhone 12 Pro","Apple","Flat Cable","A","iPhone 12","","","iPhone 12 | iPhone 12 Pro","2","0","draft","candidate_needs_technical_confirmation_not_current_supplier_catalog"
"2026-07-19","historical Mobilax-derived catalog snapshot (supplier label scrubbed)","2026-05-25","3000000062951","Lens Holder Apple iPhone 11 Pro/iPhone 11 Pro Max Green Night","Apple","Fotocamere","A","iPhone 11 Pro","","","iPhone 11 Pro | iPhone 11 Pro Max","2","0","draft","candidate_needs_technical_confirmation_not_current_supplier_catalog"
"2026-07-19","historical Mobilax-derived catalog snapshot (supplier label scrubbed)","2026-05-25","3000000062975","Lens Holder Apple iPhone 11 Pro/iPhone 11 Pro Max White","Apple","Fotocamere","A","iPhone 11 Pro","","","iPhone 11 Pro | iPhone 11 Pro Max","2","0","draft","candidate_needs_technical_confirmation_not_current_supplier_catalog"
"2026-07-19","historical Mobilax-derived catalog snapshot (supplier label scrubbed)","2026-05-25","3000000063101","Lens Apple iPhone 12 Mini/iPhone 12 (x5)","Apple","Fotocamere","A","iPhone 12","","","iPhone 12 | iPhone 12 Mini","2","0","draft","candidate_needs_technical_confirmation_not_current_supplier_catalog"
"2026-07-19","historical Mobilax-derived catalog snapshot (supplier label scrubbed)","2026-05-25","3000000063118","Lens Apple iPhone 11 Pro/iPhone 11 Pro Max","Apple","Fotocamere","A","iPhone 11 Pro","","","iPhone 11 Pro | iPhone 11 Pro Max","2","0","draft","candidate_needs_technical_confirmation_not_current_supplier_catalog"
"2026-07-19","historical Mobilax-derived catalog snapshot (supplier label scrubbed)","XIAOMI-2026-05-27","3000000063132","Premium Inner Earpiece Xiaomi Mi A3/Redmi Note 7/Redmi Note 7 Pro/Redmi 7","Xiaomi","Speaker","A","Mi A3","","","Mi A3 | Redmi 7 | Redmi Note 7 | Redmi Note 7 Pro","4","0","draft","candidate_needs_technical_confirmation_not_current_supplier_catalog"
"2026-07-19","historical Mobilax-derived catalog snapshot (supplier label scrubbed)","XIAOMI-2026-05-27","3000000063163","Premium Inner Earpiece Xiaomi Mi 9T/Mi 9T Pro/Mi A2 Lite","Xiaomi","Speaker","A","Mi 9T","","","Mi 9T | Mi 9T Pro | Mi A2 Lite","3","0","draft","candidate_needs_technical_confirmation_not_current_supplier_catalog"
"2026-07-19","historical Mobilax-derived catalog snapshot (supplier label scrubbed)","XIAOMI-2026-05-27","3000000063200","Premium Vibrator Xiaomi Mi 9T/Mi 9T Pro","Xiaomi","Flat Cable","A","Mi 9T","","","Mi 9T | Mi 9T Pro","2","0","draft","candidate_needs_technical_confirmation_not_current_supplier_catalog"
"2026-07-19","historical Mobilax-derived catalog snapshot (supplier label scrubbed)","XIAOMI-2026-05-27","3000000063217","Premium Fingerprint Reader Xiaomi Mi 9T/Mi 9T Pro","Xiaomi","Flat Cable","A","Mi 9T","","","Mi 9T | Mi 9T Pro","2","0","draft","candidate_needs_technical_confirmation_not_current_supplier_catalog"
"2026-07-19","historical Mobilax-derived catalog snapshot (supplier label scrubbed)","SAMSUNG-2026-05-27","3000000063255","Original Display Touchscreen Samsung Galaxy S20 FE 5G G781/Galaxy S20 FE 4G G780 GH82-24214F GH82-24215F GH82-24219F GH82-24220F Cloud Orange","Samsung","Schermi","A","Galaxy S20 FE 4G G780","","","Galaxy S20 FE 4G G780 | Galaxy S20 FE 5G G781","2","0","draft","candidate_needs_technical_confirmation_not_current_supplier_catalog"
"2026-07-19","historical Mobilax-derived catalog snapshot (supplier label scrubbed)","SAMSUNG-2026-05-27","3000000063286","Premium Front Camera Samsung Galaxy S20 FE 5G G781/Galaxy S20 FE 4G G780 32MP","Samsung","Fotocamere","A","Galaxy S20 FE 4G G780","","","Galaxy S20 FE 4G G780 | Galaxy S20 FE 5G G781","2","0","draft","candidate_needs_technical_confirmation_not_current_supplier_catalog"
"2026-07-19","historical Mobilax-derived catalog snapshot (supplier label scrubbed)","XIAOMI-2026-05-27","3000000063446","Premium Fingerprint Reader Xiaomi Redmi Note 7/Redmi 7 Cosmic Black","Xiaomi","Flat Cable","A","Redmi 7","","","Redmi 7 | Redmi Note 7","2","0","draft","candidate_needs_technical_confirmation_not_current_supplier_catalog"
"2026-07-19","historical Mobilax-derived catalog snapshot (supplier label scrubbed)","XIAOMI-2026-05-27","3000000063477","Premium Connection Flex Cable Xiaomi Mi Note 10/Mi Note 10 Pro","Xiaomi","Flat Cable","A","Mi Note 10","","","Mi Note 10 | Mi Note 10 Pro","2","0","draft","candidate_needs_technical_confirmation_not_current_supplier_catalog"
"2026-07-19","historical Mobilax-derived catalog snapshot (supplier label scrubbed)","XIAOMI-2026-05-27","3000000063521","Antenna Xiaomi Mi 9T/Mi 9T Pro","Xiaomi","Flat Cable","A","Mi 9T","","","Mi 9T | Mi 9T Pro","2","0","draft","candidate_needs_technical_confirmation_not_current_supplier_catalog"
"2026-07-19","historical Mobilax-derived catalog snapshot (supplier label scrubbed)","XIAOMI-2026-05-27","3000000063552","Premium Sim Tray Xiaomi Mi Note 10/Mi Note 10 Pro White","Xiaomi","Flat Cable","A","Mi Note 10","","","Mi Note 10 | Mi Note 10 Pro","2","0","draft","candidate_needs_technical_confirmation_not_current_supplier_catalog"
"2026-07-19","historical Mobilax-derived catalog snapshot (supplier label scrubbed)","XIAOMI-2026-05-27","3000000063569","Premium Sim Tray Xiaomi Mi Note 10/Mi Note 10 Pro Black","Xiaomi","Flat Cable","A","Mi Note 10","","","Mi Note 10 | Mi Note 10 Pro","2","0","draft","candidate_needs_technical_confirmation_not_current_supplier_catalog"
"2026-07-19","historical Mobilax-derived catalog snapshot (supplier label scrubbed)","XIAOMI-2026-05-27","3000000063576","Premium Sim Tray Xiaomi Mi Note 10/Mi Note 10 Pro Green","Xiaomi","Flat Cable","A","Mi Note 10","","","Mi Note 10 | Mi Note 10 Pro","2","0","draft","candidate_needs_technical_confirmation_not_current_supplier_catalog"
"2026-07-19","historical Mobilax-derived catalog snapshot (supplier label scrubbed)","XIAOMI-2026-05-27","3000000063590","Premium Power and Volume Flex Cable Xiaomi Mi Note 10/Mi Note 10 Pro","Xiaomi","Flat Cable","A","Mi Note 10","","","Mi Note 10 | Mi Note 10 Pro","2","0","draft","candidate_needs_technical_confirmation_not_current_supplier_catalog"
"2026-07-19","historical Mobilax-derived catalog snapshot (supplier label scrubbed)","XIAOMI-2026-05-27","3000000063606","Premium Vibrator Xiaomi Mi Note 10/Mi Note 10 Pro","Xiaomi","Flat Cable","A","Mi Note 10","","","Mi Note 10 | Mi Note 10 Pro","2","0","draft","candidate_needs_technical_confirmation_not_current_supplier_catalog"
"2026-07-19","historical Mobilax-derived catalog snapshot (supplier label scrubbed)","XIAOMI-2026-05-27","3000000063613","Premium Sim Tray Xiaomi Mi 9T/Mi 9T Pro Black","Xiaomi","Flat Cable","A","Mi 9T","","","Mi 9T | Mi 9T Pro","2","0","draft","candidate_needs_technical_confirmation_not_current_supplier_catalog"
"2026-07-19","historical Mobilax-derived catalog snapshot (supplier label scrubbed)","XIAOMI-2026-05-27","3000000063781","Premium Sim Tray Xiaomi Mi 9T/Mi 9T Pro Glacier Blue","Xiaomi","Flat Cable","A","Mi 9T","","","Mi 9T | Mi 9T Pro","2","0","draft","candidate_needs_technical_confirmation_not_current_supplier_catalog"
"2026-07-19","historical Mobilax-derived catalog snapshot (supplier label scrubbed)","XIAOMI-2026-05-27","3000000063798","Premium Sim Tray Xiaomi Mi 9T/Mi 9T Pro Pearl White","Xiaomi","Flat Cable","A","Mi 9T","","","Mi 9T | Mi 9T Pro","2","0","draft","candidate_needs_technical_confirmation_not_current_supplier_catalog"
"2026-07-19","historical Mobilax-derived catalog snapshot (supplier label scrubbed)","XIAOMI-2026-05-27","3000000063804","Premium Sim Tray Xiaomi Mi 9T/Mi 9T Pro Flame Red","Xiaomi","Flat Cable","A","Mi 9T","","","Mi 9T | Mi 9T Pro","2","0","draft","candidate_needs_technical_confirmation_not_current_supplier_catalog"
"2026-07-19","historical Mobilax-derived catalog snapshot (supplier label scrubbed)","XIAOMI-2026-05-27","3000000063811","Premium Sim Tray Xiaomi Mi 9T/Mi 9T Pro Midnight Black","Xiaomi","Flat Cable","A","Mi 9T","","","Mi 9T | Mi 9T Pro","2","0","draft","candidate_needs_technical_confirmation_not_current_supplier_catalog"
"2026-07-19","historical Mobilax-derived catalog snapshot (supplier label scrubbed)","SAMSUNG-2026-05-27","3000000063828","Premium Sim Tray Samsung Galaxy S8 G950/Galaxy S8 Plus G955 Sky Blue","Samsung","Flat Cable","A","Galaxy S8 G950","","","Galaxy S8 Plus G955 | Galaxy S8 G950","2","0","draft","candidate_needs_technical_confirmation_not_current_supplier_catalog"
"2026-07-19","historical Mobilax-derived catalog snapshot (supplier label scrubbed)","XIAOMI-2026-05-27","3000000063897","Premium Lens Xiaomi Mi 9T/Mi 9T Pro","Xiaomi","Fotocamere","A","Mi 9T","","","Mi 9T | Mi 9T Pro","2","0","draft","candidate_needs_technical_confirmation_not_current_supplier_catalog"
"2026-07-19","historical Mobilax-derived catalog snapshot (supplier label scrubbed)","SAMSUNG-2026-05-27","3000000063996","Premium Sim Tray Samsung Galaxy S8 G950/Galaxy S8 Plus G955 Black","Samsung","Flat Cable","A","Galaxy S8 G950","","","Galaxy S8 Plus G955 | Galaxy S8 G950","2","0","draft","candidate_needs_technical_confirmation_not_current_supplier_catalog"
"2026-07-19","historical Mobilax-derived catalog snapshot (supplier label scrubbed)","SAMSUNG-2026-05-27","3000000064054","Premium Sim Tray Samsung Galaxy S8 G950/Galaxy S8 Plus G955 Pink","Samsung","Flat Cable","A","Galaxy S8 G950","","","Galaxy S8 Plus G955 | Galaxy S8 G950","2","0","draft","candidate_needs_technical_confirmation_not_current_supplier_catalog"
"2026-07-19","historical Mobilax-derived catalog snapshot (supplier label scrubbed)","SAMSUNG-2026-05-25","3000000064153","Premium Dock Connector Samsung Galaxy M31 M315/Galaxy M30S M307/Galaxy M21 M215","Samsung","Connettori","A","Galaxy M21 M215","","","Galaxy M21 M215 | Galaxy M31 M315","2","0","draft","candidate_needs_technical_confirmation_not_current_supplier_catalog"
"2026-07-19","historical Mobilax-derived catalog snapshot (supplier label scrubbed)","SAMSUNG-2026-05-25","3000000064184","Premium Connection Flex Cable Samsung Galaxy M31 M315/Galaxy M21 M215","Samsung","Flat Cable","A","Galaxy M21 M215","","","Galaxy M21 M215 | Galaxy M31 M315","2","0","draft","candidate_needs_technical_confirmation_not_current_supplier_catalog"
"2026-07-19","historical Mobilax-derived catalog snapshot (supplier label scrubbed)","XIAOMI-2026-05-27","3000000065143","Premium Lens Xiaomi Redmi Note 9S/Redmi Note 9/Redmi Note 9 Pro 4G","Xiaomi","Fotocamere","A","Redmi Note 9","","","Redmi Note 9 | Redmi Note 9 Pro 4G","2","0","draft","candidate_needs_technical_confirmation_not_current_supplier_catalog"
"2026-07-19","historical Mobilax-derived catalog snapshot (supplier label scrubbed)","XIAOMI-2026-05-27","3000000065501","Premium Connection Flex Cable Xiaomi Redmi Note 8T/Redmi Note 8","Xiaomi","Flat Cable","A","Redmi Note 8","","","Redmi Note 8 | Redmi Note 8T","2","0","draft","candidate_needs_technical_confirmation_not_current_supplier_catalog"
"2026-07-19","historical Mobilax-derived catalog snapshot (supplier label scrubbed)","XIAOMI-2026-05-27","3000000065518","Premium Lens Xiaomi Redmi Note 8T/Redmi Note 8","Xiaomi","Fotocamere","A","Redmi Note 8","","","Redmi Note 8 | Redmi Note 8T","2","0","draft","candidate_needs_technical_confirmation_not_current_supplier_catalog"
"2026-07-19","historical Mobilax-derived catalog snapshot (supplier label scrubbed)","XIAOMI-2026-05-27","3000000065525","Premium Main Camera Xiaomi Redmi Note 8T/Redmi Note 8 48MP","Xiaomi","Fotocamere","A","Redmi Note 8","","","Redmi Note 8 | Redmi Note 8T","2","0","draft","candidate_needs_technical_confirmation_not_current_supplier_catalog"
"2026-07-19","historical Mobilax-derived catalog snapshot (supplier label scrubbed)","XIAOMI-2026-05-27","3000000065532","Premium Front Camera Xiaomi Redmi Note 8T/Redmi Note 8 13MP","Xiaomi","Fotocamere","A","Redmi Note 8","","","Redmi Note 8 | Redmi Note 8T","2","0","draft","candidate_needs_technical_confirmation_not_current_supplier_catalog"
"2026-07-19","historical Mobilax-derived catalog snapshot (supplier label scrubbed)","OPPO-2026-05-27","3000000065877","Premium Sim Tray OPPO Reno3 Pro/Find X2 Neo Blue","OPPO","Flat Cable","A","Find X2 Neo","","","Find X2 Neo | RENO3 Pro","2","0","draft","candidate_needs_technical_confirmation_not_current_supplier_catalog"
"2026-07-19","historical Mobilax-derived catalog snapshot (supplier label scrubbed)","OPPO-2026-05-27","3000000065884","Premium Sim Tray OPPO Reno3 Pro/Find X2 Neo Black","OPPO","Flat Cable","A","Find X2 Neo","","","Find X2 Neo | RENO3 Pro","2","0","draft","candidate_needs_technical_confirmation_not_current_supplier_catalog"
"2026-07-19","historical Mobilax-derived catalog snapshot (supplier label scrubbed)","SAMSUNG-2026-05-25","3000000065969","Premium Vibrator Samsung Galaxy A31 A315/Galaxy A41 A415/Galaxy A51 5G A516","Samsung","Flat Cable","A","Galaxy A31 A315","","","Galaxy A31 A315 | Galaxy A41 A415 | Galaxy A51 5G A516","3","0","draft","candidate_needs_technical_confirmation_not_current_supplier_catalog"
"2026-07-19","historical Mobilax-derived catalog snapshot (supplier label scrubbed)","SAMSUNG-2026-05-25","3000000066317","Premium Connection Flex Cable Samsung Galaxy M30S M307","Samsung","Flat Cable","A","Galaxy M21 M215","","","Galaxy M21 M215 | Galaxy M31 M315","2","0","draft","candidate_needs_technical_confirmation_not_current_supplier_catalog"
"2026-07-19","historical Mobilax-derived catalog snapshot (supplier label scrubbed)","SAMSUNG-2026-05-25","3000000066355","Premium Loudspeaker Samsung Galaxy A31 A315/Galaxy A41 A415/Galaxy A22 4G A225/Galaxy  A24 4G A245","Samsung","Speaker","A","Galaxy A22 4G A225","","","Galaxy A22 4G A225 | Galaxy A24 4G A245 | Galaxy A31 A315 | Galaxy A41 A415","4","0","draft","candidate_needs_technical_confirmation_not_current_supplier_catalog"
"2026-07-19","historical Mobilax-derived catalog snapshot (supplier label scrubbed)","SAMSUNG-2026-05-25","3000000066386","Premium Power and Volume Flex Cable Samsung Galaxy M31 M315","Samsung","Flat Cable","A","Galaxy M21 M215","","","Galaxy M21 M215 | Galaxy M31 M315","2","0","draft","candidate_needs_technical_confirmation_not_current_supplier_catalog"
"2026-07-19","historical Mobilax-derived catalog snapshot (supplier label scrubbed)","XIAOMI-2026-05-27","3000000066409","Premium LCD Flex Cable Xiaomi Mi 9T/Mi 9T Pro","Xiaomi","Schermi","A","Mi 9T","","","Mi 9T | Mi 9T Pro","2","0","draft","candidate_needs_technical_confirmation_not_current_supplier_catalog"
"2026-07-19","historical Mobilax-derived catalog snapshot (supplier label scrubbed)","SAMSUNG-2026-05-25","3000000066676","Premium Loudspeaker Samsung Galaxy A51 A515/Galaxy M51 M515","Samsung","Speaker","A","Galaxy A51 A515","","","Galaxy A51 A515 | Galaxy M51 M515","2","0","draft","candidate_needs_technical_confirmation_not_current_supplier_catalog"
"2026-07-19","historical Mobilax-derived catalog snapshot (supplier label scrubbed)","SAMSUNG-2026-05-25","3000000066683","Premium Vibrator Samsung Galaxy A51 A515/Galaxy M31 M315/Galaxy M22 M225/Galaxy M23 5G M236/Galaxy M33 5G M336/Galaxy M14 5G M146/Galaxy M34 5G M346","Samsung","Flat Cable","A","Galaxy A51 A515","","","Galaxy A51 A515 | Galaxy M14 5G M146 | Galaxy M22 M225 | Galaxy M23 5G M236 | Galaxy M31 M315 | Galaxy M33 5G M336 | Galaxy M34 5G M346","7","0","draft","candidate_needs_technical_confirmation_not_current_supplier_catalog"
"2026-07-19","historical Mobilax-derived catalog snapshot (supplier label scrubbed)","SAMSUNG-2026-05-25","3000000066782","Premium Inner Earpiece Samsung Galaxy A20e A202/Galaxy A21S A217F/Galaxy A32 4G A325/Galaxy A22 4G A225/Galaxy M22 M225","Samsung","Speaker","A","Galaxy A20E A202","","","Galaxy A20E A202 | Galaxy A22 4G A225 | Galaxy A32 4G A325 | Galaxy M22 M225","4","0","draft","candidate_needs_technical_confirmation_not_current_supplier_catalog"
"2026-07-19","historical Mobilax-derived catalog snapshot (supplier label scrubbed)","SAMSUNG-2026-05-27","3000000066799","Premium Vibrator Samsung Galaxy S20 G980/Galaxy S21 5G G991","Samsung","Flat Cable","A","Galaxy S20 G980","","","Galaxy S21 5G G991 | Galaxy S20 G980","2","0","draft","candidate_needs_technical_confirmation_not_current_supplier_catalog"
"2026-07-19","historical Mobilax-derived catalog snapshot (supplier label scrubbed)","SAMSUNG-2026-05-27","3000000066805","Premium Vibrator Samsung Galaxy Note 10 Plus N975/Galaxy S20 Plus 5G G986/Galaxy S20 Plus G985","Samsung","Flat Cable","A","Galaxy S20 Plus 5G G986","","","Galaxy S20 Plus G985 | Galaxy S20 Plus 5G G986","2","0","draft","candidate_needs_technical_confirmation_not_current_supplier_catalog"
"2026-07-19","historical Mobilax-derived catalog snapshot (supplier label scrubbed)","HONOR-2026-05-27","3000000066881","Premium Power and Volume Flex Cable Honor 10 Lite/20 Lite","Honor","Flat Cable","A","10 Lite","","","10 Lite | 20 Lite","2","0","draft","candidate_needs_technical_confirmation_not_current_supplier_catalog"
"2026-07-19","historical Mobilax-derived catalog snapshot (supplier label scrubbed)","HONOR-2026-05-27","3000000066942","Premium Connection Flex Cable Honor 20/20 Pro","Honor","Flat Cable","A","20","","","20 | 20 Pro","2","0","draft","candidate_needs_technical_confirmation_not_current_supplier_catalog"
"2026-07-19","historical Mobilax-derived catalog snapshot (supplier label scrubbed)","XIAOMI-2026-05-27","3000000067024","Premium Lens Xiaomi Mi Note 10/Mi Note 10 Pro","Xiaomi","Fotocamere","A","Mi Note 10","","","Mi Note 10 | Mi Note 10 Pro","2","0","draft","candidate_needs_technical_confirmation_not_current_supplier_catalog"
"2026-07-19","historical Mobilax-derived catalog snapshot (supplier label scrubbed)","SAMSUNG-2026-05-27","3000000067239","Original Vibrator Samsung Galaxy S20 Ultra G988/Galaxy Note 20 Ultra 5G N986/Galaxy Note 20 Ultra N985/Galaxy Z Fold 2 F916/Galaxy S21 Ultra 5G G998/Galaxy S21 Plus 5G G996 GH31-00786A","Samsung","Flat Cable","A","Galaxy S20 Ultra G988","","","Galaxy S21 Ultra 5G G998 | Galaxy S21 Plus 5G G996 | Galaxy S20 Ultra G988","3","0","draft","candidate_needs_technical_confirmation_not_current_supplier_catalog"
"2026-07-19","historical Mobilax-derived catalog snapshot (supplier label scrubbed)","SAMSUNG-2026-05-27","3000000067888","Original Vibrator Samsung Galaxy S10e G970/Galaxy S6 Edge Plus G928/Galaxy S20 FE 5G G781/Galaxy S20 FE 4G G780/Galaxy A34 5G A346/Galaxy A35 5G A356 GH31-00734A","Samsung","Flat Cable","A","Galaxy S6 Edge Plus G928","","","Galaxy S20 FE 4G G780 | Galaxy S20 FE 5G G781 | Galaxy S6 Edge Plus G928 | Galaxy S10E G970","4","0","draft","candidate_needs_technical_confirmation_not_current_supplier_catalog"
"2026-07-19","historical Mobilax-derived catalog snapshot (supplier label scrubbed)","SAMSUNG-2026-05-27","3000000067963","Premium Sim Tray Samsung Galaxy S20 Plus 5G G986/Galaxy S20 Plus G985 Black","Samsung","Flat Cable","A","Galaxy S20 Plus 5G G986","","","Galaxy S20 Plus G985 | Galaxy S20 Plus 5G G986","2","0","draft","candidate_needs_technical_confirmation_not_current_supplier_catalog"
"2026-07-19","historical Mobilax-derived catalog snapshot (supplier label scrubbed)","SAMSUNG-2026-05-25","3000000068014","Premium Front Camera Samsung Galaxy A31 A315/Galaxy A32 4G A325 20MP","Samsung","Fotocamere","A","Galaxy A31 A315","","","Galaxy A31 A315 | Galaxy A32 4G A325","2","0","draft","candidate_needs_technical_confirmation_not_current_supplier_catalog"
"2026-07-19","historical Mobilax-derived catalog snapshot (supplier label scrubbed)","SAMSUNG-2026-05-25","3000000068038","Premium Inner Earpiece Samsung Galaxy A41 A415/Galaxy A31 A315","Samsung","Speaker","A","Galaxy A31 A315","","","Galaxy A31 A315 | Galaxy A41 A415","2","0","draft","candidate_needs_technical_confirmation_not_current_supplier_catalog"
"2026-07-19","historical Mobilax-derived catalog snapshot (supplier label scrubbed)","SAMSUNG-2026-05-25","3000000069615","Premium LCD Flex Cable Samsung Galaxy M31 M315/Galaxy M30S M307/Galaxy M21 M215","Samsung","Schermi","A","Galaxy M21 M215","","","Galaxy M21 M215 | Galaxy M31 M315","2","0","draft","candidate_needs_technical_confirmation_not_current_supplier_catalog"
"2026-07-19","historical Mobilax-derived catalog snapshot (supplier label scrubbed)","SAMSUNG-2026-05-25","3000000069776","Original Dock Connector Samsung Galaxy A52 5G A526/Galaxy A52 4G A525 GH96-14121A GH96-14374A","Samsung","Connettori","A","Galaxy A52 4G A525","","","Galaxy A52 4G A525 | Galaxy A52 5G A526","2","0","draft","candidate_needs_technical_confirmation_not_current_supplier_catalog"
"2026-07-19","historical Mobilax-derived catalog snapshot (supplier label scrubbed)","SAMSUNG-2026-05-27","3000000070239","Premium FRC Flex Cable Samsung Galaxy S20 Plus 5G G986/Galaxy S20 Plus G985","Samsung","Flat Cable","A","Galaxy S20 Plus 5G G986","","","Galaxy S20 Plus G985 | Galaxy S20 Plus 5G G986","2","0","draft","candidate_needs_technical_confirmation_not_current_supplier_catalog"
"2026-07-19","historical Mobilax-derived catalog snapshot (supplier label scrubbed)","SAMSUNG-2026-05-27","3000000070246","Premium Antenna Samsung Galaxy S20 Plus 5G G986/Galaxy S20 Plus G985","Samsung","Flat Cable","A","Galaxy S20 Plus 5G G986","","","Galaxy S20 Plus G985 | Galaxy S20 Plus 5G G986","2","0","draft","candidate_needs_technical_confirmation_not_current_supplier_catalog"
"2026-07-19","historical Mobilax-derived catalog snapshot (supplier label scrubbed)","SAMSUNG-2026-05-27","3000000070253","Premium Power and Volume Flex Cable Samsung Galaxy S20 FE 5G G781/Galaxy S20 FE 4G G780/Galaxy A52 5G A526/Galaxy A72 4G A725/Galaxy A52 4G A525/Galaxy A52s 5G A528","Samsung","Flat Cable","A","Galaxy S20 FE 4G G780","","","Galaxy S20 FE 4G G780 | Galaxy S20 FE 5G G781","2","0","draft","candidate_needs_technical_confirmation_not_current_supplier_catalog"
"2026-07-19","historical Mobilax-derived catalog snapshot (supplier label scrubbed)","SAMSUNG-2026-05-27","3000000070291","Premium On/Off and Volume Buttons Samsung Galaxy S20 FE 5G G781/Galaxy S20 FE 4G G780 Cloud Navy","Samsung","Flat Cable","A","Galaxy S20 FE 4G G780","","","Galaxy S20 FE 4G G780 | Galaxy S20 FE 5G G781","2","0","draft","candidate_needs_technical_confirmation_not_current_supplier_catalog"
"2026-07-19","historical Mobilax-derived catalog snapshot (supplier label scrubbed)","SAMSUNG-2026-05-27","3000000070307","Premium On/Off and Volume Buttons Samsung Galaxy S20 FE 5G G781/Galaxy S20 FE 4G G780 Cloud Orange","Samsung","Flat Cable","A","Galaxy S20 FE 4G G780","","","Galaxy S20 FE 4G G780 | Galaxy S20 FE 5G G781","2","0","draft","candidate_needs_technical_confirmation_not_current_supplier_catalog"
"2026-07-19","historical Mobilax-derived catalog snapshot (supplier label scrubbed)","SAMSUNG-2026-05-27","3000000070321","Premium On/Off and Volume Buttons Samsung Galaxy S20 FE 5G G781/Galaxy S20 FE 4G G780 Cloud Red","Samsung","Flat Cable","A","Galaxy S20 FE 4G G780","","","Galaxy S20 FE 4G G780 | Galaxy S20 FE 5G G781","2","0","draft","candidate_needs_technical_confirmation_not_current_supplier_catalog"
"2026-07-19","historical Mobilax-derived catalog snapshot (supplier label scrubbed)","SAMSUNG-2026-05-27","3000000070338","Premium Volume Button Samsung Galaxy S20 FE 5G G781/Galaxy S20 FE 4G G780 Cloud Lavender","Samsung","Flat Cable","A","Galaxy S20 FE 4G G780","","","Galaxy S20 FE 4G G780 | Galaxy S20 FE 5G G781","2","0","draft","candidate_needs_technical_confirmation_not_current_supplier_catalog"
"2026-07-19","historical Mobilax-derived catalog snapshot (supplier label scrubbed)","SAMSUNG-2026-05-27","3000000070345","Premium On/Off and Volume Buttons Samsung Galaxy S20 FE 5G G781/Galaxy S20 FE 4G G780 Cloud White","Samsung","Flat Cable","A","Galaxy S20 FE 4G G780","","","Galaxy S20 FE 4G G780 | Galaxy S20 FE 5G G781","2","0","draft","candidate_needs_technical_confirmation_not_current_supplier_catalog"
"2026-07-19","historical Mobilax-derived catalog snapshot (supplier label scrubbed)","XIAOMI-2026-05-27","3000000070390","Premium Power and Volume Flex Cable Xiaomi Redmi Note 7/Redmi Note 7 Pro","Xiaomi","Flat Cable","A","Redmi Note 7","","","Redmi Note 7 | Redmi Note 7 Pro","2","0","draft","candidate_needs_technical_confirmation_not_current_supplier_catalog"
"2026-07-19","historical Mobilax-derived catalog snapshot (supplier label scrubbed)","SAMSUNG-2026-05-25","3000000070710","Premium Power and Volume Flex Cable Samsung Galaxy A42 5G A426/Galaxy A32 4G A325","Samsung","Flat Cable","A","Galaxy A32 4G A325","","","Galaxy A32 4G A325 | Galaxy A42 5G A426","2","0","draft","candidate_needs_technical_confirmation_not_current_supplier_catalog"
"2026-07-19","historical Mobilax-derived catalog snapshot (supplier label scrubbed)","SAMSUNG-2026-05-25","3000000070932","Original Dock Connector Samsung Galaxy A72 4G A725/Galaxy A72 5G A726 GH96-14128A","Samsung","Connettori","A","Galaxy A72 4G A725","","","Galaxy A72 4G A725 | Galaxy A72 5G A726","2","0","draft","candidate_needs_technical_confirmation_not_current_supplier_catalog"
"2026-07-19","historical Mobilax-derived catalog snapshot (supplier label scrubbed)","SAMSUNG-2026-05-27","3000000071052","Premium Sim Tray Samsung Galaxy S10e G970/Galaxy S10 G973/Galaxy S10 Plus G975 Gold","Samsung","Flat Cable","A","Galaxy S10 G973","","","Galaxy S10 Plus G975 | Galaxy S10E G970 | Galaxy S10 G973","3","0","draft","candidate_needs_technical_confirmation_not_current_supplier_catalog"
"2026-07-19","historical Mobilax-derived catalog snapshot (supplier label scrubbed)","XIAOMI-2026-05-27","3000000071533","Premium Dock Connector Xiaomi Poco X3 NFC/Poco X3 Pro","Xiaomi","Connettori","A","Poco X3 NFC","","","Poco X3 Pro | Poco X3 NFC","2","0","draft","candidate_needs_technical_confirmation_not_current_supplier_catalog"
"2026-07-19","historical Mobilax-derived catalog snapshot (supplier label scrubbed)","SAMSUNG-2026-05-27","3000000071717","Original SIM Tray Samsung Galaxy S20 FE 5G G781/Galaxy S20 FE 4G G780 GH98-46007D Cloud Mint","Samsung","Flat Cable","A","Galaxy S20 FE 4G G780","","","Galaxy S20 FE 4G G780 | Galaxy S20 FE 5G G781","2","0","draft","candidate_needs_technical_confirmation_not_current_supplier_catalog"
"2026-07-19","historical Mobilax-derived catalog snapshot (supplier label scrubbed)","SAMSUNG-2026-05-27","3000000071724","Premium Fingerprint Reader Samsung Galaxy S20 FE 5G G781/Galaxy S20 FE 4G G780","Samsung","Flat Cable","A","Galaxy S20 FE 4G G780","","","Galaxy S20 FE 4G G780 | Galaxy S20 FE 5G G781","2","0","draft","candidate_needs_technical_confirmation_not_current_supplier_catalog"
"2026-07-19","historical Mobilax-derived catalog snapshot (supplier label scrubbed)","OPPO-2026-05-27","3000000072493","Premium Power Flex Cable OPPO A5 2020/A9 2020","OPPO","Flat Cable","A","A5 2020","","","A5 2020 | A9 2020","2","0","draft","candidate_needs_technical_confirmation_not_current_supplier_catalog"
"2026-07-19","historical Mobilax-derived catalog snapshot (supplier label scrubbed)","OPPO-2026-05-27","3000000072509","Premium Volume Flex Cable OPPO A5 2020/A9 2020","OPPO","Flat Cable","A","A5 2020","","","A5 2020 | A9 2020","2","0","draft","candidate_needs_technical_confirmation_not_current_supplier_catalog"
"2026-07-19","historical Mobilax-derived catalog snapshot (supplier label scrubbed)","HONOR-2026-05-27","3000000072547","Premium Fingerprint Reader Honor 9X/9X Pro Black","Honor","Flat Cable","A","9X","","","9X | 9X Pro","2","0","draft","candidate_needs_technical_confirmation_not_current_supplier_catalog"
"2026-07-19","historical Mobilax-derived catalog snapshot (supplier label scrubbed)","SAMSUNG-2026-05-25","3000000072707","Original Dock Connector Samsung Galaxy A12 A125/Galaxy M12 M127 GH96-14044A","Samsung","Connettori","A","Galaxy A12 A125","","","Galaxy A12 A125 | Galaxy M12 M127","2","0","draft","candidate_needs_technical_confirmation_not_current_supplier_catalog"
"2026-07-19","historical Mobilax-derived catalog snapshot (supplier label scrubbed)","SAMSUNG-2026-05-27","3000000072745","Premium Sim Tray Samsung Galaxy S20 FE 5G G781/Galaxy S20 FE 4G G780 Cloud Lavender","Samsung","Flat Cable","A","Galaxy S20 FE 4G G780","","","Galaxy S20 FE 4G G780 | Galaxy S20 FE 5G G781","2","0","draft","candidate_needs_technical_confirmation_not_current_supplier_catalog"
"2026-07-19","historical Mobilax-derived catalog snapshot (supplier label scrubbed)","SAMSUNG-2026-05-27","3000000072769","Premium Sim Tray Samsung Galaxy S20 FE 5G G781/Galaxy S20 FE 4G G780 Cloud Navy","Samsung","Flat Cable","A","Galaxy S20 FE 4G G780","","","Galaxy S20 FE 4G G780 | Galaxy S20 FE 5G G781","2","0","draft","candidate_needs_technical_confirmation_not_current_supplier_catalog"
"2026-07-19","historical Mobilax-derived catalog snapshot (supplier label scrubbed)","SAMSUNG-2026-05-27","3000000072776","Original SIM Tray Samsung Galaxy S20 FE 5G G781/Galaxy S20 FE 4G G780 GH98-46007F Cloud Orange","Samsung","Flat Cable","A","Galaxy S20 FE 4G G780","","","Galaxy S20 FE 4G G780 | Galaxy S20 FE 5G G781","2","0","draft","candidate_needs_technical_confirmation_not_current_supplier_catalog"
"2026-07-19","historical Mobilax-derived catalog snapshot (supplier label scrubbed)","SAMSUNG-2026-05-27","3000000072783","Original SIM Tray Samsung Galaxy S20 FE 5G G781/Galaxy S20 FE 4G G780 GH98-46007E Cloud Red","Samsung","Flat Cable","A","Galaxy S20 FE 4G G780","","","Galaxy S20 FE 4G G780 | Galaxy S20 FE 5G G781","2","0","draft","candidate_needs_technical_confirmation_not_current_supplier_catalog"
"2026-07-19","historical Mobilax-derived catalog snapshot (supplier label scrubbed)","SAMSUNG-2026-05-27","3000000072790","Original SIM Tray Samsung Galaxy S20 FE 5G G781/Galaxy S20 FE 4G G780 GH98-46007B   Cloud White","Samsung","Flat Cable","A","Galaxy S20 FE 4G G780","","","Galaxy S20 FE 4G G780 | Galaxy S20 FE 5G G781","2","0","draft","candidate_needs_technical_confirmation_not_current_supplier_catalog"
"2026-07-19","historical Mobilax-derived catalog snapshot (supplier label scrubbed)","XIAOMI-2026-05-27","3000000072936","Premium Sim Tray Xiaomi Redmi 9/Redmi 9T Green Ocean","Xiaomi","Flat Cable","A","Redmi 9","","","Redmi 9 | Redmi 9T","2","0","draft","candidate_needs_technical_confirmation_not_current_supplier_catalog"
"2026-07-19","historical Mobilax-derived catalog snapshot (supplier label scrubbed)","SAMSUNG-2026-05-25","3000000073728","Premium On/Off and Volume Buttons Samsung Galaxy Note 20 5G N981/Galaxy Note 20 Ultra 5G N986/Galaxy Note 20 N980 Mystic Bronze","Samsung","Flat Cable","A","Galaxy Note 20 5G N981","","","Galaxy Note 20 5G N981 | Galaxy Note 20 N980 | Galaxy Note 20 Ultra 5G N986","3","0","draft","candidate_needs_technical_confirmation_not_current_supplier_catalog"
"2026-07-19","historical Mobilax-derived catalog snapshot (supplier label scrubbed)","HONOR-2026-05-27","3000000073766","Premium Fingerprint Reader Honor 9X/9X Pro Ghost Blue","Honor","Flat Cable","A","9X","","","9X | 9X Pro","2","0","draft","candidate_needs_technical_confirmation_not_current_supplier_catalog"
"2026-07-19","historical Mobilax-derived catalog snapshot (supplier label scrubbed)","SAMSUNG-2026-05-27","3000000073773","Original On/Off Button Samsung Galaxy S10 G973/Galaxy S10 Plus G975 GH98-43730A Black","Samsung","Flat Cable","A","Galaxy S10 G973","","","Galaxy S10 Plus G975 | Galaxy S10 G973","2","0","draft","candidate_needs_technical_confirmation_not_current_supplier_catalog"
"2026-07-19","historical Mobilax-derived catalog snapshot (supplier label scrubbed)","SAMSUNG-2026-05-27","3000000073803","Premium On/Off and Volume Buttons Samsung Galaxy S10 G973/Galaxy S10 Plus G975 Blue","Samsung","Flat Cable","A","Galaxy S10 G973","","","Galaxy S10 Plus G975 | Galaxy S10 G973","2","0","draft","candidate_needs_technical_confirmation_not_current_supplier_catalog"
"2026-07-19","historical Mobilax-derived catalog snapshot (supplier label scrubbed)","SAMSUNG-2026-05-27","3000000073827","Original Volume Button Samsung Galaxy S10 G973/Galaxy S10 Plus G975 GH98-43731A Black","Samsung","Flat Cable","A","Galaxy S10 G973","","","Galaxy S10 Plus G975 | Galaxy S10 G973","2","0","draft","candidate_needs_technical_confirmation_not_current_supplier_catalog"
"2026-07-19","historical Mobilax-derived catalog snapshot (supplier label scrubbed)","SAMSUNG-2026-05-27","3000000073834","Premium On/Off and Volume Buttons Samsung Galaxy S10 G973/Galaxy S10 Plus G975 White","Samsung","Flat Cable","A","Galaxy S10 G973","","","Galaxy S10 Plus G975 | Galaxy S10 G973","2","0","draft","candidate_needs_technical_confirmation_not_current_supplier_catalog"
"2026-07-19","historical Mobilax-derived catalog snapshot (supplier label scrubbed)","SAMSUNG-2026-05-27","3000000073865","Premium On/Off and Volume Buttons Samsung Galaxy S10 G973/Galaxy S10 Plus G975 Prism Green","Samsung","Flat Cable","A","Galaxy S10 G973","","","Galaxy S10 Plus G975 | Galaxy S10 G973","2","0","draft","candidate_needs_technical_confirmation_not_current_supplier_catalog"
"2026-07-19","historical Mobilax-derived catalog snapshot (supplier label scrubbed)","SAMSUNG-2026-05-27","3000000073971","Original Dock Connector Samsung Galaxy S20 Plus 5G G986/Galaxy S20 Plus G985 GH96-13083A","Samsung","Connettori","A","Galaxy S20 Plus 5G G986","","","Galaxy S20 Plus G985 | Galaxy S20 Plus 5G G986","2","0","draft","candidate_needs_technical_confirmation_not_current_supplier_catalog"
"2026-07-19","historical Mobilax-derived catalog snapshot (supplier label scrubbed)","OPPO-2026-05-27","3000000073995","Oled Display Touchscreen OPPO Find X3 Lite/Reno6 5G Realme GT Master Edition CPH2145 Black","OPPO","Schermi","A","Find X3 Lite","","","Find X3 Lite | RENO6 5G","2","0","draft","candidate_needs_technical_confirmation_not_current_supplier_catalog"
"2026-07-19","historical Mobilax-derived catalog snapshot (supplier label scrubbed)","OPPO-2026-05-27","3000000074060","Premium Battery OPPO Find X3 Neo/Reno6 Pro 5G (CPH2247) BLP825","OPPO","Batterie","A","Find X3 Neo","","","Find X3 Neo | RENO6 Pro 5G CPH2247","2","0","draft","candidate_needs_technical_confirmation_not_current_supplier_catalog"
"2026-07-19","historical Mobilax-derived catalog snapshot (supplier label scrubbed)","XIAOMI-2026-05-27","3000000074305","Premium Loudspeaker Xiaomi Mi Note 10/Mi Note 10 Lite/Mi Note 10 Pro","Xiaomi","Speaker","A","Mi Note 10","","","Mi Note 10 | Mi Note 10 Lite | Mi Note 10 Pro","3","0","draft","candidate_needs_technical_confirmation_not_current_supplier_catalog"
"2026-07-19","historical Mobilax-derived catalog snapshot (supplier label scrubbed)","XIAOMI-2026-05-27","3000000074312","Premium Loudspeaker Xiaomi Mi 10/Mi 10 Pro Version A","Xiaomi","Speaker","A","Mi 10","","","Mi 10 | Mi 10 Pro","2","0","draft","candidate_needs_technical_confirmation_not_current_supplier_catalog"
"2026-07-19","historical Mobilax-derived catalog snapshot (supplier label scrubbed)","XIAOMI-2026-05-27","3000000074411","Premium Inner Earpiece Xiaomi Mi 10/Mi 10 Pro","Xiaomi","Speaker","A","Mi 10","","","Mi 10 | Mi 10 Pro","2","0","draft","candidate_needs_technical_confirmation_not_current_supplier_catalog"
"2026-07-19","historical Mobilax-derived catalog snapshot (supplier label scrubbed)","XIAOMI-2026-05-27","3000000074572","Premium On/Off and Volume Buttons Xiaomi Redmi Note 7/Redmi Note 7 Pro Black","Xiaomi","Flat Cable","A","Redmi Note 7","","","Redmi Note 7 | Redmi Note 7 Pro","2","0","draft","candidate_needs_technical_confirmation_not_current_supplier_catalog"
"2026-07-19","historical Mobilax-derived catalog snapshot (supplier label scrubbed)","XIAOMI-2026-05-27","3000000074589","Premium On/Off and Volume Buttons Xiaomi Redmi Note 7/Redmi Note 7 Pro Red","Xiaomi","Flat Cable","A","Redmi Note 7","","","Redmi Note 7 | Redmi Note 7 Pro","2","0","draft","candidate_needs_technical_confirmation_not_current_supplier_catalog"
"2026-07-19","historical Mobilax-derived catalog snapshot (supplier label scrubbed)","XIAOMI-2026-05-27","3000000074619","Premium On/Off and Volume Buttons Xiaomi Redmi Note 7/Redmi Note 7 Pro Blue","Xiaomi","Flat Cable","A","Redmi Note 7","","","Redmi Note 7 | Redmi Note 7 Pro","2","0","draft","candidate_needs_technical_confirmation_not_current_supplier_catalog"
"2026-07-19","historical Mobilax-derived catalog snapshot (supplier label scrubbed)","XIAOMI-2026-05-27","3000000074626","Premium SIM Reader Xiaomi Redmi Note 7/Redmi Note 8 Pro","Xiaomi","Flat Cable","A","Redmi Note 7","","","Redmi Note 7 | Redmi Note 8 Pro","2","0","draft","candidate_needs_technical_confirmation_not_current_supplier_catalog"
"2026-07-19","historical Mobilax-derived catalog snapshot (supplier label scrubbed)","XIAOMI-2026-05-27","3000000074640","Premium Inner Earpiece Xiaomi Mi 9 Lite/Redmi 8/Redmi Note 8 Pro/Redmi Note 8/Redmi Note 8 2021","Xiaomi","Speaker","A","Mi 9 Lite","","","Mi 9 Lite | Redmi 8 | Redmi Note 8 | Redmi Note 8 2021 | Redmi Note 8 Pro","5","0","draft","candidate_needs_technical_confirmation_not_current_supplier_catalog"
"2026-07-19","historical Mobilax-derived catalog snapshot (supplier label scrubbed)","XIAOMI-2026-05-27","3000000074657","Premium Power and Volume Flex Cable Xiaomi Redmi 8/Redmi 8A","Xiaomi","Flat Cable","A","Redmi 8","","","Redmi 8 | Redmi 8A","2","0","draft","candidate_needs_technical_confirmation_not_current_supplier_catalog"
"2026-07-19","historical Mobilax-derived catalog snapshot (supplier label scrubbed)","SAMSUNG-2026-05-27","3000000074800","Premium SIM Reader Samsung Galaxy S10e G970/Galaxy S10 Lite G770","Samsung","Flat Cable","A","Galaxy S10 Lite G770","","","Galaxy S10E G970 | Galaxy S10 Lite G770","2","0","draft","candidate_needs_technical_confirmation_not_current_supplier_catalog"
"2026-07-19","historical Mobilax-derived catalog snapshot (supplier label scrubbed)","SAMSUNG-2026-05-27","3000000075142","Premium Front Camera Samsung Galaxy S21 Plus 5G G996/Galaxy S21 5G G991 10MP","Samsung","Fotocamere","A","Galaxy S21 5G G991","","","Galaxy S21 Plus 5G G996 | Galaxy S21 5G G991","2","0","draft","candidate_needs_technical_confirmation_not_current_supplier_catalog"
"2026-07-19","historical Mobilax-derived catalog snapshot (supplier label scrubbed)","SAMSUNG-2026-05-25","3000000075272","Original Back Cover Samsung Galaxy A52 5G A526/Galaxy A52 4G A525 GH82-25225A Awesome Black","Samsung","Back Cover","A","Galaxy A52 4G A525","","","Galaxy A52 4G A525 | Galaxy A52 5G A526","2","0","draft","candidate_needs_technical_confirmation_not_current_supplier_catalog"
"2026-07-19","historical Mobilax-derived catalog snapshot (supplier label scrubbed)","SAMSUNG-2026-05-25","3000000075289","Original Back Cover Samsung Galaxy A52 5G A526/Galaxy A52 4G A525 GH82-25225B GH82-25227B Awesome Blue","Samsung","Back Cover","A","Galaxy A52 4G A525","","","Galaxy A52 4G A525 | Galaxy A52 5G A526","2","0","draft","candidate_needs_technical_confirmation_not_current_supplier_catalog"
"2026-07-19","historical Mobilax-derived catalog snapshot (supplier label scrubbed)","SAMSUNG-2026-05-25","3000000075296","Original Back Cover Samsung Galaxy A52 5G A526/Galaxy A52 4G A525 GH82-25225D GH82-25427D Awesome White","Samsung","Back Cover","A","Galaxy A52 4G A525","","","Galaxy A52 4G A525 | Galaxy A52 5G A526","2","0","draft","candidate_needs_technical_confirmation_not_current_supplier_catalog"
"2026-07-19","historical Mobilax-derived catalog snapshot (supplier label scrubbed)","SAMSUNG-2026-05-25","3000000075302","Original Back Cover Samsung Galaxy A52 5G A526/Galaxy A52 4G A525 GH82-25225C GH82-25227C Awesome Violet","Samsung","Back Cover","A","Galaxy A52 4G A525","","","Galaxy A52 4G A525 | Galaxy A52 5G A526","2","0","draft","candidate_needs_technical_confirmation_not_current_supplier_catalog"
"2026-07-19","historical Mobilax-derived catalog snapshot (supplier label scrubbed)","SAMSUNG-2026-05-25","3000000075319","Original Back Cover Samsung Galaxy A72 4G A725/Galaxy A72 5G A726 GH82-25448A Awesome Black","Samsung","Back Cover","A","Galaxy A72 4G A725","","","Galaxy A72 4G A725 | Galaxy A72 5G A726","2","0","draft","candidate_needs_technical_confirmation_not_current_supplier_catalog"
"2026-07-19","historical Mobilax-derived catalog snapshot (supplier label scrubbed)","SAMSUNG-2026-05-25","3000000075326","Original Back Cover Samsung Galaxy A72 4G A725/Galaxy A72 5G A726 GH82-25448B Awesome Blue","Samsung","Back Cover","A","Galaxy A72 4G A725","","","Galaxy A72 4G A725 | Galaxy A72 5G A726","2","0","draft","candidate_needs_technical_confirmation_not_current_supplier_catalog"
"2026-07-19","historical Mobilax-derived catalog snapshot (supplier label scrubbed)","SAMSUNG-2026-05-25","3000000075333","Original Back Cover Samsung Galaxy A72 4G A725/Galaxy A72 5G A726 GH82-25448C Awesome Violet","Samsung","Back Cover","A","Galaxy A72 4G A725","","","Galaxy A72 4G A725 | Galaxy A72 5G A726","2","0","draft","candidate_needs_technical_confirmation_not_current_supplier_catalog"
"2026-07-19","historical Mobilax-derived catalog snapshot (supplier label scrubbed)","SAMSUNG-2026-05-25","3000000075340","Original Back Cover Samsung Galaxy A72 4G A725/Galaxy A72 5G A726 GH82-25448D Awesome White","Samsung","Back Cover","A","Galaxy A72 4G A725","","","Galaxy A72 4G A725 | Galaxy A72 5G A726","2","0","draft","candidate_needs_technical_confirmation_not_current_supplier_catalog"
"2026-07-19","historical Mobilax-derived catalog snapshot (supplier label scrubbed)","2026-05-25","3000000075609","Lens Apple iPhone 7/iPhone 8/iPhone SE (2nd Gen)/iPhone SE (3e Gen) (x5)","Apple","Fotocamere","A","iPhone 7","","","iPhone 7 | iPhone 8 | iPhone SE 2nd Gen | iPhone SE 3rd Gen","4","0","draft","candidate_needs_technical_confirmation_not_current_supplier_catalog"
"2026-07-19","historical Mobilax-derived catalog snapshot (supplier label scrubbed)","SAMSUNG-2026-05-25","3000000075623","Original SIM Tray Samsung Galaxy A12 A125/Galaxy A12 Nacho A127 GH98-46124B White","Samsung","Flat Cable","A","Galaxy A12 A125","","","Galaxy A12 A125 | Galaxy A12 Nacho A127","2","0","draft","candidate_needs_technical_confirmation_not_current_supplier_catalog"
"2026-07-19","historical Mobilax-derived catalog snapshot (supplier label scrubbed)","SAMSUNG-2026-05-25","3000000075630","Original SIM Tray Samsung Galaxy A12 A125/Galaxy A12 Nacho A127 GH98-46124C Blue","Samsung","Flat Cable","A","Galaxy A12 A125","","","Galaxy A12 A125 | Galaxy A12 Nacho A127","2","0","draft","candidate_needs_technical_confirmation_not_current_supplier_catalog"
"2026-07-19","historical Mobilax-derived catalog snapshot (supplier label scrubbed)","2026-05-25","3000000075708","Lens Apple iPhone XS/iPhone XS Max","Apple","Fotocamere","A","iPhone XS","","","iPhone XS | iPhone XS Max","2","0","draft","candidate_needs_technical_confirmation_not_current_supplier_catalog"
"2026-07-19","historical Mobilax-derived catalog snapshot (supplier label scrubbed)","SAMSUNG-2026-05-25","3000000075821","Premium Loudspeaker Samsung Galaxy A42 5G A426/Galaxy A32 5G A326/Galaxy A32 4G A325/Galaxy A13 5G A136/Galaxy M22 M225/Galaxy A23 5G A236/Galaxy M23 5G M236/Galaxy M33 5G M336/Galaxy M13 M135/Galaxy A23 4G A235/Galaxy M14 5G M146/Galaxy A25 5G A256/Galaxy M15 5G M156","Samsung","Speaker","A","Galaxy A13 5G A136","","","Galaxy A13 5G A136 | Galaxy A23 4G A235 | Galaxy A23 5G A236 | Galaxy A25 5G A256 | Galaxy A32 4G A325 | Galaxy A32 5G A326 | Galaxy A42 5G A426 | Galaxy M13 M135 | Galaxy M14 5G M146 | Galaxy M15 5G M156 | Galaxy M22 M225 | Galaxy M23 5G M236 | Galaxy M33 5G M336","13","0","draft","candidate_needs_technical_confirmation_not_current_supplier_catalog"
"2026-07-19","historical Mobilax-derived catalog snapshot (supplier label scrubbed)","SAMSUNG-2026-05-27","3000000075944","Premium Lens Samsung Galaxy S20 FE 5G G781/Galaxy S20 FE 4G G780 Black","Samsung","Fotocamere","A","Galaxy S20 FE 4G G780","","","Galaxy S20 FE 4G G780 | Galaxy S20 FE 5G G781","2","0","draft","candidate_needs_technical_confirmation_not_current_supplier_catalog"
"2026-07-19","historical Mobilax-derived catalog snapshot (supplier label scrubbed)","SAMSUNG-2026-05-27","3000000075951","Premium lens holder Samsung Galaxy S20 FE 5G G781/Galaxy S20 FE 4G G780 Black","Samsung","Fotocamere","A","Galaxy S20 FE 4G G780","","","Galaxy S20 FE 4G G780 | Galaxy S20 FE 5G G781","2","0","draft","candidate_needs_technical_confirmation_not_current_supplier_catalog"
"2026-07-19","historical Mobilax-derived catalog snapshot (supplier label scrubbed)","SAMSUNG-2026-05-27","3000000075975","Premium lens holder Samsung Galaxy S20 FE 5G G781/Galaxy S20 FE 4G G780 Cloud Lavender","Samsung","Fotocamere","A","Galaxy S20 FE 4G G780","","","Galaxy S20 FE 4G G780 | Galaxy S20 FE 5G G781","2","0","draft","candidate_needs_technical_confirmation_not_current_supplier_catalog"
"2026-07-19","historical Mobilax-derived catalog snapshot (supplier label scrubbed)","REALME-2026-05-27","3000000076187","Premium Battery Realme 8 Pro 4G/9 Pro+ BLP837","Realme","Batterie","A","8 Pro 4G","","","8 Pro 4G | 9 Pro+","2","0","draft","candidate_needs_technical_confirmation_not_current_supplier_catalog"
"2026-07-19","historical Mobilax-derived catalog snapshot (supplier label scrubbed)","OPPO-2026-05-27","3000000077283","Premium Inner Earpiece OPPO A53s 2020/A52 4G/A53 4G 2020 Realme GT 2/GT 2 Pro","OPPO","Speaker","A","A52 4G","","","A52 4G | A53 4G 2020","2","0","draft","candidate_needs_technical_confirmation_not_current_supplier_catalog"
"2026-07-19","historical Mobilax-derived catalog snapshot (supplier label scrubbed)","SAMSUNG-2026-05-25","3000000077610","Original Volume Flex Cable Samsung Galaxy A12 A125/Galaxy A32 5G A326/Galaxy M51 M515/Galaxy M12 M127/Galaxy M32 M325/Galaxy A12 Nacho A127/Galaxy M52 5G M526/Galaxy A13 5G A136/Galaxy M22 M225/Galaxy A23 5G A236/Galaxy A13 4G A135/Galaxy M31s M317/Galaxy M23 5G M236/Galaxy M33 5G M336/Galaxy A13 4G A137/Galaxy A23 4G A235 GH59-15363A","Samsung","Flat Cable","A","Galaxy A12 A125","","","Galaxy A12 A125 | Galaxy A12 Nacho A127 | Galaxy A13 4G A135 | Galaxy A13 4G A137 | Galaxy A13 5G A136 | Galaxy A23 4G A235 | Galaxy A23 5G A236 | Galaxy A32 5G A326 | Galaxy M12 M127 | Galaxy M22 M225 | Galaxy M23 5G M236 | Galaxy M32 M325 | Galaxy M33 5G M336 | Galaxy M51 M515 | Galaxy M52 5G M526","15","0","draft","candidate_needs_technical_confirmation_not_current_supplier_catalog"
"2026-07-19","historical Mobilax-derived catalog snapshot (supplier label scrubbed)","SAMSUNG-2026-05-25","3000000077757","Premium Vibrator Samsung Galaxy A42 5G A426/Galaxy A52 5G A526/Galaxy A72 4G A725/Galaxy A52 4G A525/Galaxy A32 4G A325/Galaxy A52s 5G A528/Galaxy A13 5G A136/Galaxy A23 5G A236/Galaxy A13 4G A135/Galaxy A13 4G A137/Galaxy A04s A047F/Galaxy A23 4G A235/Galaxy  A24 4G A245/Galaxy A25 5G A256","Samsung","Flat Cable","A","Galaxy A13 4G A135","","","Galaxy A13 4G A135 | Galaxy A13 4G A137 | Galaxy A13 5G A136 | Galaxy A23 4G A235 | Galaxy A23 5G A236 | Galaxy A24 4G A245 | Galaxy A25 5G A256 | Galaxy A32 4G A325 | Galaxy A42 5G A426 | Galaxy A52 4G A525 | Galaxy A52 5G A526 | Galaxy A72 4G A725","12","0","draft","candidate_needs_technical_confirmation_not_current_supplier_catalog"
"2026-07-19","historical Mobilax-derived catalog snapshot (supplier label scrubbed)","2026-05-25","3000000077818","Speaker Support Apple iPhone X/iPhone XS/iPhone XS Max x10","Apple","Connettori","A","iPhone X","","","iPhone X | iPhone XS | iPhone XS Max","3","0","draft","candidate_needs_technical_confirmation_not_current_supplier_catalog"
"2026-07-19","historical Mobilax-derived catalog snapshot (supplier label scrubbed)","XIAOMI-2026-05-27","3000000077924","Premium Ultra Wide Angle Camera Xiaomi Redmi Note 8T/Redmi Note 8 8MP","Xiaomi","Fotocamere","A","Redmi Note 8","","","Redmi Note 8 | Redmi Note 8T","2","0","draft","candidate_needs_technical_confirmation_not_current_supplier_catalog"
"2026-07-19","historical Mobilax-derived catalog snapshot (supplier label scrubbed)","XIAOMI-2026-05-27","3000000077931","Premium Macro Sensor Xiaomi Redmi Note 8T/Redmi Note 8 2MP","Xiaomi","Flat Cable","A","Redmi Note 8","","","Redmi Note 8 | Redmi Note 8T","2","0","draft","candidate_needs_technical_confirmation_not_current_supplier_catalog"
"2026-07-19","historical Mobilax-derived catalog snapshot (supplier label scrubbed)","XIAOMI-2026-05-27","3000000077955","Premium Depth Sensor Xiaomi Redmi Note 8T/Redmi Note 8 2MP","Xiaomi","Flat Cable","A","Redmi Note 8","","","Redmi Note 8 | Redmi Note 8T","2","0","draft","candidate_needs_technical_confirmation_not_current_supplier_catalog"
"2026-07-19","historical Mobilax-derived catalog snapshot (supplier label scrubbed)","SAMSUNG-2026-05-25","3000000078006","Original Lens Samsung Galaxy A12 A125/Galaxy M12 M127/Galaxy A12 Nacho A127 GH64-08313A","Samsung","Fotocamere","A","Galaxy A12 A125","","","Galaxy A12 A125 | Galaxy A12 Nacho A127 | Galaxy M12 M127","3","0","draft","candidate_needs_technical_confirmation_not_current_supplier_catalog"
"2026-07-19","historical Mobilax-derived catalog snapshot (supplier label scrubbed)","SAMSUNG-2026-05-25","3000000078181","Original SIM Tray Samsung Galaxy A12 A125/Galaxy A12 Nacho A127 GH98-46124A Black","Samsung","Flat Cable","A","Galaxy A12 A125","","","Galaxy A12 A125 | Galaxy A12 Nacho A127","2","0","draft","candidate_needs_technical_confirmation_not_current_supplier_catalog"
"2026-07-19","historical Mobilax-derived catalog snapshot (supplier label scrubbed)","SAMSUNG-2026-05-25","3000000078198","Premium Front Camera Samsung Galaxy A12 A125/Galaxy M12 M127/Galaxy A12 Nacho A127 8MP","Samsung","Fotocamere","A","Galaxy A12 A125","","","Galaxy A12 A125 | Galaxy A12 Nacho A127 | Galaxy M12 M127","3","0","draft","candidate_needs_technical_confirmation_not_current_supplier_catalog"
"2026-07-19","historical Mobilax-derived catalog snapshot (supplier label scrubbed)","SAMSUNG-2026-05-25","3000000078297","Original Connection Flex Cable Samsung Galaxy A52 5G A526/Galaxy A52 4G A525 GH59-15425A","Samsung","Flat Cable","A","Galaxy A52 4G A525","","","Galaxy A52 4G A525 | Galaxy A52 5G A526","2","0","draft","candidate_needs_technical_confirmation_not_current_supplier_catalog"
"2026-07-19","historical Mobilax-derived catalog snapshot (supplier label scrubbed)","SAMSUNG-2026-05-25","3000000078303","Premium Sim Tray Samsung Galaxy A52 5G A526/Galaxy A72 4G A725/Galaxy A72 5G A726/Galaxy A52 4G A525/Galaxy A52s 5G A528 Awesome Black","Samsung","Flat Cable","A","Galaxy A52 4G A525","","","Galaxy A52 4G A525 | Galaxy A52 5G A526 | Galaxy A72 4G A725 | Galaxy A72 5G A726","4","0","draft","candidate_needs_technical_confirmation_not_current_supplier_catalog"
"2026-07-19","historical Mobilax-derived catalog snapshot (supplier label scrubbed)","SAMSUNG-2026-05-25","3000000078310","Premium Sim Tray Samsung Galaxy A52 5G A526/Galaxy A72 4G A725/Galaxy A72 5G A726/Galaxy A52 4G A525/Galaxy A52s 5G A528 Awesome White","Samsung","Flat Cable","A","Galaxy A52 4G A525","","","Galaxy A52 4G A525 | Galaxy A52 5G A526 | Galaxy A72 4G A725 | Galaxy A72 5G A726","4","0","draft","candidate_needs_technical_confirmation_not_current_supplier_catalog"
"2026-07-19","historical Mobilax-derived catalog snapshot (supplier label scrubbed)","SAMSUNG-2026-05-25","3000000078327","Premium Sim Tray Samsung Galaxy A52 5G A526/Galaxy A72 4G A725/Galaxy A72 5G A726/Galaxy A52 4G A525 Awesome Blue","Samsung","Flat Cable","A","Galaxy A52 4G A525","","","Galaxy A52 4G A525 | Galaxy A52 5G A526 | Galaxy A72 4G A725 | Galaxy A72 5G A726","4","0","draft","candidate_needs_technical_confirmation_not_current_supplier_catalog"
"2026-07-19","historical Mobilax-derived catalog snapshot (supplier label scrubbed)","SAMSUNG-2026-05-25","3000000078334","Premium Sim Tray Samsung Galaxy A52 5G A526/Galaxy A72 4G A725/Galaxy A72 5G A726/Galaxy A52 4G A525/Galaxy A52s 5G A528 Awesome Violet","Samsung","Flat Cable","A","Galaxy A52 4G A525","","","Galaxy A52 4G A525 | Galaxy A52 5G A526 | Galaxy A72 4G A725 | Galaxy A72 5G A726","4","0","draft","candidate_needs_technical_confirmation_not_current_supplier_catalog"
"2026-07-19","historical Mobilax-derived catalog snapshot (supplier label scrubbed)","TCL-2026-05-27","3000000078693","Premium Battery TCL 10 Pro T799H/T799B/20 Pro TLP043D1 TLP043D7","TCL","Batterie","A","10 Pro T799H T799B","","","10 Pro T799H T799B | 20 Pro","2","0","draft","candidate_needs_technical_confirmation_not_current_supplier_catalog"
"2026-07-19","historical Mobilax-derived catalog snapshot (supplier label scrubbed)","SAMSUNG-2026-05-25","3000000078938","Original Depth Sensor Samsung Galaxy A42 5G A426/Galaxy A52 5G A526/Galaxy A52 4G A525/Galaxy A32 4G A325/Galaxy A52s 5G A528/Galaxy A53 5G A536/Galaxy A73 5G A736 GH96-13844A 5MP","Samsung","Flat Cable","A","Galaxy A32 4G A325","","","Galaxy A32 4G A325 | Galaxy A42 5G A426 | Galaxy A52 4G A525 | Galaxy A52 5G A526 | Galaxy A53 5G A536 | Galaxy A73 5G A736","6","0","draft","candidate_needs_technical_confirmation_not_current_supplier_catalog"
"2026-07-19","historical Mobilax-derived catalog snapshot (supplier label scrubbed)","SAMSUNG-2026-05-25","3000000079171","Original Ultra Wide Angle Camera Samsung Galaxy A12 A125/Galaxy M12 M127/Galaxy M33 5G M336/Galaxy A12 Nacho A127 GH96-14014A 5MP","Samsung","Fotocamere","A","Galaxy A12 A125","","","Galaxy A12 A125 | Galaxy A12 Nacho A127 | Galaxy M12 M127 | Galaxy M33 5G M336","4","0","draft","candidate_needs_technical_confirmation_not_current_supplier_catalog"
"2026-07-19","historical Mobilax-derived catalog snapshot (supplier label scrubbed)","SAMSUNG-2026-05-25","3000000079188","Original Macro Sensor Samsung Galaxy A12 A125/Galaxy M12 M127/Galaxy A22 4G A225/Galaxy M32 M325/Galaxy A12 Nacho A127/Galaxy A13 5G A136/Galaxy M22 M225/Galaxy M23 5G M236/Galaxy  A24 4G A245/Galaxy M54 5G M546/Galaxy A25 5G A256 GH96-14006A 2MP","Samsung","Flat Cable","A","Galaxy A12 A125","","","Galaxy A12 A125 | Galaxy A12 Nacho A127 | Galaxy A13 5G A136 | Galaxy A22 4G A225 | Galaxy A24 4G A245 | Galaxy A25 5G A256 | Galaxy M12 M127 | Galaxy M22 M225 | Galaxy M23 5G M236 | Galaxy M32 M325 | Galaxy M54 5G M546","11","0","draft","candidate_needs_technical_confirmation_not_current_supplier_catalog"
"2026-07-19","historical Mobilax-derived catalog snapshot (supplier label scrubbed)","SAMSUNG-2026-05-25","3000000079195","Original Depth Sensor Samsung Galaxy A12 A125/Galaxy A32 5G A326/Galaxy M12 M127/Galaxy A12 Nacho A127/Galaxy A13 5G A136/Galaxy A33 5G A336/Galaxy A13 4G A135/Galaxy A13 4G A137/Galaxy A23 4G A235 GH96-14017A 2MP","Samsung","Flat Cable","A","Galaxy A12 A125","","","Galaxy A12 A125 | Galaxy A12 Nacho A127 | Galaxy A13 4G A135 | Galaxy A13 4G A137 | Galaxy A13 5G A136 | Galaxy A23 4G A235 | Galaxy A32 5G A326 | Galaxy A33 5G A336 | Galaxy M12 M127","9","0","draft","candidate_needs_technical_confirmation_not_current_supplier_catalog"
"2026-07-19","historical Mobilax-derived catalog snapshot (supplier label scrubbed)","SAMSUNG-2026-05-25","3000000079294","Original Ultra Wide Angle Camera Samsung Galaxy A32 5G A326/Galaxy A32 4G A325 GH96-14142A 8MP","Samsung","Fotocamere","A","Galaxy A32 4G A325","","","Galaxy A32 4G A325 | Galaxy A32 5G A326","2","0","draft","candidate_needs_technical_confirmation_not_current_supplier_catalog"
"2026-07-19","historical Mobilax-derived catalog snapshot (supplier label scrubbed)","SAMSUNG-2026-05-25","3000000079317","Original Macro Sensor Samsung Galaxy A32 5G A326/Galaxy A32 4G A325/Galaxy M52 5G M526 GH96-14141A 5MP","Samsung","Flat Cable","A","Galaxy A32 4G A325","","","Galaxy A32 4G A325 | Galaxy A32 5G A326 | Galaxy M52 5G M526","3","0","draft","candidate_needs_technical_confirmation_not_current_supplier_catalog"
"2026-07-19","historical Mobilax-derived catalog snapshot (supplier label scrubbed)","SAMSUNG-2026-05-27","3000000079362","Original Ultra Wide Angle Camera Samsung Galaxy S21 5G G991/Galaxy S21 Plus 5G G996 GH96-13963A 12MP","Samsung","Fotocamere","A","Galaxy S21 5G G991","","","Galaxy S21 Plus 5G G996 | Galaxy S21 5G G991","2","0","draft","candidate_needs_technical_confirmation_not_current_supplier_catalog"
"2026-07-19","historical Mobilax-derived catalog snapshot (supplier label scrubbed)","SAMSUNG-2026-05-25","3000000079393","Premium On/Off and Volume Buttons Samsung Galaxy A52 5G A526/Galaxy A72 4G A725/Galaxy A72 5G A726/Galaxy A52 4G A525/Galaxy A52s 5G A528 Awesome Black","Samsung","Flat Cable","A","Galaxy A52 4G A525","","","Galaxy A52 4G A525 | Galaxy A52 5G A526 | Galaxy A72 4G A725 | Galaxy A72 5G A726","4","0","draft","candidate_needs_technical_confirmation_not_current_supplier_catalog"
"2026-07-19","historical Mobilax-derived catalog snapshot (supplier label scrubbed)","SAMSUNG-2026-05-25","3000000079409","Premium On/Off button Samsung Galaxy A52 5G A526/Galaxy A72 4G A725/Galaxy A72 5G A726/Galaxy A52 4G A525 Awesome Blue","Samsung","Flat Cable","A","Galaxy A52 4G A525","","","Galaxy A52 4G A525 | Galaxy A52 5G A526 | Galaxy A72 4G A725 | Galaxy A72 5G A726","4","0","draft","candidate_needs_technical_confirmation_not_current_supplier_catalog"
"2026-07-19","historical Mobilax-derived catalog snapshot (supplier label scrubbed)","SAMSUNG-2026-05-25","3000000079416","Premium On/Off button Samsung Galaxy A52 5G A526/Galaxy A72 4G A725/Galaxy A72 5G A726/Galaxy A52 4G A525/Galaxy A52s 5G A528 Awesome White","Samsung","Flat Cable","A","Galaxy A52 4G A525","","","Galaxy A52 4G A525 | Galaxy A52 5G A526 | Galaxy A72 4G A725 | Galaxy A72 5G A726","4","0","draft","candidate_needs_technical_confirmation_not_current_supplier_catalog"
"2026-07-19","historical Mobilax-derived catalog snapshot (supplier label scrubbed)","SAMSUNG-2026-05-25","3000000079430","Premium Volume Button Samsung Galaxy A52 5G A526/Galaxy A72 4G A725/Galaxy A72 5G A726/Galaxy A52 4G A525/Galaxy A52s 5G A528 Awesome Black","Samsung","Flat Cable","A","Galaxy A52 4G A525","","","Galaxy A52 4G A525 | Galaxy A52 5G A526 | Galaxy A72 4G A725 | Galaxy A72 5G A726","4","0","draft","candidate_needs_technical_confirmation_not_current_supplier_catalog"
"2026-07-19","historical Mobilax-derived catalog snapshot (supplier label scrubbed)","SAMSUNG-2026-05-27","3000000079447","Premium Power Flex Cable Samsung Galaxy S21 Plus 5G G996/Galaxy S21 5G G991","Samsung","Flat Cable","A","Galaxy S21 5G G991","","","Galaxy S21 Plus 5G G996 | Galaxy S21 5G G991","2","0","draft","candidate_needs_technical_confirmation_not_current_supplier_catalog"
"2026-07-19","historical Mobilax-derived catalog snapshot (supplier label scrubbed)","SAMSUNG-2026-05-25","3000000079454","Premium On/Off and Volume Buttons Samsung Galaxy A52 5G A526/Galaxy A72 4G A725/Galaxy A72 5G A726/Galaxy A52 4G A525/Galaxy A52s 5G A528 Awesome Blue","Samsung","Flat Cable","A","Galaxy A52 4G A525","","","Galaxy A52 4G A525 | Galaxy A52 5G A526 | Galaxy A72 4G A725 | Galaxy A72 5G A726","4","0","draft","candidate_needs_technical_confirmation_not_current_supplier_catalog"
"2026-07-19","historical Mobilax-derived catalog snapshot (supplier label scrubbed)","SAMSUNG-2026-05-25","3000000079478","Premium On/Off and Volume Buttons Samsung Galaxy A52 5G A526/Galaxy A72 4G A725/Galaxy A72 5G A726/Galaxy A52 4G A525/Galaxy A52s 5G A528 Awesome White","Samsung","Flat Cable","A","Galaxy A52 4G A525","","","Galaxy A52 4G A525 | Galaxy A52 5G A526 | Galaxy A72 4G A725 | Galaxy A72 5G A726","4","0","draft","candidate_needs_technical_confirmation_not_current_supplier_catalog"
"2026-07-19","historical Mobilax-derived catalog snapshot (supplier label scrubbed)","SAMSUNG-2026-05-25","3000000079485","Premium On/Off and Volume Buttons Samsung Galaxy A52 5G A526/Galaxy A72 4G A725/Galaxy A72 5G A726/Galaxy A52 4G A525/Galaxy A52s 5G A528 Awesome Violet","Samsung","Flat Cable","A","Galaxy A52 4G A525","","","Galaxy A52 4G A525 | Galaxy A52 5G A526 | Galaxy A72 4G A725 | Galaxy A72 5G A726","4","0","draft","candidate_needs_technical_confirmation_not_current_supplier_catalog"
"2026-07-19","historical Mobilax-derived catalog snapshot (supplier label scrubbed)","SAMSUNG-2026-05-25","3000000079706","Original Loudspeaker Samsung Galaxy A52 5G A526/Galaxy A52 4G A525/Galaxy A52s 5G A528 GH96-14117A","Samsung","Speaker","A","Galaxy A52 4G A525","","","Galaxy A52 4G A525 | Galaxy A52 5G A526","2","0","draft","candidate_needs_technical_confirmation_not_current_supplier_catalog"
"2026-07-19","historical Mobilax-derived catalog snapshot (supplier label scrubbed)","SAMSUNG-2026-05-25","3000000079799","Original NFC Flex Cable Samsung Galaxy A12 A125/Galaxy A12 Nacho A127 GH97-25989A","Samsung","Flat Cable","A","Galaxy A12 A125","","","Galaxy A12 A125 | Galaxy A12 Nacho A127","2","0","draft","candidate_needs_technical_confirmation_not_current_supplier_catalog"
"2026-07-19","historical Mobilax-derived catalog snapshot (supplier label scrubbed)","SAMSUNG-2026-05-25","3000000080054","Original Fingerprint Reader Samsung Galaxy A12 A125/Galaxy A12 Nacho A127 GH96-14087B White","Samsung","Flat Cable","A","Galaxy A12 A125","","","Galaxy A12 A125 | Galaxy A12 Nacho A127","2","0","draft","candidate_needs_technical_confirmation_not_current_supplier_catalog"
"2026-07-19","historical Mobilax-derived catalog snapshot (supplier label scrubbed)","SAMSUNG-2026-05-25","3000000080061","Original Fingerprint Reader Samsung Galaxy A12 A125/Galaxy A12 Nacho A127 GH96-14087A Black","Samsung","Flat Cable","A","Galaxy A12 A125","","","Galaxy A12 A125 | Galaxy A12 Nacho A127","2","0","draft","candidate_needs_technical_confirmation_not_current_supplier_catalog"
"2026-07-19","historical Mobilax-derived catalog snapshot (supplier label scrubbed)","SAMSUNG-2026-05-25","3000000080078","Premium Fingerprint Reader Samsung Galaxy A12 A125/Galaxy A12 Nacho A127 Blue","Samsung","Flat Cable","A","Galaxy A12 A125","","","Galaxy A12 A125 | Galaxy A12 Nacho A127","2","0","draft","candidate_needs_technical_confirmation_not_current_supplier_catalog"
"2026-07-19","historical Mobilax-derived catalog snapshot (supplier label scrubbed)","SAMSUNG-2026-05-25","3000000080108","Original Volume Button Samsung Galaxy A12 A125/Galaxy A12 Nacho A127 GH98-46273B White","Samsung","Flat Cable","A","Galaxy A12 A125","","","Galaxy A12 A125 | Galaxy A12 Nacho A127","2","0","draft","candidate_needs_technical_confirmation_not_current_supplier_catalog"
"2026-07-19","historical Mobilax-derived catalog snapshot (supplier label scrubbed)","SAMSUNG-2026-05-25","3000000080115","Original Volume Button Samsung Galaxy A12 A125/Galaxy A12 Nacho A127 GH98-46273C Blue","Samsung","Flat Cable","A","Galaxy A12 A125","","","Galaxy A12 A125 | Galaxy A12 Nacho A127","2","0","draft","candidate_needs_technical_confirmation_not_current_supplier_catalog"
"2026-07-19","historical Mobilax-derived catalog snapshot (supplier label scrubbed)","SAMSUNG-2026-05-25","3000000080122","Original Volume Button Samsung Galaxy A12 A125/Galaxy A12 Nacho A127 GH98-46273A Black","Samsung","Flat Cable","A","Galaxy A12 A125","","","Galaxy A12 A125 | Galaxy A12 Nacho A127","2","0","draft","candidate_needs_technical_confirmation_not_current_supplier_catalog"
"2026-07-19","historical Mobilax-derived catalog snapshot (supplier label scrubbed)","SAMSUNG-2026-05-25","3000000080160","Premium Telephoto Lens Samsung Galaxy A72 4G A725/Galaxy A72 5G A726 8MP","Samsung","Fotocamere","A","Galaxy A72 4G A725","","","Galaxy A72 4G A725 | Galaxy A72 5G A726","2","0","draft","candidate_needs_technical_confirmation_not_current_supplier_catalog"
"2026-07-19","historical Mobilax-derived catalog snapshot (supplier label scrubbed)","SAMSUNG-2026-05-25","3000000080184","Original Main Camera Samsung Galaxy A52 5G A526/Galaxy A72 4G A725/Galaxy A72 5G A726/Galaxy A52 4G A525/Galaxy A52s 5G A528 GH96-14157A 64MP","Samsung","Fotocamere","A","Galaxy A52 4G A525","","","Galaxy A52 4G A525 | Galaxy A52 5G A526 | Galaxy A72 4G A725 | Galaxy A72 5G A726","4","0","draft","candidate_needs_technical_confirmation_not_current_supplier_catalog"
"2026-07-19","historical Mobilax-derived catalog snapshot (supplier label scrubbed)","SAMSUNG-2026-05-25","3000000080191","Premium Ultra Wide Angle Camera Samsung Galaxy A52 5G A526/Galaxy A72 4G A725/Galaxy A72 5G A726/Galaxy A52 4G A525/Galaxy A52s 5G A528/Galaxy A54 5G A546 12MP","Samsung","Fotocamere","A","Galaxy A52 4G A525","","","Galaxy A52 4G A525 | Galaxy A52 5G A526 | Galaxy A54 5G A546 | Galaxy A72 4G A725 | Galaxy A72 5G A726","5","0","draft","candidate_needs_technical_confirmation_not_current_supplier_catalog"
"2026-07-19","historical Mobilax-derived catalog snapshot (supplier label scrubbed)","SAMSUNG-2026-05-25","3000000080207","Original Macro Sensor Samsung Galaxy A52 5G A526/Galaxy A72 4G A725/Galaxy A72 5G A726/Galaxy A52 4G A525/Galaxy A52s 5G A528/Galaxy A33 5G A336/Galaxy A53 5G A536/Galaxy A73 5G A736 GH96-14153A 5MP","Samsung","Flat Cable","A","Galaxy A33 5G A336","","","Galaxy A33 5G A336 | Galaxy A52 4G A525 | Galaxy A52 5G A526 | Galaxy A53 5G A536 | Galaxy A72 4G A725 | Galaxy A72 5G A726 | Galaxy A73 5G A736","7","0","draft","candidate_needs_technical_confirmation_not_current_supplier_catalog"
"2026-07-19","historical Mobilax-derived catalog snapshot (supplier label scrubbed)","SAMSUNG-2026-05-25","3000000080221","Premium Front Camera Samsung Galaxy A72 4G A725/Galaxy A52 4G A525/Galaxy A52 5G A526/Galaxy A52s 5G A528/Galaxy A72 5G A726 32MP","Samsung","Fotocamere","A","Galaxy A52 4G A525","","","Galaxy A52 4G A525 | Galaxy A52 5G A526 | Galaxy A72 4G A725 | Galaxy A72 5G A726","4","0","draft","candidate_needs_technical_confirmation_not_current_supplier_catalog"
"2026-07-19","historical Mobilax-derived catalog snapshot (supplier label scrubbed)","SAMSUNG-2026-05-27","3000000080528","Original Ultra Wide Angle Camera Samsung Galaxy S20 FE 5G G781/Galaxy S20 FE 4G G780 GH96-13894A GH96-13892A 12MP","Samsung","Fotocamere","A","Galaxy S20 FE 4G G780","","","Galaxy S20 FE 4G G780 | Galaxy S20 FE 5G G781","2","0","draft","candidate_needs_technical_confirmation_not_current_supplier_catalog"
"2026-07-19","historical Mobilax-derived catalog snapshot (supplier label scrubbed)","SAMSUNG-2026-05-27","3000000080535","Original Telephoto Lens Samsung Galaxy S20 FE 5G G781/Galaxy S20 FE 4G G780/Galaxy S21 FE G990 GH96-13895A GH96-13920A 8MP","Samsung","Fotocamere","A","Galaxy S20 FE 4G G780","","","Galaxy S20 FE 4G G780 | Galaxy S21 FE G990 | Galaxy S20 FE 5G G781","3","0","draft","candidate_needs_technical_confirmation_not_current_supplier_catalog"
"2026-07-19","historical Mobilax-derived catalog snapshot (supplier label scrubbed)","XIAOMI-2026-05-27","3000000080726","Premium Battery Xiaomi Mi 11 Ultra/Mi 11 Pro BM55","Xiaomi","Batterie","A","Mi 11 Pro","","","Mi 11 Pro | Mi 11 Ultra","2","0","draft","candidate_needs_technical_confirmation_not_current_supplier_catalog"
"2026-07-19","historical Mobilax-derived catalog snapshot (supplier label scrubbed)","VIVO-2026-05-27","3000000081129","OEM Display Touchscreen Vivo Y72 5G/Y33s 4G/Y76 5G/Y55 5G Black","Vivo","Schermi","A","Y55 5G","","","Y55 5G | Y72 5G | Y76 5G","3","0","draft","candidate_needs_technical_confirmation_not_current_supplier_catalog"
"2026-07-19","historical Mobilax-derived catalog snapshot (supplier label scrubbed)","SAMSUNG-2026-05-27","3000000082225","Original Back Cover Samsung Galaxy S20 Plus 5G G986/Galaxy S20 Plus G985 GH82-21634H Aurora Blue","Samsung","Back Cover","A","Galaxy S20 Plus 5G G986","","","Galaxy S20 Plus G985 | Galaxy S20 Plus 5G G986","2","0","draft","candidate_needs_technical_confirmation_not_current_supplier_catalog"
"2026-07-19","historical Mobilax-derived catalog snapshot (supplier label scrubbed)","SAMSUNG-2026-05-27","3000000082959","Premium On/Off and Volume Buttons Samsung Galaxy S20 FE 5G G781/Galaxy S20 FE 4G G780 Cloud Mint","Samsung","Flat Cable","A","Galaxy S20 FE 4G G780","","","Galaxy S20 FE 4G G780 | Galaxy S20 FE 5G G781","2","0","draft","candidate_needs_technical_confirmation_not_current_supplier_catalog"
"2026-07-19","historical Mobilax-derived catalog snapshot (supplier label scrubbed)","SAMSUNG-2026-05-27","3000000083178","Premium Microphone Flex Cable Samsung Galaxy S20 Plus 5G G986/Galaxy S20 Plus G985","Samsung","Flat Cable","A","Galaxy S20 Plus 5G G986","","","Galaxy S20 Plus G985 | Galaxy S20 Plus 5G G986","2","0","draft","candidate_needs_technical_confirmation_not_current_supplier_catalog"
"2026-07-19","historical Mobilax-derived catalog snapshot (supplier label scrubbed)","SAMSUNG-2026-05-27","3000000083185","Premium On/Off and Volume Buttons Samsung Galaxy S20 G980/Galaxy S20 Plus 5G G986/Galaxy S20 Plus G985/Galaxy S20 5G G981 Cosmic Gray","Samsung","Flat Cable","A","Galaxy S20 5G G981","","","Galaxy S20 Plus G985 | Galaxy S20 5G G981 | Galaxy S20 Plus 5G G986 | Galaxy S20 G980","4","0","draft","candidate_needs_technical_confirmation_not_current_supplier_catalog"
"2026-07-19","historical Mobilax-derived catalog snapshot (supplier label scrubbed)","SAMSUNG-2026-05-27","3000000083192","Premium On/Off and Volume Buttons Samsung Galaxy S20 G980/Galaxy S20 Plus 5G G986/Galaxy S20 Plus G985/Galaxy S20 5G G981 Cloud Pink","Samsung","Flat Cable","A","Galaxy S20 5G G981","","","Galaxy S20 Plus G985 | Galaxy S20 5G G981 | Galaxy S20 Plus 5G G986 | Galaxy S20 G980","4","0","draft","candidate_needs_technical_confirmation_not_current_supplier_catalog"
"2026-07-19","historical Mobilax-derived catalog snapshot (supplier label scrubbed)","SAMSUNG-2026-05-27","3000000083215","Premium On/Off and Volume Buttons Samsung Galaxy S20 G980/Galaxy S20 Plus 5G G986/Galaxy S20 Plus G985/Galaxy S20 5G G981 Black","Samsung","Flat Cable","A","Galaxy S20 5G G981","","","Galaxy S20 Plus G985 | Galaxy S20 5G G981 | Galaxy S20 Plus 5G G986 | Galaxy S20 G980","4","0","draft","candidate_needs_technical_confirmation_not_current_supplier_catalog"
"2026-07-19","historical Mobilax-derived catalog snapshot (supplier label scrubbed)","SAMSUNG-2026-05-27","3000000083239","Premium On/Off and Volume Buttons Samsung Galaxy S20 G980/Galaxy S20 Plus 5G G986/Galaxy S20 Plus G985/Galaxy S20 5G G981 Cloud Blue","Samsung","Flat Cable","A","Galaxy S20 5G G981","","","Galaxy S20 Plus G985 | Galaxy S20 5G G981 | Galaxy S20 Plus 5G G986 | Galaxy S20 G980","4","0","draft","candidate_needs_technical_confirmation_not_current_supplier_catalog"
"2026-07-19","historical Mobilax-derived catalog snapshot (supplier label scrubbed)","SAMSUNG-2026-05-25","3000000083758","Original Antenna Samsung Galaxy A12 A125/Galaxy A12 Nacho A127 GH42-06699A","Samsung","Flat Cable","A","Galaxy A12 A125","","","Galaxy A12 A125 | Galaxy A12 Nacho A127","2","0","draft","candidate_needs_technical_confirmation_not_current_supplier_catalog"
"2026-07-19","historical Mobilax-derived catalog snapshot (supplier label scrubbed)","2026-05-25","3000000083772","Original Pulled Dock Connector Apple iPhone 12/iPhone 12 Pro Mauve","Apple","Connettori","A","iPhone 12","","","iPhone 12 | iPhone 12 Pro","2","0","draft","candidate_needs_technical_confirmation_not_current_supplier_catalog"
"2026-07-19","historical Mobilax-derived catalog snapshot (supplier label scrubbed)","SAMSUNG-2026-05-25","3000000084076","Premium Fingerprint Reader Samsung Galaxy A52 5G A526/Galaxy A72 4G A725/Galaxy A72 5G A726/Galaxy A52 4G A525/Galaxy A32 4G A325/Galaxy A52s 5G A528","Samsung","Flat Cable","A","Galaxy A32 4G A325","","","Galaxy A32 4G A325 | Galaxy A52 4G A525 | Galaxy A52 5G A526 | Galaxy A72 4G A725 | Galaxy A72 5G A726","5","0","draft","candidate_needs_technical_confirmation_not_current_supplier_catalog"
"2026-07-19","historical Mobilax-derived catalog snapshot (supplier label scrubbed)","SAMSUNG-2026-05-27","3000000084090","Premium Antenna Samsung Galaxy S10 G973/Galaxy S10 Plus G975","Samsung","Flat Cable","A","Galaxy S10 G973","","","Galaxy S10 Plus G975 | Galaxy S10 G973","2","0","draft","candidate_needs_technical_confirmation_not_current_supplier_catalog"
"2026-07-19","historical Mobilax-derived catalog snapshot (supplier label scrubbed)","SAMSUNG-2026-05-25","3000000084182","Original Internal Earpiece Samsung Galaxy A52 5G A526/Galaxy A52 4G A525/Galaxy A52s 5G A528 GH97-26223A NFC","Samsung","Speaker","A","Galaxy A52 4G A525","","","Galaxy A52 4G A525 | Galaxy A52 5G A526","2","0","draft","candidate_needs_technical_confirmation_not_current_supplier_catalog"
"2026-07-19","historical Mobilax-derived catalog snapshot (supplier label scrubbed)","XIAOMI-2026-05-27","3000000084663","Original Display Touchscreen Xiaomi Mi 10T Lite 5G/Redmi Note 9 Pro 5G 5600050J1700 Rose Gold","Xiaomi","Schermi","A","Mi 10T Lite 5G","","","Mi 10T Lite 5G | Redmi Note 9 Pro 5G","2","0","draft","candidate_needs_technical_confirmation_not_current_supplier_catalog"
"2026-07-19","historical Mobilax-derived catalog snapshot (supplier label scrubbed)","SAMSUNG-2026-05-27","3000000084700","Original FRC Flex Cable Samsung Galaxy S20 G980/Galaxy S20 5G G981 GH59-15233A","Samsung","Flat Cable","A","Galaxy S20 5G G981","","","Galaxy S20 5G G981 | Galaxy S20 G980","2","0","draft","candidate_needs_technical_confirmation_not_current_supplier_catalog"
"2026-07-19","historical Mobilax-derived catalog snapshot (supplier label scrubbed)","SAMSUNG-2026-05-25","3000000085318","Premium Connection Flex Cable Samsung Galaxy A32 4G A325/Galaxy A22 4G A225","Samsung","Flat Cable","A","Galaxy A22 4G A225","","","Galaxy A22 4G A225 | Galaxy A32 4G A325","2","0","draft","candidate_needs_technical_confirmation_not_current_supplier_catalog"
"2026-07-19","historical Mobilax-derived catalog snapshot (supplier label scrubbed)","SAMSUNG-2026-05-25","3000000085332","Original Main Camera Samsung Galaxy A32 4G A325/Galaxy M32 M325 GH96-14252A 64MP","Samsung","Fotocamere","A","Galaxy A32 4G A325","","","Galaxy A32 4G A325 | Galaxy M32 M325","2","0","draft","candidate_needs_technical_confirmation_not_current_supplier_catalog"
"2026-07-19","historical Mobilax-derived catalog snapshot (supplier label scrubbed)","SAMSUNG-2026-05-25","3000000086476","Original Main Camera Samsung Galaxy A22 4G A225/Galaxy A33 5G A336/Galaxy A34 5G A346 GH96-14454A 48MP","Samsung","Fotocamere","A","Galaxy A22 4G A225","","","Galaxy A22 4G A225 | Galaxy A33 5G A336 | Galaxy A34 5G A346","3","0","draft","candidate_needs_technical_confirmation_not_current_supplier_catalog"
"2026-07-19","historical Mobilax-derived catalog snapshot (supplier label scrubbed)","SAMSUNG-2026-05-25","3000000086483","Original Ultra Wide Angle Camera Samsung Galaxy A22 4G A225/Galaxy M32 M325/Galaxy M23 5G M236/Galaxy M53 5G M536/Galaxy Xcover 6 Pro G736 GH96-14488A 8MP","Samsung","Fotocamere","A","Galaxy A22 4G A225","","","Galaxy A22 4G A225 | Galaxy M23 5G M236 | Galaxy M32 M325 | Galaxy M53 5G M536 | Galaxy XCover 6 Pro G736","5","0","draft","candidate_needs_technical_confirmation_not_current_supplier_catalog"
"2026-07-19","historical Mobilax-derived catalog snapshot (supplier label scrubbed)","SAMSUNG-2026-05-25","3000000086490","Original Depth Sensor Samsung Galaxy A22 4G A225/Galaxy M32 M325/Galaxy M22 M225/Galaxy M33 5G M336/Galaxy M53 5G M536 GH96-14431A 2MP","Samsung","Flat Cable","A","Galaxy A22 4G A225","","","Galaxy A22 4G A225 | Galaxy M22 M225 | Galaxy M32 M325 | Galaxy M33 5G M336 | Galaxy M53 5G M536","5","0","draft","candidate_needs_technical_confirmation_not_current_supplier_catalog"
"2026-07-19","historical Mobilax-derived catalog snapshot (supplier label scrubbed)","SAMSUNG-2026-05-25","3000000086506","Original Front Camera Samsung Galaxy A22 4G A225/Galaxy M22 M225 13MP GH96-14445A","Samsung","Fotocamere","A","Galaxy A22 4G A225","","","Galaxy A22 4G A225 | Galaxy M22 M225","2","0","draft","candidate_needs_technical_confirmation_not_current_supplier_catalog"
"2026-07-19","historical Mobilax-derived catalog snapshot (supplier label scrubbed)","XIAOMI-2026-05-27","3000000086636","Premium Connection Flex Cable Xiaomi Mi 11 Lite 4G/Mi 11 Lite 5G","Xiaomi","Flat Cable","A","Mi 11 Lite 4G","","","Mi 11 Lite 4G | Mi 11 Lite 5G","2","0","draft","candidate_needs_technical_confirmation_not_current_supplier_catalog"
"2026-07-19","historical Mobilax-derived catalog snapshot (supplier label scrubbed)","XIAOMI-2026-05-27","3000000087138","Premium Lens Xiaomi Mi 10T 5G/Mi 10T Pro 5G","Xiaomi","Fotocamere","A","Mi 10T 5G","","","Mi 10T 5G | Mi 10T Pro 5G","2","0","draft","candidate_needs_technical_confirmation_not_current_supplier_catalog"
"2026-07-19","historical Mobilax-derived catalog snapshot (supplier label scrubbed)","XIAOMI-2026-05-27","3000000087145","Premium Power and Volume Flex Cable Xiaomi Mi 10T 5G/Mi 10T Pro 5G","Xiaomi","Flat Cable","A","Mi 10T 5G","","","Mi 10T 5G | Mi 10T Pro 5G","2","0","draft","candidate_needs_technical_confirmation_not_current_supplier_catalog"
"2026-07-19","historical Mobilax-derived catalog snapshot (supplier label scrubbed)","XIAOMI-2026-05-27","3000000087152","Premium Connection Flex Cable Xiaomi Mi 10T 5G/Mi 10T Pro 5G","Xiaomi","Flat Cable","A","Mi 10T 5G","","","Mi 10T 5G | Mi 10T Pro 5G","2","0","draft","candidate_needs_technical_confirmation_not_current_supplier_catalog"
"2026-07-19","historical Mobilax-derived catalog snapshot (supplier label scrubbed)","XIAOMI-2026-05-27","3000000087169","Premium Sim Tray Xiaomi Mi 10T 5G/Mi 10T Pro 5G Cosmic Black","Xiaomi","Flat Cable","A","Mi 10T 5G","","","Mi 10T 5G | Mi 10T Pro 5G","2","0","draft","candidate_needs_technical_confirmation_not_current_supplier_catalog"
"2026-07-19","historical Mobilax-derived catalog snapshot (supplier label scrubbed)","XIAOMI-2026-05-27","3000000087183","Premium Sim Tray Xiaomi Mi 10T 5G/Mi 10T Pro 5G Lunar Silver","Xiaomi","Flat Cable","A","Mi 10T 5G","","","Mi 10T 5G | Mi 10T Pro 5G","2","0","draft","candidate_needs_technical_confirmation_not_current_supplier_catalog"
"2026-07-19","historical Mobilax-derived catalog snapshot (supplier label scrubbed)","XIAOMI-2026-05-27","3000000087190","Premium Sim Tray Xiaomi Mi 10T 5G/Mi 10T Pro 5G Aurora Blue","Xiaomi","Flat Cable","A","Mi 10T 5G","","","Mi 10T 5G | Mi 10T Pro 5G","2","0","draft","candidate_needs_technical_confirmation_not_current_supplier_catalog"
"2026-07-19","historical Mobilax-derived catalog snapshot (supplier label scrubbed)","XIAOMI-2026-05-27","3000000087633","Premium Volume Flex Cable Xiaomi Mi 11 Lite 4G/Mi 11 Lite 5G","Xiaomi","Flat Cable","A","Mi 11 Lite 4G","","","Mi 11 Lite 4G | Mi 11 Lite 5G","2","0","draft","candidate_needs_technical_confirmation_not_current_supplier_catalog"
"2026-07-19","historical Mobilax-derived catalog snapshot (supplier label scrubbed)","XIAOMI-2026-05-27","3000000087688","Premium Loudspeaker Xiaomi Poco X3 NFC/Poco X3 Pro","Xiaomi","Speaker","A","Poco X3 NFC","","","Poco X3 Pro | Poco X3 NFC","2","0","draft","candidate_needs_technical_confirmation_not_current_supplier_catalog"
"2026-07-19","historical Mobilax-derived catalog snapshot (supplier label scrubbed)","XIAOMI-2026-05-27","3000000087770","Premium Macro Sensor Xiaomi Poco X3 NFC/Poco X3 Pro 2MP","Xiaomi","Flat Cable","A","Poco X3 NFC","","","Poco X3 Pro | Poco X3 NFC","2","0","draft","candidate_needs_technical_confirmation_not_current_supplier_catalog"
"2026-07-19","historical Mobilax-derived catalog snapshot (supplier label scrubbed)","XIAOMI-2026-05-27","3000000087787","Premium Depth Sensor Xiaomi Poco X3 NFC/Poco X3 Pro 2MP","Xiaomi","Flat Cable","A","Poco X3 NFC","","","Poco X3 Pro | Poco X3 NFC","2","0","draft","candidate_needs_technical_confirmation_not_current_supplier_catalog"
"2026-07-19","historical Mobilax-derived catalog snapshot (supplier label scrubbed)","XIAOMI-2026-05-27","3000000087930","Premium Connection Flex Cable Xiaomi Mi 11 Ultra/Mi 11 Pro","Xiaomi","Flat Cable","A","Mi 11 Pro","","","Mi 11 Pro | Mi 11 Ultra","2","0","draft","candidate_needs_technical_confirmation_not_current_supplier_catalog"
"2026-07-19","historical Mobilax-derived catalog snapshot (supplier label scrubbed)","OPPO-2026-05-27","3000000088241","OEM Display Touchscreen with Frame OPPO A74 5G/A54 5G CPH2197 / CPH2195","OPPO","Schermi","A","A54 5G","","","A54 5G | A74 5G","2","0","draft","candidate_needs_technical_confirmation_not_current_supplier_catalog"
"2026-07-19","historical Mobilax-derived catalog snapshot (supplier label scrubbed)","XIAOMI-2026-05-27","3000000091579","Premium LCD Flex Cable Xiaomi Mi 11 Lite 4G/Mi 11 Lite 5G","Xiaomi","Schermi","A","Mi 11 Lite 4G","","","Mi 11 Lite 4G | Mi 11 Lite 5G","2","0","draft","candidate_needs_technical_confirmation_not_current_supplier_catalog"
"2026-07-19","historical Mobilax-derived catalog snapshot (supplier label scrubbed)","XIAOMI-2026-05-27","3000000091586","Premium Power and Volume Flex Cable Xiaomi Mi 11 Ultra/Mi 11 Pro","Xiaomi","Flat Cable","A","Mi 11 Pro","","","Mi 11 Pro | Mi 11 Ultra","2","0","draft","candidate_needs_technical_confirmation_not_current_supplier_catalog"
"2026-07-19","historical Mobilax-derived catalog snapshot (supplier label scrubbed)","XIAOMI-2026-05-27","3000000091654","Premium Connection Flex Cable Xiaomi Poco X3 NFC/Poco X3 Pro","Xiaomi","Flat Cable","A","Poco X3 NFC","","","Poco X3 Pro | Poco X3 NFC","2","0","draft","candidate_needs_technical_confirmation_not_current_supplier_catalog"
"2026-07-19","historical Mobilax-derived catalog snapshot (supplier label scrubbed)","XIAOMI-2026-05-27","3000000092385","Premium Main Camera Xiaomi Redmi 9A/Redmi 9C NFC/Redmi 10A 13MP","Xiaomi","Fotocamere","A","Redmi 9A","","","Redmi 9A | Redmi 10A | Redmi 9C NFC","3","0","draft","candidate_needs_technical_confirmation_not_current_supplier_catalog"
"2026-07-19","historical Mobilax-derived catalog snapshot (supplier label scrubbed)","SAMSUNG-2026-05-27","3000000092644","Premium Lens Samsung Galaxy S10 G973/Galaxy S10 Plus G975 Black","Samsung","Fotocamere","A","Galaxy S10 G973","","","Galaxy S10 Plus G975 | Galaxy S10 G973","2","0","draft","candidate_needs_technical_confirmation_not_current_supplier_catalog"
"2026-07-19","historical Mobilax-derived catalog snapshot (supplier label scrubbed)","OPPO-2026-05-27","3000000092705","Premium Front Camera OPPO Find X3 Pro/Find X3 Neo/Reno6 Pro 5G (CPH2247)/Find X5 32MP","OPPO","Fotocamere","A","Find X3 Neo","","","Find X3 Neo | Find X3 Pro | Find X5 | RENO6 Pro 5G CPH2247","4","0","draft","candidate_needs_technical_confirmation_not_current_supplier_catalog"
"2026-07-19","historical Mobilax-derived catalog snapshot (supplier label scrubbed)","SAMSUNG-2026-05-25","3000000093856","Original Display Touchscreen Samsung Galaxy A52 4G A525/Galaxy A52 5G A526 GH82-25526D GH82-25754D GH82-25524D GH82-25602D Awesome White","Samsung","Schermi","A","Galaxy A52 4G A525","","","Galaxy A52 4G A525 | Galaxy A52 5G A526","2","0","draft","candidate_needs_technical_confirmation_not_current_supplier_catalog"
"2026-07-19","historical Mobilax-derived catalog snapshot (supplier label scrubbed)","SAMSUNG-2026-05-25","3000000093863","Original Display Touchscreen Samsung Galaxy A52 4G A525/Galaxy A52 5G A526 GH82-25754C GH82-25524C GH82-25526C GH82-25602C GH82-25623C Awesome Violet","Samsung","Schermi","A","Galaxy A52 4G A525","","","Galaxy A52 4G A525 | Galaxy A52 5G A526","2","0","draft","candidate_needs_technical_confirmation_not_current_supplier_catalog"
"2026-07-19","historical Mobilax-derived catalog snapshot (supplier label scrubbed)","SAMSUNG-2026-05-25","3000000093870","Original Display Touchscreen Samsung Galaxy A52 4G A525/Galaxy A52 5G A526 GH82-25526B GH82-25754B GH82-25524B GH82-25602B Awesome Blue","Samsung","Schermi","A","Galaxy A52 4G A525","","","Galaxy A52 4G A525 | Galaxy A52 5G A526","2","0","draft","candidate_needs_technical_confirmation_not_current_supplier_catalog"
"2026-07-19","historical Mobilax-derived catalog snapshot (supplier label scrubbed)","SAMSUNG-2026-05-25","3000000093887","Original Display Touchscreen Samsung Galaxy A52 4G A525/Galaxy A52 5G A526 GH82-25754A GH82-25526A GH82-25524A GH82-25602A Awesome Black","Samsung","Schermi","A","Galaxy A52 4G A525","","","Galaxy A52 4G A525 | Galaxy A52 5G A526","2","0","draft","candidate_needs_technical_confirmation_not_current_supplier_catalog"
"2026-07-19","historical Mobilax-derived catalog snapshot (supplier label scrubbed)","SAMSUNG-2026-05-25","3000000093924","Premium Lens Samsung Galaxy A52 5G A526/Galaxy A72 4G A725/Galaxy A52 4G A525 Ultra Wide Angle","Samsung","Fotocamere","A","Galaxy A52 4G A525","","","Galaxy A52 4G A525 | Galaxy A52 5G A526 | Galaxy A72 4G A725","3","0","draft","candidate_needs_technical_confirmation_not_current_supplier_catalog"
"2026-07-19","historical Mobilax-derived catalog snapshot (supplier label scrubbed)","SAMSUNG-2026-05-25","3000000093931","Premium Lens Samsung Galaxy A52 5G A526/Galaxy A72 4G A725/Galaxy A52 4G A525 Telephoto","Samsung","Fotocamere","A","Galaxy A52 4G A525","","","Galaxy A52 4G A525 | Galaxy A52 5G A526 | Galaxy A72 4G A725","3","0","draft","candidate_needs_technical_confirmation_not_current_supplier_catalog"
"2026-07-19","historical Mobilax-derived catalog snapshot (supplier label scrubbed)","SAMSUNG-2026-05-25","3000000094365","Original Dock Connector Samsung Galaxy M32 M325/Galaxy M22 M225 GH96-14531A","Samsung","Connettori","A","Galaxy M22 M225","","","Galaxy M22 M225 | Galaxy M32 M325","2","0","draft","candidate_needs_technical_confirmation_not_current_supplier_catalog"
"2026-07-19","historical Mobilax-derived catalog snapshot (supplier label scrubbed)","2026-05-25","3000000094549","Buzzer Support Apple iPhone 7/iPhone 8 (X5)","Apple","Connettori","A","iPhone 7","","","iPhone 7 | iPhone 8","2","0","draft","candidate_needs_technical_confirmation_not_current_supplier_catalog"
"2026-07-19","historical Mobilax-derived catalog snapshot (supplier label scrubbed)","2026-05-25","3000000094563","Speaker Support Apple iPhone 7 Plus/iPhone 8 Plus (X10)","Apple","Connettori","A","iPhone 7 Plus","","","iPhone 7 Plus | iPhone 8 Plus","2","0","draft","candidate_needs_technical_confirmation_not_current_supplier_catalog"
"2026-07-19","historical Mobilax-derived catalog snapshot (supplier label scrubbed)","OPPO-2026-05-27","3000000094686","Premium Inner Earpiece OPPO Reno4 Pro 5G/Find X5 Pro OnePlus 8T/Nord N10 5G/Nord N100/9/9 Pro/10 Pro 5G","OPPO","Speaker","A","Find X5 Pro","","","Find X5 Pro | RENO4 Pro 5G","2","0","draft","candidate_needs_technical_confirmation_not_current_supplier_catalog"
"2026-07-19","historical Mobilax-derived catalog snapshot (supplier label scrubbed)","2026-05-25","3000000094839","Speaker Support Apple iPhone 11 Pro/iPhone 11 Pro Max x10","Apple","Connettori","A","iPhone 11 Pro","","","iPhone 11 Pro | iPhone 11 Pro Max","2","0","draft","candidate_needs_technical_confirmation_not_current_supplier_catalog"
"2026-07-19","historical Mobilax-derived catalog snapshot (supplier label scrubbed)","XIAOMI-2026-05-27","3000000095003","Premium Vibrator Xiaomi Mi 10T Pro 5G/Mi 11 Pro","Xiaomi","Flat Cable","A","Mi 10T Pro 5G","","","Mi 10T Pro 5G | Mi 11 Pro","2","0","draft","candidate_needs_technical_confirmation_not_current_supplier_catalog"
"2026-07-19","historical Mobilax-derived catalog snapshot (supplier label scrubbed)","XIAOMI-2026-05-27","3000000095010","Premium Loudspeaker Xiaomi Mi 11 Ultra/Mi 11 Pro","Xiaomi","Speaker","A","Mi 11 Pro","","","Mi 11 Pro | Mi 11 Ultra","2","0","draft","candidate_needs_technical_confirmation_not_current_supplier_catalog"
"2026-07-19","historical Mobilax-derived catalog snapshot (supplier label scrubbed)","XIAOMI-2026-05-27","3000000095027","Premium Front Camera Xiaomi Mi 11 Ultra/Mi 11 Pro 20MP","Xiaomi","Fotocamere","A","Mi 11 Pro","","","Mi 11 Pro | Mi 11 Ultra","2","0","draft","candidate_needs_technical_confirmation_not_current_supplier_catalog"
"2026-07-19","historical Mobilax-derived catalog snapshot (supplier label scrubbed)","XIAOMI-2026-05-27","3000000095638","Premium Dock Connector Xiaomi Mi 11 Lite 4G/Mi 11 Lite 5G","Xiaomi","Connettori","A","Mi 11 Lite 4G","","","Mi 11 Lite 4G | Mi 11 Lite 5G","2","0","draft","candidate_needs_technical_confirmation_not_current_supplier_catalog"
"2026-07-19","historical Mobilax-derived catalog snapshot (supplier label scrubbed)","XIAOMI-2026-05-27","3000000095645","Premium Loudspeaker Xiaomi Mi 11 Lite 4G/Mi 11 Lite 5G/11 Lite 5G NE","Xiaomi","Speaker","A","11 Lite 5G NE","","","11 Lite 5G NE | Mi 11 Lite 4G | Mi 11 Lite 5G","3","0","draft","candidate_needs_technical_confirmation_not_current_supplier_catalog"
"2026-07-19","historical Mobilax-derived catalog snapshot (supplier label scrubbed)","SAMSUNG-2026-05-27","3000000095782","Premium NFC Flex Cable Samsung Galaxy S20 Plus 5G G986/Galaxy S20 Plus G985","Samsung","Flat Cable","A","Galaxy S20 Plus 5G G986","","","Galaxy S20 Plus G985 | Galaxy S20 Plus 5G G986","2","0","draft","candidate_needs_technical_confirmation_not_current_supplier_catalog"
"2026-07-19","historical Mobilax-derived catalog snapshot (supplier label scrubbed)","XIAOMI-2026-05-27","3000000095843","Premium Loudspeaker Xiaomi Mi 10/Mi 10 Pro Version B","Xiaomi","Speaker","A","Mi 10","","","Mi 10 | Mi 10 Pro","2","0","draft","candidate_needs_technical_confirmation_not_current_supplier_catalog"
"2026-07-19","historical Mobilax-derived catalog snapshot (supplier label scrubbed)","TCL-2026-05-27","3000000095881","Premium Display Touchscreen TCL 20L/20L+ Black","TCL","Schermi","A","20L","","","20L | 20l+","2","0","draft","candidate_needs_technical_confirmation_not_current_supplier_catalog"
"2026-07-19","historical Mobilax-derived catalog snapshot (supplier label scrubbed)","SAMSUNG-2026-05-25","3000000096048","Premium Macro Sensor Samsung Galaxy A71 A715/Galaxy M51 M515 5MP","Samsung","Flat Cable","A","Galaxy A71 A715","","","Galaxy A71 A715 | Galaxy M51 M515","2","0","draft","candidate_needs_technical_confirmation_not_current_supplier_catalog"
"2026-07-19","historical Mobilax-derived catalog snapshot (supplier label scrubbed)","OPPO-2026-05-27","3000000096109","Premium Front Camera OPPO A74 5G/A54 5G 16MP","OPPO","Fotocamere","A","A54 5G","","","A54 5G | A74 5G","2","0","draft","candidate_needs_technical_confirmation_not_current_supplier_catalog"
"2026-07-19","historical Mobilax-derived catalog snapshot (supplier label scrubbed)","OPPO-2026-05-27","3000000096116","Premium Fingerprint Reader OPPO A74 5G/A54 5G Black","OPPO","Flat Cable","A","A54 5G","","","A54 5G | A74 5G","2","0","draft","candidate_needs_technical_confirmation_not_current_supplier_catalog"
"2026-07-19","historical Mobilax-derived catalog snapshot (supplier label scrubbed)","OPPO-2026-05-27","3000000096123","Premium Volume Flex Cable OPPO A74 5G/A54 5G","OPPO","Flat Cable","A","A54 5G","","","A54 5G | A74 5G","2","0","draft","candidate_needs_technical_confirmation_not_current_supplier_catalog"
"2026-07-19","historical Mobilax-derived catalog snapshot (supplier label scrubbed)","OPPO-2026-05-27","3000000096130","Premium Power Flex Cable OPPO A74 5G/A54 5G","OPPO","Flat Cable","A","A54 5G","","","A54 5G | A74 5G","2","0","draft","candidate_needs_technical_confirmation_not_current_supplier_catalog"
"2026-07-19","historical Mobilax-derived catalog snapshot (supplier label scrubbed)","OPPO-2026-05-27","3000000096147","Premium Connection Flex Cable OPPO A74 5G/A54 5G","OPPO","Flat Cable","A","A54 5G","","","A54 5G | A74 5G","2","0","draft","candidate_needs_technical_confirmation_not_current_supplier_catalog"
"2026-07-19","historical Mobilax-derived catalog snapshot (supplier label scrubbed)","OPPO-2026-05-27","3000000096154","Premium Main Camera OPPO A74 4G/A74 5G/A54 5G 48MP","OPPO","Fotocamere","A","A54 5G","","","A54 5G | A74 4G | A74 5G","3","0","draft","candidate_needs_technical_confirmation_not_current_supplier_catalog"
"2026-07-19","historical Mobilax-derived catalog snapshot (supplier label scrubbed)","OPPO-2026-05-27","3000000096161","Premium Wide Angle Camera OPPO A74 5G/A54 5G 8MP","OPPO","Fotocamere","A","A54 5G","","","A54 5G | A74 5G","2","0","draft","candidate_needs_technical_confirmation_not_current_supplier_catalog"
"2026-07-19","historical Mobilax-derived catalog snapshot (supplier label scrubbed)","OPPO-2026-05-27","3000000096178","Premium Sim Tray OPPO A74 5G/A54 5G Twilight Black","OPPO","Flat Cable","A","A54 5G","","","A54 5G | A74 5G","2","0","draft","candidate_needs_technical_confirmation_not_current_supplier_catalog"
"2026-07-19","historical Mobilax-derived catalog snapshot (supplier label scrubbed)","OPPO-2026-05-27","3000000096192","Premium Back Cover OPPO A74 5G/A54 5G Twilight Black","OPPO","Back Cover","A","A54 5G","","","A54 5G | A74 5G","2","0","draft","candidate_needs_technical_confirmation_not_current_supplier_catalog"
"2026-07-19","historical Mobilax-derived catalog snapshot (supplier label scrubbed)","OPPO-2026-05-27","3000000096208","Premium Back Cover OPPO A74 5G/A54 5G Fantastic Violet","OPPO","Back Cover","A","A54 5G","","","A54 5G | A74 5G","2","0","draft","candidate_needs_technical_confirmation_not_current_supplier_catalog"
"2026-07-19","historical Mobilax-derived catalog snapshot (supplier label scrubbed)","XIAOMI-2026-05-27","3000000096499","Premium Dock Connector Xiaomi Redmi 10/Redmi 10 2022","Xiaomi","Connettori","A","Redmi 10","","","Redmi 10 | Redmi 10 2022","2","0","draft","candidate_needs_technical_confirmation_not_current_supplier_catalog"
"2026-07-19","historical Mobilax-derived catalog snapshot (supplier label scrubbed)","SAMSUNG-2026-05-25","3000000096550","Original Battery Samsung Galaxy A02s A025/Galaxy A03s A037/Galaxy A03 A035F/Galaxy A03 A035G GH81-20119A GH81-21239A GH81-21636A GH81-21710A HQ-50S","Samsung","Batterie","A","Galaxy A03 A035F","","","Galaxy A03 A035F | Galaxy A03 A035G","2","0","draft","candidate_needs_technical_confirmation_not_current_supplier_catalog"
"2026-07-19","historical Mobilax-derived catalog snapshot (supplier label scrubbed)","HONOR-2026-05-27","3000000096581","Original Pulled Display Touchscreen Honor 9X Lite Black","Honor","Schermi","A","8X","","","8X | 9X Lite","2","0","draft","candidate_needs_technical_confirmation_not_current_supplier_catalog"
"2026-07-19","historical Mobilax-derived catalog snapshot (supplier label scrubbed)","2026-05-25","3000000096680","Soft Oled Display Touchscreen Apple iPhone 12/iPhone 12 Pro Black","Apple","Schermi","A","iPhone 12","","","iPhone 12 | iPhone 12 Pro","2","0","draft","candidate_needs_technical_confirmation_not_current_supplier_catalog"
"2026-07-19","historical Mobilax-derived catalog snapshot (supplier label scrubbed)","XIAOMI-2026-05-27","3000000096789","Original Display Touchscreen Xiaomi Redmi Note 10 5G/Poco M3 Pro 5G 5600020K1900 560002K19P00 5600060K1900 Black Tarnish","Xiaomi","Schermi","A","Poco M3 Pro 5G","","","Poco M3 | Poco M3 Pro 5G","2","0","draft","candidate_needs_technical_confirmation_not_current_supplier_catalog"
"2026-07-19","historical Mobilax-derived catalog snapshot (supplier label scrubbed)","SAMSUNG-2026-05-27","3000000096802","Premium Sim Tray Samsung Galaxy S20 G980/Galaxy S20 5G G981 Black","Samsung","Flat Cable","A","Galaxy S20 5G G981","","","Galaxy S20 5G G981 | Galaxy S20 G980","2","0","draft","candidate_needs_technical_confirmation_not_current_supplier_catalog"
"2026-07-19","historical Mobilax-derived catalog snapshot (supplier label scrubbed)","VIVO-2026-05-27","3000000096857","Premium Battery Vivo Y52 5G/Y72 5G B-08","Vivo","Batterie","A","Y52 5G","","","Y52 5G | Y72 5G","2","0","draft","candidate_needs_technical_confirmation_not_current_supplier_catalog"
"2026-07-19","historical Mobilax-derived catalog snapshot (supplier label scrubbed)","XIAOMI-2026-05-27","3000000097137","Original Display Touchscreen Xiaomi Mi 9T/Mi 9T Pro 560110014033 560110015033 Black","Xiaomi","Schermi","A","Mi 9T","","","Mi 9T | Mi 9T Pro","2","0","draft","candidate_needs_technical_confirmation_not_current_supplier_catalog"
"2026-07-19","historical Mobilax-derived catalog snapshot (supplier label scrubbed)","XIAOMI-2026-05-27","3000000097151","Original Display Touchscreen Xiaomi Mi 9T/Mi 9T Pro 561010031033 561010032033 Blue","Xiaomi","Schermi","A","Mi 9T","","","Mi 9T | Mi 9T Pro","2","0","draft","candidate_needs_technical_confirmation_not_current_supplier_catalog"
"2026-07-19","historical Mobilax-derived catalog snapshot (supplier label scrubbed)","XIAOMI-2026-05-27","3000000097175","Original Display Touchscreen Xiaomi Mi 9T/Mi 9T Pro 560910013033 560910014033 Red","Xiaomi","Schermi","A","Mi 9T","","","Mi 9T | Mi 9T Pro","2","0","draft","candidate_needs_technical_confirmation_not_current_supplier_catalog"
"2026-07-19","historical Mobilax-derived catalog snapshot (supplier label scrubbed)","XIAOMI-2026-05-27","3000000097229","Premium Battery Xiaomi Mi 11 Lite 4G/Mi 11 Lite 5G/11 Lite 5G NE BP42","Xiaomi","Batterie","A","11 Lite 5G NE","","","11 Lite 5G NE | Mi 11 Lite 4G | Mi 11 Lite 5G","3","0","draft","candidate_needs_technical_confirmation_not_current_supplier_catalog"
"2026-07-19","historical Mobilax-derived catalog snapshot (supplier label scrubbed)","OPPO-2026-05-27","3000000097236","Premium Monochrome Sensor OPPO A74 5G/A54 5G 2MP","OPPO","Flat Cable","A","A54 5G","","","A54 5G | A74 5G","2","0","draft","candidate_needs_technical_confirmation_not_current_supplier_catalog"
"2026-07-19","historical Mobilax-derived catalog snapshot (supplier label scrubbed)","OPPO-2026-05-27","3000000097243","Premium Macro Sensor OPPO A74 5G/A54 5G 2MP","OPPO","Flat Cable","A","A54 5G","","","A54 5G | A74 5G","2","0","draft","candidate_needs_technical_confirmation_not_current_supplier_catalog"
"2026-07-19","historical Mobilax-derived catalog snapshot (supplier label scrubbed)","OPPO-2026-05-27","3000000097250","Premium Inner Earpiece OPPO A74 5G/A54 5G","OPPO","Speaker","A","A54 5G","","","A54 5G | A74 5G","2","0","draft","candidate_needs_technical_confirmation_not_current_supplier_catalog"
"2026-07-19","historical Mobilax-derived catalog snapshot (supplier label scrubbed)","XIAOMI-2026-05-27","3000000097557","Original Display Touchscreen Xiaomi Poco X3 Pro/Poco X3 NFC 560003J20S00 560002J20C00 Ice Blue","Xiaomi","Schermi","A","Poco X3 NFC","","","Poco X3 Pro | Poco X3 NFC","2","0","draft","candidate_needs_technical_confirmation_not_current_supplier_catalog"
"2026-07-19","historical Mobilax-derived catalog snapshot (supplier label scrubbed)","XIAOMI-2026-05-27","3000000097564","Original Display Touchscreen Xiaomi Mi Note 10/Mi Note 10 Lite/Mi Note 10 Pro 56100100F4-L2 Black","Xiaomi","Schermi","A","Mi Note 10","","","Mi Note 10 | Mi Note 10 Lite | Mi Note 10 Pro","3","0","draft","candidate_needs_technical_confirmation_not_current_supplier_catalog"
"2026-07-19","historical Mobilax-derived catalog snapshot (supplier label scrubbed)","OPPO-2026-05-27","3000000098486","Premium Connection Flex Cable OPPO A94 5G/Reno5 Z/Reno6 Z 5G/F19 PRO+ 5G","OPPO","Flat Cable","A","A94 5G","","","A94 5G | RENO6 Z 5G","2","0","draft","candidate_needs_technical_confirmation_not_current_supplier_catalog"
"2026-07-19","historical Mobilax-derived catalog snapshot (supplier label scrubbed)","VIVO-2026-05-27","3000000098691","Premium Inner Earpiece Vivo Y70/Y11s/X60 Pro/Y21s/Y21/Y33s 4G","Vivo","Speaker","A","X60 Pro","","","X60 Pro | Y21 | Y70","3","0","draft","candidate_needs_technical_confirmation_not_current_supplier_catalog"
"2026-07-19","historical Mobilax-derived catalog snapshot (supplier label scrubbed)","REALME-2026-05-27","3000000099391","Premium Inner Earpiece Realme X50 5G/8 Pro 4G/8 5G/8/8i/Narzo 50 4G","Realme","Speaker","A","8","","","8 | 8 5G | 8 Pro 4G | 8I | Narzo 50 4G | X50 5G","6","0","draft","candidate_needs_technical_confirmation_not_current_supplier_catalog"
"2026-07-19","historical Mobilax-derived catalog snapshot (supplier label scrubbed)","REALME-2026-05-27","3000000099483","Premium Inner Earpiece Realme C11 (2020)/C21","Realme","Speaker","A","C11 2020","","","C11 2020 | C21","2","0","draft","candidate_needs_technical_confirmation_not_current_supplier_catalog"
"2026-07-19","historical Mobilax-derived catalog snapshot (supplier label scrubbed)","XIAOMI-2026-05-27","3000000099568","Premium Main Camera Xiaomi Redmi Note 10 5G/Poco M3 Pro 5G 48MP","Xiaomi","Fotocamere","A","Poco M3 Pro 5G","","","Poco M3 | Poco M3 Pro 5G","2","0","draft","candidate_needs_technical_confirmation_not_current_supplier_catalog"
"2026-07-19","historical Mobilax-derived catalog snapshot (supplier label scrubbed)","OPPO-2026-05-27","3000000099711","Premium Battery OPPO Reno3/Reno3 Pro BLP755","OPPO","Batterie","A","RENO3","","","RENO3 | RENO3 Pro","2","0","draft","candidate_needs_technical_confirmation_not_current_supplier_catalog"
"2026-07-19","historical Mobilax-derived catalog snapshot (supplier label scrubbed)","XIAOMI-2026-05-27","3000000099728","Premium SIM Reader Xiaomi Mi 11 Lite 4G/Mi 11 Lite 5G/11 Lite 5G NE","Xiaomi","Flat Cable","A","11 Lite 5G NE","","","11 Lite 5G NE | Mi 11 Lite 4G | Mi 11 Lite 5G","3","0","draft","candidate_needs_technical_confirmation_not_current_supplier_catalog"
"2026-07-19","historical Mobilax-derived catalog snapshot (supplier label scrubbed)","XIAOMI-2026-05-27","3000000099995","Premium Power and Volume Flex Cable Xiaomi Redmi 9A/Redmi 9C NFC/Redmi 10A","Xiaomi","Flat Cable","A","Redmi 9A","","","Redmi 9A | Redmi 10A | Redmi 9C NFC","3","0","draft","candidate_needs_technical_confirmation_not_current_supplier_catalog"
"2026-07-19","historical Mobilax-derived catalog snapshot (supplier label scrubbed)","XIAOMI-2026-05-27","3000000100004","Premium Loudspeaker Xiaomi Redmi 9A/Redmi 9C NFC/Redmi 10A","Xiaomi","Speaker","A","Redmi 9A","","","Redmi 9A | Redmi 10A | Redmi 9C NFC","3","0","draft","candidate_needs_technical_confirmation_not_current_supplier_catalog"
"2026-07-19","historical Mobilax-derived catalog snapshot (supplier label scrubbed)","XIAOMI-2026-05-27","3000000100011","Premium Sim Tray Xiaomi Redmi 9A/Redmi 10A Granite Gray","Xiaomi","Flat Cable","A","Redmi 9A","","","Redmi 9A | Redmi 10A","2","0","draft","candidate_needs_technical_confirmation_not_current_supplier_catalog"
"2026-07-19","historical Mobilax-derived catalog snapshot (supplier label scrubbed)","XIAOMI-2026-05-27","3000000100028","Premium Sim Tray Xiaomi Redmi 9A/Redmi 10A Sky Blue","Xiaomi","Flat Cable","A","Redmi 9A","","","Redmi 9A | Redmi 10A","2","0","draft","candidate_needs_technical_confirmation_not_current_supplier_catalog"
"2026-07-19","historical Mobilax-derived catalog snapshot (supplier label scrubbed)","XIAOMI-2026-05-27","3000000100073","Premium Fingerprint Reader Xiaomi Redmi 9C NFC/Redmi 10A Twilight Blue","Xiaomi","Flat Cable","A","Redmi 9C NFC","","","Redmi 9C NFC | Redmi 10A","2","0","draft","candidate_needs_technical_confirmation_not_current_supplier_catalog"
"2026-07-19","historical Mobilax-derived catalog snapshot (supplier label scrubbed)","XIAOMI-2026-05-27","3000000100141","Original Display Touchscreen Xiaomi Mi Note 10/Mi Note 10 Pro 56000300F400 Black","Xiaomi","Schermi","A","Mi Note 10","","","Mi Note 10 | Mi Note 10 Pro","2","0","draft","candidate_needs_technical_confirmation_not_current_supplier_catalog"
"2026-07-19","historical Mobilax-derived catalog snapshot (supplier label scrubbed)","REALME-2026-05-27","3000000100158","Premium Sim Tray Realme C21/C21-Y Chopped Blue","Realme","Flat Cable","A","C21","","","C21 | C21 Y","2","0","draft","candidate_needs_technical_confirmation_not_current_supplier_catalog"
"2026-07-19","historical Mobilax-derived catalog snapshot (supplier label scrubbed)","REALME-2026-05-27","3000000100165","Premium Sim Tray Realme C21/C21-Y Chopped Black","Realme","Flat Cable","A","C21","","","C21 | C21 Y","2","0","draft","candidate_needs_technical_confirmation_not_current_supplier_catalog"
"2026-07-19","historical Mobilax-derived catalog snapshot (supplier label scrubbed)","2026-05-25","3000000100912","Original Pulled Camera Apple iPhone 13 Pro/iPhone 13 Pro Max 12MP+12MP+12MP","Apple","Fotocamere","A","iPhone 13 Pro","","","iPhone 13 Pro | iPhone 13 Pro Max","2","0","draft","candidate_needs_technical_confirmation_not_current_supplier_catalog"
"2026-07-19","historical Mobilax-derived catalog snapshot (supplier label scrubbed)","2026-05-25","3000000101032","Lens Apple iPhone 13 Mini/iPhone 13 Black","Apple","Fotocamere","A","iPhone 13","","","iPhone 13 | iPhone 13 Mini","2","0","draft","candidate_needs_technical_confirmation_not_current_supplier_catalog"
"2026-07-19","historical Mobilax-derived catalog snapshot (supplier label scrubbed)","2026-05-25","3000000101049","Lens Apple iPhone 13 Pro/iPhone 13 Pro Max Black","Apple","Fotocamere","A","iPhone 13 Pro","","","iPhone 13 Pro | iPhone 13 Pro Max","2","0","draft","candidate_needs_technical_confirmation_not_current_supplier_catalog"
"2026-07-19","historical Mobilax-derived catalog snapshot (supplier label scrubbed)","2026-05-25","3000000101070","Bluetooth Flex Cable Apple iPhone 13 Pro/iPhone 13 Pro Max","Apple","Flat Cable","A","iPhone 13 Pro","","","iPhone 13 Pro | iPhone 13 Pro Max","2","0","draft","candidate_needs_technical_confirmation_not_current_supplier_catalog"
"2026-07-19","historical Mobilax-derived catalog snapshot (supplier label scrubbed)","2026-05-25","3000000101421","Original Pulled Camera Apple iPhone 13/iPhone 13 Mini 12MP+12MP","Apple","Fotocamere","A","iPhone 13","","","iPhone 13 | iPhone 13 Mini","2","0","draft","candidate_needs_technical_confirmation_not_current_supplier_catalog"
"2026-07-19","historical Mobilax-derived catalog snapshot (supplier label scrubbed)","XIAOMI-2026-05-27","3000000101544","Premium Inner Earpiece Xiaomi Redmi Note 10 Pro 4G/Redmi Note 12 Pro+ 5G","Xiaomi","Speaker","A","Redmi Note 10 Pro 4G","","","Redmi Note 10 Pro 4G | Redmi Note 12 Pro+ 5G","2","0","draft","candidate_needs_technical_confirmation_not_current_supplier_catalog"
"2026-07-19","historical Mobilax-derived catalog snapshot (supplier label scrubbed)","OPPO-2026-05-27","3000000101551","OEM Display Touchscreen with Frame OPPO A72 5G/A73 5G PDYM20 Black","OPPO","Schermi","A","A72 5G","","","A72 5G | A73 5G","2","0","draft","candidate_needs_technical_confirmation_not_current_supplier_catalog"
"2026-07-19","historical Mobilax-derived catalog snapshot (supplier label scrubbed)","XIAOMI-2026-05-27","3000000101568","Premium Sim Tray Xiaomi Redmi Note 10 5G/Poco M3 Pro 5G Graphite Grey","Xiaomi","Flat Cable","A","Poco M3 Pro 5G","","","Poco M3 | Poco M3 Pro 5G","2","0","draft","candidate_needs_technical_confirmation_not_current_supplier_catalog"
"2026-07-19","historical Mobilax-derived catalog snapshot (supplier label scrubbed)","XIAOMI-2026-05-27","3000000101575","Premium Sim Tray Xiaomi Redmi Note 10 5G/Poco M3 Pro 5G Aurora Green","Xiaomi","Flat Cable","A","Poco M3 Pro 5G","","","Poco M3 | Poco M3 Pro 5G","2","0","draft","candidate_needs_technical_confirmation_not_current_supplier_catalog"
"2026-07-19","historical Mobilax-derived catalog snapshot (supplier label scrubbed)","XIAOMI-2026-05-27","3000000101582","Premium Sim Tray Xiaomi Redmi Note 10 5G/Poco M3 Pro 5G Silver Chrome","Xiaomi","Flat Cable","A","Poco M3 Pro 5G","","","Poco M3 | Poco M3 Pro 5G","2","0","draft","candidate_needs_technical_confirmation_not_current_supplier_catalog"
"2026-07-19","historical Mobilax-derived catalog snapshot (supplier label scrubbed)","XIAOMI-2026-05-27","3000000101650","Premium Front Camera Xiaomi Mi 11 5G/Mi 11 Lite 5G/Mi 11i 5G/11 Lite 5G NE 20MP","Xiaomi","Fotocamere","A","11 Lite 5G NE","","","11 Lite 5G NE | Mi 11 5G | Mi 11 Lite 5G | Mi 11I 5G","4","0","draft","candidate_needs_technical_confirmation_not_current_supplier_catalog"
"2026-07-19","historical Mobilax-derived catalog snapshot (supplier label scrubbed)","XIAOMI-2026-05-27","3000000101704","Premium Inner Earpiece Xiaomi Poco X3 NFC/Poco X3 Pro","Xiaomi","Speaker","A","Poco X3 NFC","","","Poco X3 Pro | Poco X3 NFC","2","0","draft","candidate_needs_technical_confirmation_not_current_supplier_catalog"
"2026-07-19","historical Mobilax-derived catalog snapshot (supplier label scrubbed)","SAMSUNG-2026-05-25","3000000101766","Premium Power and Volume Flex Cable Samsung Galaxy A22 4G A225/Galaxy M53 5G M536","Samsung","Flat Cable","A","Galaxy A22 4G A225","","","Galaxy A22 4G A225 | Galaxy M53 5G M536","2","0","draft","candidate_needs_technical_confirmation_not_current_supplier_catalog"
"2026-07-19","historical Mobilax-derived catalog snapshot (supplier label scrubbed)","OPPO-2026-05-27","3000000101926","Premium Fingerprint Reader OPPO A72 4G/A52 4G Aurora Violet","OPPO","Flat Cable","A","A52 4G","","","A52 4G | A72 4G","2","0","draft","candidate_needs_technical_confirmation_not_current_supplier_catalog"
"2026-07-19","historical Mobilax-derived catalog snapshot (supplier label scrubbed)","XIAOMI-2026-05-27","3000000102275","Premium NFC Flex Cable Xiaomi Mi Note 10/Mi Note 10 Pro","Xiaomi","Flat Cable","A","Mi Note 10","","","Mi Note 10 | Mi Note 10 Pro","2","0","draft","candidate_needs_technical_confirmation_not_current_supplier_catalog"
"2026-07-19","historical Mobilax-derived catalog snapshot (supplier label scrubbed)","XIAOMI-2026-05-27","3000000102336","Premium Connection Flex Cable Xiaomi Mi 10/Mi 10 Pro","Xiaomi","Flat Cable","A","Mi 10","","","Mi 10 | Mi 10 Pro","2","0","draft","candidate_needs_technical_confirmation_not_current_supplier_catalog"
"2026-07-19","historical Mobilax-derived catalog snapshot (supplier label scrubbed)","XIAOMI-2026-05-27","3000000102381","Premium Vibrator Xiaomi Mi 10/Mi 10 Pro","Xiaomi","Flat Cable","A","Mi 10","","","Mi 10 | Mi 10 Pro","2","0","draft","candidate_needs_technical_confirmation_not_current_supplier_catalog"
"2026-07-19","historical Mobilax-derived catalog snapshot (supplier label scrubbed)","XIAOMI-2026-05-27","3000000102459","Premium Fingerprint Reader Xiaomi Mi 10/Mi 10 Pro","Xiaomi","Flat Cable","A","Mi 10","","","Mi 10 | Mi 10 Pro","2","0","draft","candidate_needs_technical_confirmation_not_current_supplier_catalog"
"2026-07-19","historical Mobilax-derived catalog snapshot (supplier label scrubbed)","XIAOMI-2026-05-27","3000000102626","Original Front Camera Xiaomi Mi 10T 5G/Mi 10T Pro 5G 410100001G5E 20MP","Xiaomi","Fotocamere","A","Mi 10T 5G","","","Mi 10T 5G | Mi 10T Pro 5G","2","0","draft","candidate_needs_technical_confirmation_not_current_supplier_catalog"
"2026-07-19","historical Mobilax-derived catalog snapshot (supplier label scrubbed)","XIAOMI-2026-05-27","3000000102633","Premium Ultra Wide Angle Camera Xiaomi Mi 10T 5G/Mi 10T Pro 5G 13MP","Xiaomi","Fotocamere","A","Mi 10T 5G","","","Mi 10T 5G | Mi 10T Pro 5G","2","0","draft","candidate_needs_technical_confirmation_not_current_supplier_catalog"
"2026-07-19","historical Mobilax-derived catalog snapshot (supplier label scrubbed)","XIAOMI-2026-05-27","3000000102640","Premium Macro Sensor Xiaomi Mi 10T 5G/Mi 10T Pro 5G 5MP","Xiaomi","Flat Cable","A","Mi 10T 5G","","","Mi 10T 5G | Mi 10T Pro 5G","2","0","draft","candidate_needs_technical_confirmation_not_current_supplier_catalog"
"2026-07-19","historical Mobilax-derived catalog snapshot (supplier label scrubbed)","XIAOMI-2026-05-27","3000000102701","Premium Front Camera Xiaomi Mi 10T Lite 5G/Redmi Note 9 Pro 5G 16MP","Xiaomi","Fotocamere","A","Mi 10T Lite 5G","","","Mi 10T Lite 5G | Redmi Note 9 Pro 5G","2","0","draft","candidate_needs_technical_confirmation_not_current_supplier_catalog"
"2026-07-19","historical Mobilax-derived catalog snapshot (supplier label scrubbed)","XIAOMI-2026-05-27","3000000102732","Premium Macro Sensor Xiaomi Mi 10T Lite 5G/Redmi Note 9 Pro 5G 2MP","Xiaomi","Flat Cable","A","Mi 10T Lite 5G","","","Mi 10T Lite 5G | Redmi Note 9 Pro 5G","2","0","draft","candidate_needs_technical_confirmation_not_current_supplier_catalog"
"2026-07-19","historical Mobilax-derived catalog snapshot (supplier label scrubbed)","XIAOMI-2026-05-27","3000000102749","Premium Depth Sensor Xiaomi Mi 10T Lite 5G/Redmi Note 9 Pro 5G 2MP","Xiaomi","Flat Cable","A","Mi 10T Lite 5G","","","Mi 10T Lite 5G | Redmi Note 9 Pro 5G","2","0","draft","candidate_needs_technical_confirmation_not_current_supplier_catalog"
"2026-07-19","historical Mobilax-derived catalog snapshot (supplier label scrubbed)","XIAOMI-2026-05-27","3000000102756","Premium Fingerprint Reader Xiaomi Mi 10T Lite 5G/Redmi Note 9 Pro 5G Azure Blue","Xiaomi","Flat Cable","A","Mi 10T Lite 5G","","","Mi 10T Lite 5G | Redmi Note 9 Pro 5G","2","0","draft","candidate_needs_technical_confirmation_not_current_supplier_catalog"
"2026-07-19","historical Mobilax-derived catalog snapshot (supplier label scrubbed)","XIAOMI-2026-05-27","3000000102763","Premium Fingerprint Reader Xiaomi Mi 10T Lite 5G/Redmi Note 9 Pro 5G Pearl Grey","Xiaomi","Flat Cable","A","Mi 10T Lite 5G","","","Mi 10T Lite 5G | Redmi Note 9 Pro 5G","2","0","draft","candidate_needs_technical_confirmation_not_current_supplier_catalog"
"2026-07-19","historical Mobilax-derived catalog snapshot (supplier label scrubbed)","XIAOMI-2026-05-27","3000000103128","Premium Antenna Xiaomi Mi Note 10/Mi Note 10 Pro","Xiaomi","Flat Cable","A","Mi Note 10","","","Mi Note 10 | Mi Note 10 Pro","2","0","draft","candidate_needs_technical_confirmation_not_current_supplier_catalog"
"2026-07-19","historical Mobilax-derived catalog snapshot (supplier label scrubbed)","XIAOMI-2026-05-27","3000000103135","Premium Proximity Flex Cable Xiaomi Mi Note 10/Mi Note 10 Pro","Xiaomi","Flat Cable","A","Mi Note 10","","","Mi Note 10 | Mi Note 10 Pro","2","0","draft","candidate_needs_technical_confirmation_not_current_supplier_catalog"
"2026-07-19","historical Mobilax-derived catalog snapshot (supplier label scrubbed)","XIAOMI-2026-05-27","3000000103142","Premium Back Cover Xiaomi Mi Note 10/Mi Note 10 Pro White","Xiaomi","Back Cover","A","Mi Note 10","","","Mi Note 10 | Mi Note 10 Pro","2","0","draft","candidate_needs_technical_confirmation_not_current_supplier_catalog"
"2026-07-19","historical Mobilax-derived catalog snapshot (supplier label scrubbed)","XIAOMI-2026-05-27","3000000103159","Premium Back Cover Xiaomi Mi Note 10/Mi Note 10 Pro Black","Xiaomi","Back Cover","A","Mi Note 10","","","Mi Note 10 | Mi Note 10 Pro","2","0","draft","candidate_needs_technical_confirmation_not_current_supplier_catalog"
"2026-07-19","historical Mobilax-derived catalog snapshot (supplier label scrubbed)","XIAOMI-2026-05-27","3000000103166","Premium Back Cover Xiaomi Mi Note 10/Mi Note 10 Pro Green","Xiaomi","Back Cover","A","Mi Note 10","","","Mi Note 10 | Mi Note 10 Pro","2","0","draft","candidate_needs_technical_confirmation_not_current_supplier_catalog"
"2026-07-19","historical Mobilax-derived catalog snapshot (supplier label scrubbed)","OPPO-2026-05-27","3000000103463","Premium Loudspeaker OPPO A5 2020/A9 2020","OPPO","Speaker","A","A5 2020","","","A5 2020 | A9 2020","2","0","draft","candidate_needs_technical_confirmation_not_current_supplier_catalog"
"2026-07-19","historical Mobilax-derived catalog snapshot (supplier label scrubbed)","OPPO-2026-05-27","3000000103470","Premium Inner Earpiece OPPO A5 2020/A9 2020","OPPO","Speaker","A","A5 2020","","","A5 2020 | A9 2020","2","0","draft","candidate_needs_technical_confirmation_not_current_supplier_catalog"
"2026-07-19","historical Mobilax-derived catalog snapshot (supplier label scrubbed)","OPPO-2026-05-27","3000000103487","Premium Fingerprint Reader OPPO A5 2020/A9 2020 Black","OPPO","Flat Cable","A","A5 2020","","","A5 2020 | A9 2020","2","0","draft","candidate_needs_technical_confirmation_not_current_supplier_catalog"
"2026-07-19","historical Mobilax-derived catalog snapshot (supplier label scrubbed)","OPPO-2026-05-27","3000000103494","Premium Fingerprint Reader OPPO A5 2020/A9 2020 Purple","OPPO","Flat Cable","A","A5 2020","","","A5 2020 | A9 2020","2","0","draft","candidate_needs_technical_confirmation_not_current_supplier_catalog"
"2026-07-19","historical Mobilax-derived catalog snapshot (supplier label scrubbed)","OPPO-2026-05-27","3000000103555","Premium Fingerprint Reader OPPO A72 4G/A52 4G Twilight Black","OPPO","Flat Cable","A","A52 4G","","","A52 4G | A72 4G","2","0","draft","candidate_needs_technical_confirmation_not_current_supplier_catalog"
"2026-07-19","historical Mobilax-derived catalog snapshot (supplier label scrubbed)","REALME-2026-05-27","3000000103579","Premium Display Touchscreen Realme 8i/Narzo 50 4G Black","Realme","Schermi","A","8I","","","8I | Narzo 50 4G","2","0","draft","candidate_needs_technical_confirmation_not_current_supplier_catalog"
"2026-07-19","historical Mobilax-derived catalog snapshot (supplier label scrubbed)","REALME-2026-05-27","3000000103586","Premium Battery Realme 8i/C31/C35/Narzo 50A Prime/Narzo 50i Prime/C30/9i 5G/C33/Note 50 BLP877","Realme","Batterie","A","8I","","","8I | 9I 5G | C30 | C31 | C33 | C35 | Narzo 50A Prime | Narzo 50I Prime | Note 50","9","0","draft","candidate_needs_technical_confirmation_not_current_supplier_catalog"
"2026-07-19","historical Mobilax-derived catalog snapshot (supplier label scrubbed)","REALME-2026-05-27","3000000103593","Premium Dock Connector Realme 8i/Narzo 50 4G","Realme","Connettori","A","8I","","","8I | Narzo 50 4G","2","0","draft","candidate_needs_technical_confirmation_not_current_supplier_catalog"
"2026-07-19","historical Mobilax-derived catalog snapshot (supplier label scrubbed)","XIAOMI-2026-05-27","3000000103647","Premium Front Camera Xiaomi Redmi Note 9T/Redmi Note 9 5G 13MP","Xiaomi","Fotocamere","A","Redmi Note 9 5G","","","Redmi Note 9 5G | Redmi Note 9T","2","0","draft","candidate_needs_technical_confirmation_not_current_supplier_catalog"
"2026-07-19","historical Mobilax-derived catalog snapshot (supplier label scrubbed)","XIAOMI-2026-05-27","3000000103777","Premium Loudspeaker Xiaomi Redmi Note 9T/Redmi Note 9 5G","Xiaomi","Speaker","A","Redmi Note 9 5G","","","Redmi Note 9 5G | Redmi Note 9T","2","0","draft","candidate_needs_technical_confirmation_not_current_supplier_catalog"
"2026-07-19","historical Mobilax-derived catalog snapshot (supplier label scrubbed)","XIAOMI-2026-05-27","3000000103784","Premium Power and Volume Flex Cable Xiaomi Redmi Note 9T/Redmi Note 9 5G","Xiaomi","Flat Cable","A","Redmi Note 9 5G","","","Redmi Note 9 5G | Redmi Note 9T","2","0","draft","candidate_needs_technical_confirmation_not_current_supplier_catalog"
"2026-07-19","historical Mobilax-derived catalog snapshot (supplier label scrubbed)","XIAOMI-2026-05-27","3000000103791","Premium Fingerprint Reader Xiaomi Redmi Note 9T/Redmi Note 9 5G Black Twilight","Xiaomi","Flat Cable","A","Redmi Note 9 5G","","","Redmi Note 9 5G | Redmi Note 9T","2","0","draft","candidate_needs_technical_confirmation_not_current_supplier_catalog"
"2026-07-19","historical Mobilax-derived catalog snapshot (supplier label scrubbed)","XIAOMI-2026-05-27","3000000103807","Premium Fingerprint Reader Xiaomi Redmi Note 9T/Redmi Note 9 5G Aurora Violet","Xiaomi","Flat Cable","A","Redmi Note 9 5G","","","Redmi Note 9 5G | Redmi Note 9T","2","0","draft","candidate_needs_technical_confirmation_not_current_supplier_catalog"
"2026-07-19","historical Mobilax-derived catalog snapshot (supplier label scrubbed)","XIAOMI-2026-05-27","3000000103869","Premium Inner Earpiece Xiaomi Redmi Note 9T","Xiaomi","Speaker","A","Redmi Note 9 5G","","","Redmi Note 9 5G | Redmi Note 9T","2","0","draft","candidate_needs_technical_confirmation_not_current_supplier_catalog"
"2026-07-19","historical Mobilax-derived catalog snapshot (supplier label scrubbed)","OPPO-2026-05-27","3000000103944","Premium Fingerprint Reader OPPO A16 4G/A54s/A16s/A54 4G Crystal Black","OPPO","Flat Cable","A","A16 4G","","","A16 4G | A54 4G","2","0","draft","candidate_needs_technical_confirmation_not_current_supplier_catalog"
"2026-07-19","historical Mobilax-derived catalog snapshot (supplier label scrubbed)","OPPO-2026-05-27","3000000103951","Premium Fingerprint Reader OPPO A16 4G/A54s/A16s/A54 4G Pearl Blue","OPPO","Flat Cable","A","A16 4G","","","A16 4G | A54 4G","2","0","draft","candidate_needs_technical_confirmation_not_current_supplier_catalog"
"2026-07-19","historical Mobilax-derived catalog snapshot (supplier label scrubbed)","OPPO-2026-05-27","3000000104019","Premium Loudspeaker OPPO A74 5G/A16 4G/A54s/A16s/A54 4G","OPPO","Speaker","A","A16 4G","","","A16 4G | A54 4G | A54 5G | A74 5G","4","0","draft","candidate_needs_technical_confirmation_not_current_supplier_catalog"
"2026-07-19","historical Mobilax-derived catalog snapshot (supplier label scrubbed)","XIAOMI-2026-05-27","3000000104453","Premium Main Camera Xiaomi Mi 11 Lite 4G/Mi 11 Lite 5G 64MP","Xiaomi","Fotocamere","A","Mi 11 Lite 4G","","","Mi 11 Lite 4G | Mi 11 Lite 5G","2","0","draft","candidate_needs_technical_confirmation_not_current_supplier_catalog"
"2026-07-19","historical Mobilax-derived catalog snapshot (supplier label scrubbed)","XIAOMI-2026-05-27","3000000104521","Premium Proximity Flex Cable Xiaomi Mi 11 Lite 4G/Mi 11 Lite 5G","Xiaomi","Flat Cable","A","Mi 11 Lite 4G","","","Mi 11 Lite 4G | Mi 11 Lite 5G","2","0","draft","candidate_needs_technical_confirmation_not_current_supplier_catalog"
"2026-07-19","historical Mobilax-derived catalog snapshot (supplier label scrubbed)","SAMSUNG-2026-05-25","3000000105597","Original Connection Flex Cable Samsung Galaxy M32 M325/Galaxy M22 M225 GH59-15509A","Samsung","Flat Cable","A","Galaxy M22 M225","","","Galaxy M22 M225 | Galaxy M32 M325","2","0","draft","candidate_needs_technical_confirmation_not_current_supplier_catalog"
"2026-07-19","historical Mobilax-derived catalog snapshot (supplier label scrubbed)","REALME-2026-05-27","3000000105696","Premium Battery Realme GT NEO 2/GT 2/GT 2 Pro/GT NEO 3T BLP887","Realme","Batterie","A","GT 2","","","GT 2 | GT 2 Pro | GT Neo 2 | GT Neo 3T","4","0","draft","candidate_needs_technical_confirmation_not_current_supplier_catalog"
"2026-07-19","historical Mobilax-derived catalog snapshot (supplier label scrubbed)","2026-05-25","3000000106396","Hard Oled Display Touchscreen Apple iPhone 12/iPhone 12 Pro (IC Removable) Black","Apple","Schermi","A","iPhone 12","","","iPhone 12 | iPhone 12 Pro","2","0","draft","candidate_needs_technical_confirmation_not_current_supplier_catalog"
"2026-07-19","historical Mobilax-derived catalog snapshot (supplier label scrubbed)","MOTOROLA-2026-05-27","3000000106426","Premium Display Touchscreen Motorola Moto G31/Moto G71 5G/Moto G41 Black","Motorola","Schermi","A","Moto G31","","","Moto G31 | Moto G41 | Moto G71 5G","3","0","draft","candidate_needs_technical_confirmation_not_current_supplier_catalog"
"2026-07-19","historical Mobilax-derived catalog snapshot (supplier label scrubbed)","SAMSUNG-2026-05-25","3000000108574","Original Vibrator Samsung Galaxy Z Fold 3 5G F926/Galaxy Z Fold 4 5G F936/Galaxy Z Fold 5 5G F946 GH31-00791A","Samsung","Flat Cable","A","Galaxy Z Fold 3 5G F926","","","Galaxy Z Fold 3 5G F926 | Galaxy Z Fold 4 5G F936 | Galaxy Z Fold 5 5G F946","3","0","draft","candidate_needs_technical_confirmation_not_current_supplier_catalog"
"2026-07-19","historical Mobilax-derived catalog snapshot (supplier label scrubbed)","XIAOMI-2026-05-27","3000000108925","Premium Front Camera Xiaomi Poco X3 NFC/Poco X3 Pro 20MP","Xiaomi","Fotocamere","A","Poco X3 NFC","","","Poco X3 Pro | Poco X3 NFC","2","0","draft","candidate_needs_technical_confirmation_not_current_supplier_catalog"
"2026-07-19","historical Mobilax-derived catalog snapshot (supplier label scrubbed)","SAMSUNG-2026-05-25","3000000109038","Original Battery Samsung Galaxy M52 5G M526/Galaxy A23 5G A236/Galaxy A23 4G A235 GH82-27092A GH82-28564A GH82-29731A  EB-BM526ABY","Samsung","Batterie","A","Galaxy A23 4G A235","","","Galaxy A23 4G A235 | Galaxy A23 5G A236 | Galaxy M52 5G M526","3","0","draft","candidate_needs_technical_confirmation_not_current_supplier_catalog"
"2026-07-19","historical Mobilax-derived catalog snapshot (supplier label scrubbed)","SAMSUNG-2026-05-25","3000000109090","Original Connection Flex Cable Samsung Galaxy M52 5G M526/Galaxy M53 5G M536 GH59-15514A","Samsung","Flat Cable","A","Galaxy M52 5G M526","","","Galaxy M52 5G M526 | Galaxy M53 5G M536","2","0","draft","candidate_needs_technical_confirmation_not_current_supplier_catalog"
"2026-07-19","historical Mobilax-derived catalog snapshot (supplier label scrubbed)","SAMSUNG-2026-05-25","3000000109137","Original Loudspeaker Samsung Galaxy M52 5G M526/Galaxy M53 5G M536 GH96-14640A","Samsung","Speaker","A","Galaxy M52 5G M526","","","Galaxy M52 5G M526 | Galaxy M53 5G M536","2","0","draft","candidate_needs_technical_confirmation_not_current_supplier_catalog"
"2026-07-19","historical Mobilax-derived catalog snapshot (supplier label scrubbed)","SAMSUNG-2026-05-25","3000000109175","Original Vibrator Samsung Galaxy M52 5G M526/Galaxy A33 5G A336/Galaxy A53 5G A536/Galaxy A73 5G A736 GH31-00795A","Samsung","Flat Cable","A","Galaxy A33 5G A336","","","Galaxy A33 5G A336 | Galaxy A53 5G A536 | Galaxy A73 5G A736 | Galaxy M52 5G M526","4","0","draft","candidate_needs_technical_confirmation_not_current_supplier_catalog"
"2026-07-19","historical Mobilax-derived catalog snapshot (supplier label scrubbed)","XIAOMI-2026-05-27","3000000109359","Premium Vibrator Xiaomi Redmi 9/Poco M3/Redmi 9T/Poco X5 5G/Redmi Note 12 5G","Xiaomi","Flat Cable","A","Poco M3","","","Poco X5 5G | Poco M3","2","0","draft","candidate_needs_technical_confirmation_not_current_supplier_catalog"
"2026-07-19","historical Mobilax-derived catalog snapshot (supplier label scrubbed)","2026-05-25","3000000109670","Nano Flex Cable Apple iPhone 12/iPhone 12 Pro","Apple","Flat Cable","A","iPhone 12","","","iPhone 12 | iPhone 12 Pro","2","0","draft","candidate_needs_technical_confirmation_not_current_supplier_catalog"
"2026-07-19","historical Mobilax-derived catalog snapshot (supplier label scrubbed)","2026-05-25","3000000109687","Antenna Apple iPhone 12/iPhone 12 Pro/iPhone 12 Pro Max 5G mmWave","Apple","Flat Cable","A","iPhone 12","","","iPhone 12 | iPhone 12 Pro | iPhone 12 Pro Max","3","0","draft","candidate_needs_technical_confirmation_not_current_supplier_catalog"
"2026-07-19","historical Mobilax-derived catalog snapshot (supplier label scrubbed)","SAMSUNG-2026-05-25","3000000110126","Original Internal Earpiece Samsung Galaxy Z Fold 3 5G F926/Galaxy Z Fold 4 5G F936 3009-001736","Samsung","Speaker","A","Galaxy Z Fold 3 5G F926","","","Galaxy Z Fold 3 5G F926 | Galaxy Z Fold 4 5G F936","2","0","draft","candidate_needs_technical_confirmation_not_current_supplier_catalog"
"2026-07-19","historical Mobilax-derived catalog snapshot (supplier label scrubbed)","XIAOMI-2026-05-27","3000000110218","Premium Lens Xiaomi 11T 5G/11T Pro 5G","Xiaomi","Fotocamere","A","11T 5G","","","11T 5G | 11T Pro 5G","2","0","draft","candidate_needs_technical_confirmation_not_current_supplier_catalog"
"2026-07-19","historical Mobilax-derived catalog snapshot (supplier label scrubbed)","OPPO-2026-05-27","3000000110225","Premium Inner Earpiece OPPO Reno4 5G/Find X3 Lite/Reno6 5G/Reno11 F 5G","OPPO","Speaker","A","Find X3 Lite","","","Find X3 Lite | RENO11 F 5G | RENO4 5G | RENO6 5G","4","0","draft","candidate_needs_technical_confirmation_not_current_supplier_catalog"
"2026-07-19","historical Mobilax-derived catalog snapshot (supplier label scrubbed)","XIAOMI-2026-05-27","3000000110867","Premium Loudspeaker Xiaomi Redmi 10/Redmi 10 2022","Xiaomi","Speaker","A","Redmi 10","","","Redmi 10 | Redmi 10 2022","2","0","draft","candidate_needs_technical_confirmation_not_current_supplier_catalog"
"2026-07-19","historical Mobilax-derived catalog snapshot (supplier label scrubbed)","XIAOMI-2026-05-27","3000000110874","Premium Inner Earpiece Xiaomi Redmi 10/Redmi 10 2022","Xiaomi","Speaker","A","Redmi 10","","","Redmi 10 | Redmi 10 2022","2","0","draft","candidate_needs_technical_confirmation_not_current_supplier_catalog"
"2026-07-19","historical Mobilax-derived catalog snapshot (supplier label scrubbed)","XIAOMI-2026-05-27","3000000110881","Premium Lens Xiaomi Redmi 10/Redmi 10 2022","Xiaomi","Fotocamere","A","Redmi 10","","","Redmi 10 | Redmi 10 2022","2","0","draft","candidate_needs_technical_confirmation_not_current_supplier_catalog"
"2026-07-19","historical Mobilax-derived catalog snapshot (supplier label scrubbed)","XIAOMI-2026-05-27","3000000110898","Premium Power and Volume Flex Cable Xiaomi Redmi 10/Redmi 10 2022","Xiaomi","Flat Cable","A","Redmi 10","","","Redmi 10 | Redmi 10 2022","2","0","draft","candidate_needs_technical_confirmation_not_current_supplier_catalog"
"2026-07-19","historical Mobilax-derived catalog snapshot (supplier label scrubbed)","XIAOMI-2026-05-27","3000000110928","Premium Inner Earpiece Xiaomi 11T 5G/11T Pro 5G","Xiaomi","Speaker","A","11T 5G","","","11T 5G | 11T Pro 5G","2","0","draft","candidate_needs_technical_confirmation_not_current_supplier_catalog"
"2026-07-19","historical Mobilax-derived catalog snapshot (supplier label scrubbed)","XIAOMI-2026-05-27","3000000111246","Premium Fingerprint Reader Xiaomi 11T 5G/11T Pro 5G Lunar White","Xiaomi","Flat Cable","A","11T 5G","","","11T 5G | 11T Pro 5G","2","0","draft","candidate_needs_technical_confirmation_not_current_supplier_catalog"
"2026-07-19","historical Mobilax-derived catalog snapshot (supplier label scrubbed)","XIAOMI-2026-05-27","3000000111260","Premium Fingerprint Reader Xiaomi 11T 5G/11T Pro 5G Comete Grey","Xiaomi","Flat Cable","A","11T 5G","","","11T 5G | 11T Pro 5G","2","0","draft","candidate_needs_technical_confirmation_not_current_supplier_catalog"
"2026-07-19","historical Mobilax-derived catalog snapshot (supplier label scrubbed)","XIAOMI-2026-05-27","3000000111291","Premium Dock Connector Xiaomi Poco M3 Pro 5G","Xiaomi","Connettori","A","Poco M3 Pro 5G","","","Poco M3 | Poco M3 Pro 5G","2","0","draft","candidate_needs_technical_confirmation_not_current_supplier_catalog"
"2026-07-19","historical Mobilax-derived catalog snapshot (supplier label scrubbed)","XIAOMI-2026-05-27","3000000111307","Premium Macro Sensor Xiaomi Poco M3 Pro 5G 2MP","Xiaomi","Flat Cable","A","Poco M3 Pro 5G","","","Poco M3 | Poco M3 Pro 5G","2","0","draft","candidate_needs_technical_confirmation_not_current_supplier_catalog"
"2026-07-19","historical Mobilax-derived catalog snapshot (supplier label scrubbed)","XIAOMI-2026-05-27","3000000111444","Premium Sim Tray Xiaomi Redmi 9/Redmi 9T Carbon Gray","Xiaomi","Flat Cable","A","Redmi 9","","","Redmi 9 | Redmi 9T","2","0","draft","candidate_needs_technical_confirmation_not_current_supplier_catalog"
"2026-07-19","historical Mobilax-derived catalog snapshot (supplier label scrubbed)","OPPO-2026-05-27","3000000113134","Premium Inner Earpiece OPPO A74 4G/A94 5G/A80 5G","OPPO","Speaker","A","A74 4G","","","A74 4G | A80 5G | A94 5G","3","0","draft","candidate_needs_technical_confirmation_not_current_supplier_catalog"
"2026-07-19","historical Mobilax-derived catalog snapshot (supplier label scrubbed)","OPPO-2026-05-27","3000000113158","Premium Volume Flex Cable OPPO A94 5G/Reno5 Z/Reno6 Z 5G/F19 PRO+ 5G","OPPO","Flat Cable","A","A94 5G","","","A94 5G | RENO6 Z 5G","2","0","draft","candidate_needs_technical_confirmation_not_current_supplier_catalog"
"2026-07-19","historical Mobilax-derived catalog snapshot (supplier label scrubbed)","OPPO-2026-05-27","3000000113165","Premium Power Flex Cable OPPO A94 5G/Reno5 Z/Reno6 Z 5G/F19 PRO+ 5G","OPPO","Flat Cable","A","A94 5G","","","A94 5G | RENO6 Z 5G","2","0","draft","candidate_needs_technical_confirmation_not_current_supplier_catalog"
"2026-07-19","historical Mobilax-derived catalog snapshot (supplier label scrubbed)","OPPO-2026-05-27","3000000113257","Premium LCD Flex Cable OPPO A94 5G/Reno5 Z/Reno6 Z 5G/F19 PRO+ 5G","OPPO","Schermi","A","A94 5G","","","A94 5G | RENO6 Z 5G","2","0","draft","candidate_needs_technical_confirmation_not_current_supplier_catalog"
"2026-07-19","historical Mobilax-derived catalog snapshot (supplier label scrubbed)","XIAOMI-2026-05-27","3000000113622","Original Display Touchscreen Xiaomi Redmi 9A/Redmi 9C NFC 5600070C3L00 5600060C3J00 Black","Xiaomi","Schermi","A","Redmi 9A","","","Redmi 9A | Redmi 9C NFC","2","0","draft","candidate_needs_technical_confirmation_not_current_supplier_catalog"
"2026-07-19","historical Mobilax-derived catalog snapshot (supplier label scrubbed)","XIAOMI-2026-05-27","3000000114049","Premium Back Cover Xiaomi Poco M3 Pro 5G Black","Xiaomi","Back Cover","A","Poco M3 Pro 5G","","","Poco M3 | Poco M3 Pro 5G","2","0","draft","candidate_needs_technical_confirmation_not_current_supplier_catalog"
"2026-07-19","historical Mobilax-derived catalog snapshot (supplier label scrubbed)","XIAOMI-2026-05-27","3000000114056","Premium Back Cover Xiaomi Poco M3 Pro 5G Glacier Blue","Xiaomi","Back Cover","A","Poco M3 Pro 5G","","","Poco M3 | Poco M3 Pro 5G","2","0","draft","candidate_needs_technical_confirmation_not_current_supplier_catalog"
"2026-07-19","historical Mobilax-derived catalog snapshot (supplier label scrubbed)","XIAOMI-2026-05-27","3000000114063","Original Back Cover Xiaomi Poco M3 Pro 5G 550500013Z9X POCO Yellow","Xiaomi","Back Cover","A","Poco M3 Pro 5G","","","Poco M3 | Poco M3 Pro 5G","2","0","draft","candidate_needs_technical_confirmation_not_current_supplier_catalog"
"2026-07-19","historical Mobilax-derived catalog snapshot (supplier label scrubbed)","XIAOMI-2026-05-27","3000000114087","Premium Loudspeaker Xiaomi Poco M3 Pro 5G","Xiaomi","Speaker","A","Poco M3 Pro 5G","","","Poco M3 | Poco M3 Pro 5G","2","0","draft","candidate_needs_technical_confirmation_not_current_supplier_catalog"
"2026-07-19","historical Mobilax-derived catalog snapshot (supplier label scrubbed)","SAMSUNG-2026-05-25","3000000114148","Oled Display Touchscreen Samsung Galaxy A50 A505/Galaxy A30 A305 Black","Samsung","Schermi","A","Galaxy A30 A305","","","Galaxy A30 A305 | Galaxy A50 A505","2","0","draft","candidate_needs_technical_confirmation_not_current_supplier_catalog"
"2026-07-19","historical Mobilax-derived catalog snapshot (supplier label scrubbed)","SAMSUNG-2026-05-25","3000000114803","Original Ultra Wide Angle Camera Samsung Galaxy Note 20 N980/Galaxy Note 20 5G N981 GH96-13599A 12MP","Samsung","Fotocamere","A","Galaxy Note 20 5G N981","","","Galaxy Note 20 5G N981 | Galaxy Note 20 N980","2","0","draft","candidate_needs_technical_confirmation_not_current_supplier_catalog"
"2026-07-19","historical Mobilax-derived catalog snapshot (supplier label scrubbed)","SAMSUNG-2026-05-25","3000000114810","Original Stylus Charging Connector Flex Cable Samsung Galaxy Note 20 N980/Galaxy Note 20 5G N981 GH59-15316A","Samsung","Connettori","A","Galaxy Note 20 5G N981","","","Galaxy Note 20 5G N981 | Galaxy Note 20 N980","2","0","draft","candidate_needs_technical_confirmation_not_current_supplier_catalog"
"2026-07-19","historical Mobilax-derived catalog snapshot (supplier label scrubbed)","SAMSUNG-2026-05-25","3000000114834","Premium FRC Flex Cable Samsung Galaxy Note 20 5G N981/Galaxy Note 20 N980","Samsung","Flat Cable","A","Galaxy Note 20 5G N981","","","Galaxy Note 20 5G N981 | Galaxy Note 20 N980","2","0","draft","candidate_needs_technical_confirmation_not_current_supplier_catalog"
"2026-07-19","historical Mobilax-derived catalog snapshot (supplier label scrubbed)","SAMSUNG-2026-05-25","3000000114841","Premium Flash Flex Cable Samsung Galaxy Note 20 5G N981/Galaxy Note 20 N980","Samsung","Flat Cable","A","Galaxy Note 20 5G N981","","","Galaxy Note 20 5G N981 | Galaxy Note 20 N980","2","0","draft","candidate_needs_technical_confirmation_not_current_supplier_catalog"
"2026-07-19","historical Mobilax-derived catalog snapshot (supplier label scrubbed)","XIAOMI-2026-05-27","3000000115039","Premium Loudspeaker Xiaomi Mi 10T 5G/Mi 10T Pro 5G","Xiaomi","Speaker","A","Mi 10T 5G","","","Mi 10T 5G | Mi 10T Pro 5G","2","0","draft","candidate_needs_technical_confirmation_not_current_supplier_catalog"
"2026-07-19","historical Mobilax-derived catalog snapshot (supplier label scrubbed)","XIAOMI-2026-05-27","3000000115046","Premium Proximity Flex Cable Xiaomi Mi 10T 5G/Mi 10T Pro 5G","Xiaomi","Flat Cable","A","Mi 10T 5G","","","Mi 10T 5G | Mi 10T Pro 5G","2","0","draft","candidate_needs_technical_confirmation_not_current_supplier_catalog"
"2026-07-19","historical Mobilax-derived catalog snapshot (supplier label scrubbed)","XIAOMI-2026-05-27","3000000115053","Premium Fingerprint Reader Xiaomi Mi 10T 5G/Mi 10T Pro 5G Lunar Silver","Xiaomi","Flat Cable","A","Mi 10T 5G","","","Mi 10T 5G | Mi 10T Pro 5G","2","0","draft","candidate_needs_technical_confirmation_not_current_supplier_catalog"
"2026-07-19","historical Mobilax-derived catalog snapshot (supplier label scrubbed)","XIAOMI-2026-05-27","3000000115060","Premium Fingerprint Reader Xiaomi Mi 10T 5G/Mi 10T Pro 5G Cosmic Black","Xiaomi","Flat Cable","A","Mi 10T 5G","","","Mi 10T 5G | Mi 10T Pro 5G","2","0","draft","candidate_needs_technical_confirmation_not_current_supplier_catalog"
"2026-07-19","historical Mobilax-derived catalog snapshot (supplier label scrubbed)","SAMSUNG-2026-05-25","3000000115176","Original Front Camera Samsung Galaxy Z Fold 3 5G F926/Galaxy Z Fold 4 5G F936 GH96-14452A (Interior Side) 4MP","Samsung","Fotocamere","A","Galaxy Z Fold 3 5G F926","","","Galaxy Z Fold 3 5G F926 | Galaxy Z Fold 4 5G F936","2","0","draft","candidate_needs_technical_confirmation_not_current_supplier_catalog"
"2026-07-19","historical Mobilax-derived catalog snapshot (supplier label scrubbed)","SAMSUNG-2026-05-25","3000000115619","Original Main Camera Samsung Galaxy M12 M127/Galaxy A12 Nacho A127 GH96-14179A 48MP","Samsung","Fotocamere","A","Galaxy A12 Nacho A127","","","Galaxy A12 Nacho A127 | Galaxy M12 M127","2","0","draft","candidate_needs_technical_confirmation_not_current_supplier_catalog"
"2026-07-19","historical Mobilax-derived catalog snapshot (supplier label scrubbed)","XIAOMI-2026-05-27","3000000116821","Premium Lens Xiaomi Poco M3 Pro 5G Black","Xiaomi","Fotocamere","A","Poco M3 Pro 5G","","","Poco M3 | Poco M3 Pro 5G","2","0","draft","candidate_needs_technical_confirmation_not_current_supplier_catalog"
"2026-07-19","historical Mobilax-derived catalog snapshot (supplier label scrubbed)","XIAOMI-2026-05-27","3000000116845","Premium Front Camera Xiaomi Redmi Note 10 5G/Poco M3 Pro 5G 8MP","Xiaomi","Fotocamere","A","Poco M3 Pro 5G","","","Poco M3 | Poco M3 Pro 5G","2","0","draft","candidate_needs_technical_confirmation_not_current_supplier_catalog"
"2026-07-19","historical Mobilax-derived catalog snapshot (supplier label scrubbed)","XIAOMI-2026-05-27","3000000117903","Premium Lens Xiaomi Poco X3 Pro/Poco X3 GT Black","Xiaomi","Fotocamere","A","Poco X3 GT","","","Poco X3 Pro | Poco X3 GT","2","0","draft","candidate_needs_technical_confirmation_not_current_supplier_catalog"
"2026-07-19","historical Mobilax-derived catalog snapshot (supplier label scrubbed)","SAMSUNG-2026-05-27","3000000118641","Original Telephoto Lens Samsung Galaxy S22 S901/Galaxy S22 Plus S906 GH96-14766A GH96-14773A  10MP","Samsung","Fotocamere","A","Galaxy S22 Plus S906","","","Galaxy S22 Plus S906 | Galaxy S22 S901","2","0","draft","candidate_needs_technical_confirmation_not_current_supplier_catalog"
"2026-07-19","historical Mobilax-derived catalog snapshot (supplier label scrubbed)","XIAOMI-2026-05-27","3000000118689","Premium Fingerprint Reader Xiaomi Poco M3 Pro 5G Black Tarnish","Xiaomi","Flat Cable","A","Poco M3 Pro 5G","","","Poco M3 | Poco M3 Pro 5G","2","0","draft","candidate_needs_technical_confirmation_not_current_supplier_catalog"
"2026-07-19","historical Mobilax-derived catalog snapshot (supplier label scrubbed)","OPPO-2026-05-27","3000000118719","Premium Inner Earpiece OPPO A16 4G/A76 4G/A16s/A54 4G","OPPO","Speaker","A","A16 4G","","","A16 4G | A54 4G | A76 4G","3","0","draft","candidate_needs_technical_confirmation_not_current_supplier_catalog"
"2026-07-19","historical Mobilax-derived catalog snapshot (supplier label scrubbed)","OPPO-2026-05-27","3000000118726","Premium Connection Flex Cable OPPO A16 4G/A54s/A16s/A54 4G","OPPO","Flat Cable","A","A16 4G","","","A16 4G | A54 4G","2","0","draft","candidate_needs_technical_confirmation_not_current_supplier_catalog"
"2026-07-19","historical Mobilax-derived catalog snapshot (supplier label scrubbed)","OPPO-2026-05-27","3000000118733","Premium Power Flex Cable OPPO A16 4G/A54s/A16s/A54 4G","OPPO","Flat Cable","A","A16 4G","","","A16 4G | A54 4G","2","0","draft","candidate_needs_technical_confirmation_not_current_supplier_catalog"
"2026-07-19","historical Mobilax-derived catalog snapshot (supplier label scrubbed)","OPPO-2026-05-27","3000000118740","Premium Volume Flex Cable OPPO A16 4G/A54s/A16s/A54 4G","OPPO","Flat Cable","A","A16 4G","","","A16 4G | A54 4G","2","0","draft","candidate_needs_technical_confirmation_not_current_supplier_catalog"
"2026-07-19","historical Mobilax-derived catalog snapshot (supplier label scrubbed)","REALME-2026-05-27","3000000118795","Premium Front Camera Realme GT 5G/GT NEO 2/GT NEO 3T 16MP","Realme","Fotocamere","A","GT 5G","","","GT 5G | GT Neo 2 | GT Neo 3T","3","0","draft","candidate_needs_technical_confirmation_not_current_supplier_catalog"
"2026-07-19","historical Mobilax-derived catalog snapshot (supplier label scrubbed)","REALME-2026-05-27","3000000119013","OEM Display Touchscreen Realme 9 Pro 5G/9 5G Black","Realme","Schermi","A","9 5G","","","9 5G | 9 Pro 5G","2","0","draft","candidate_needs_technical_confirmation_not_current_supplier_catalog"
"2026-07-19","historical Mobilax-derived catalog snapshot (supplier label scrubbed)","REALME-2026-05-27","3000000119020","Premium Battery Realme 9 Pro 5G/9i BLP911","Realme","Batterie","A","9 Pro 5G","","","9 Pro 5G | 9I","2","0","draft","candidate_needs_technical_confirmation_not_current_supplier_catalog"
"2026-07-19","historical Mobilax-derived catalog snapshot (supplier label scrubbed)","REALME-2026-05-27","3000000119075","Premium Dock Connector Realme 9 Pro 5G/9 5G","Realme","Connettori","A","9 5G","","","9 5G | 9 Pro 5G","2","0","draft","candidate_needs_technical_confirmation_not_current_supplier_catalog"
"2026-07-19","historical Mobilax-derived catalog snapshot (supplier label scrubbed)","XIAOMI-2026-05-27","3000000119082","Premium Ultra Wide Angle Camera Xiaomi Redmi Note 10 4G/Redmi Note 10 Pro 4G/Redmi Note 10S/Redmi 10 8MP","Xiaomi","Fotocamere","A","Redmi 10","","","Redmi 10 | Redmi Note 10 4G | Redmi Note 10 Pro 4G","3","0","draft","candidate_needs_technical_confirmation_not_current_supplier_catalog"
"2026-07-19","historical Mobilax-derived catalog snapshot (supplier label scrubbed)","XIAOMI-2026-05-27","3000000119549","Premium Fingerprint Reader Xiaomi Redmi 10/Redmi 10 2022 Mineral White","Xiaomi","Flat Cable","A","Redmi 10","","","Redmi 10 | Redmi 10 2022","2","0","draft","candidate_needs_technical_confirmation_not_current_supplier_catalog"
"2026-07-19","historical Mobilax-derived catalog snapshot (supplier label scrubbed)","XIAOMI-2026-05-27","3000000119556","Premium Fingerprint Reader Xiaomi Redmi 10/Redmi 10 2022 Carbon Gray","Xiaomi","Flat Cable","A","Redmi 10","","","Redmi 10 | Redmi 10 2022","2","0","draft","candidate_needs_technical_confirmation_not_current_supplier_catalog"
"2026-07-19","historical Mobilax-derived catalog snapshot (supplier label scrubbed)","XIAOMI-2026-05-27","3000000119563","Premium Fingerprint Reader Xiaomi Redmi 10/Redmi 10 2022 Blue","Xiaomi","Flat Cable","A","Redmi 10","","","Redmi 10 | Redmi 10 2022","2","0","draft","candidate_needs_technical_confirmation_not_current_supplier_catalog"
"2026-07-19","historical Mobilax-derived catalog snapshot (supplier label scrubbed)","XIAOMI-2026-05-27","3000000119709","Premium Macro Sensor Xiaomi Mi 11 Lite 4G/Mi 11 Lite 5G/11 Lite 5G NE 5MP","Xiaomi","Flat Cable","A","11 Lite 5G NE","","","11 Lite 5G NE | Mi 11 Lite 4G | Mi 11 Lite 5G","3","0","draft","candidate_needs_technical_confirmation_not_current_supplier_catalog"
"2026-07-19","historical Mobilax-derived catalog snapshot (supplier label scrubbed)","OPPO-2026-05-27","3000000120392","Oled Display Touchscreen OPPO Find X5 Lite/Reno7 5G CPH2371 Black","OPPO","Schermi","A","Find X5 Lite","","","Find X5 Lite | RENO7 5G","2","0","draft","candidate_needs_technical_confirmation_not_current_supplier_catalog"
"2026-07-19","historical Mobilax-derived catalog snapshot (supplier label scrubbed)","OPPO-2026-05-27","3000000120408","Premium Battery OPPO Find X5 Lite/Reno8 5G BLP855","OPPO","Batterie","A","Find X5 Lite","","","Find X5 Lite | RENO8 5G","2","0","draft","candidate_needs_technical_confirmation_not_current_supplier_catalog"
"2026-07-19","historical Mobilax-derived catalog snapshot (supplier label scrubbed)","OPPO-2026-05-27","3000000120422","Premium Back Cover OPPO Find X5 Lite/Reno7 5G Blue Star","OPPO","Back Cover","A","Find X5 Lite","","","Find X5 Lite | RENO7 5G","2","0","draft","candidate_needs_technical_confirmation_not_current_supplier_catalog"
"2026-07-19","historical Mobilax-derived catalog snapshot (supplier label scrubbed)","OPPO-2026-05-27","3000000120439","Premium Back Cover OPPO Find X5 Lite/Reno7 5G Black Stellar","OPPO","Back Cover","A","Find X5 Lite","","","Find X5 Lite | RENO7 5G","2","0","draft","candidate_needs_technical_confirmation_not_current_supplier_catalog"
"2026-07-19","historical Mobilax-derived catalog snapshot (supplier label scrubbed)","MOTOROLA-2026-05-27","3000000120637","Premium Battery Motorola Moto G10/Moto G30/Moto E40/Moto E7i Power/Moto G7 Power/Moto G8 Power Lite/Moto G50/Moto G51 5G JK50","Motorola","Batterie","A","Moto E7I Power","","","Moto E7I Power | Moto E40 | Moto G10 | Moto G30 | Moto G50 | Moto G51 5G | Moto G7 Power | Moto G8 Power Lite","8","0","draft","candidate_needs_technical_confirmation_not_current_supplier_catalog"
"2026-07-19","historical Mobilax-derived catalog snapshot (supplier label scrubbed)","REALME-2026-05-27","3000000120910","Premium Loudspeaker Realme 8 Pro 4G/8","Realme","Speaker","A","8","","","8 | 8 Pro 4G","2","0","draft","candidate_needs_technical_confirmation_not_current_supplier_catalog"
"2026-07-19","historical Mobilax-derived catalog snapshot (supplier label scrubbed)","OPPO-2026-05-27","3000000121054","Premium Main Camera OPPO A16 4G/A76 4G/A16s 13MP","OPPO","Fotocamere","A","A16 4G","","","A16 4G | A76 4G","2","0","draft","candidate_needs_technical_confirmation_not_current_supplier_catalog"
"2026-07-19","historical Mobilax-derived catalog snapshot (supplier label scrubbed)","REALME-2026-05-27","3000000121146","Premium Loudspeaker Realme 8i/C35/Narzo 50A Prime/Narzo 50 4G","Realme","Speaker","A","8I","","","8I | C35 | Narzo 50 4G | Narzo 50A Prime","4","0","draft","candidate_needs_technical_confirmation_not_current_supplier_catalog"
"2026-07-19","historical Mobilax-derived catalog snapshot (supplier label scrubbed)","OPPO-2026-05-27","3000000121153","Premium Main Camera OPPO Find X3 Neo/Reno6 Pro 5G (CPH2247) 50MP","OPPO","Fotocamere","A","Find X3 Neo","","","Find X3 Neo | RENO6 Pro 5G CPH2247","2","0","draft","candidate_needs_technical_confirmation_not_current_supplier_catalog"
"2026-07-19","historical Mobilax-derived catalog snapshot (supplier label scrubbed)","XIAOMI-2026-05-27","3000000121344","Premium Fingerprint Reader Xiaomi Poco M3 Pro 5G Glacier Blue","Xiaomi","Flat Cable","A","Poco M3 Pro 5G","","","Poco M3 | Poco M3 Pro 5G","2","0","draft","candidate_needs_technical_confirmation_not_current_supplier_catalog"
"2026-07-19","historical Mobilax-derived catalog snapshot (supplier label scrubbed)","XIAOMI-2026-05-27","3000000121795","Premium Front Camera Xiaomi 11T 5G/11T Pro 5G 16MP","Xiaomi","Fotocamere","A","11T 5G","","","11T 5G | 11T Pro 5G","2","0","draft","candidate_needs_technical_confirmation_not_current_supplier_catalog"
"2026-07-19","historical Mobilax-derived catalog snapshot (supplier label scrubbed)","XIAOMI-2026-05-27","3000000121870","Premium Power and Volume Flex Cable Xiaomi Poco X3 NFC/Poco X3 Pro","Xiaomi","Flat Cable","A","Poco X3 NFC","","","Poco X3 Pro | Poco X3 NFC","2","0","draft","candidate_needs_technical_confirmation_not_current_supplier_catalog"
"2026-07-19","historical Mobilax-derived catalog snapshot (supplier label scrubbed)","SAMSUNG-2026-05-27","3000000122914","Original Wide Angle Camera Samsung Galaxy S22 S901/Galaxy S22 Plus S906 GH96-14767A GH96-14765A  50MP","Samsung","Fotocamere","A","Galaxy S22 Plus S906","","","Galaxy S22 Plus S906 | Galaxy S22 S901","2","0","draft","candidate_needs_technical_confirmation_not_current_supplier_catalog"
"2026-07-19","historical Mobilax-derived catalog snapshot (supplier label scrubbed)","SAMSUNG-2026-05-27","3000000122921","Original Ultra Wide Angle Camera Samsung Galaxy S22 S901/Galaxy S22 Plus S906 GH96-14770A 12MP","Samsung","Fotocamere","A","Galaxy S22 Plus S906","","","Galaxy S22 Plus S906 | Galaxy S22 S901","2","0","draft","candidate_needs_technical_confirmation_not_current_supplier_catalog"
"2026-07-19","historical Mobilax-derived catalog snapshot (supplier label scrubbed)","XIAOMI-2026-05-27","3000000122952","Premium LCD Flex Cable Xiaomi 12 5G/12X","Xiaomi","Schermi","A","12 5G","","","12 5G | 12X","2","0","draft","candidate_needs_technical_confirmation_not_current_supplier_catalog"
"2026-07-19","historical Mobilax-derived catalog snapshot (supplier label scrubbed)","XIAOMI-2026-05-27","3000000122976","Premium Main Camera Xiaomi 12 5G/12X 50MP","Xiaomi","Fotocamere","A","12 5G","","","12 5G | 12X","2","0","draft","candidate_needs_technical_confirmation_not_current_supplier_catalog"
"2026-07-19","historical Mobilax-derived catalog snapshot (supplier label scrubbed)","XIAOMI-2026-05-27","3000000122983","Premium Power and Volume Flex Cable Xiaomi 12 5G/12X","Xiaomi","Flat Cable","A","12 5G","","","12 5G | 12X","2","0","draft","candidate_needs_technical_confirmation_not_current_supplier_catalog"
"2026-07-19","historical Mobilax-derived catalog snapshot (supplier label scrubbed)","XIAOMI-2026-05-27","3000000123027","Premium Inner Earpiece Xiaomi Poco M3 Pro 5G","Xiaomi","Speaker","A","Poco M3 Pro 5G","","","Poco M3 | Poco M3 Pro 5G","2","0","draft","candidate_needs_technical_confirmation_not_current_supplier_catalog"
"2026-07-19","historical Mobilax-derived catalog snapshot (supplier label scrubbed)","REALME-2026-05-27","3000000123096","Premium Front Camera Realme 8 Pro 4G/8 16MP","Realme","Fotocamere","A","8","","","8 | 8 Pro 4G","2","0","draft","candidate_needs_technical_confirmation_not_current_supplier_catalog"
"2026-07-19","historical Mobilax-derived catalog snapshot (supplier label scrubbed)","HONOR-2026-05-27","3000000123515","Premium Inner Earpiece Honor 50/50 Lite/X7/Magic 4 Lite 5G/X8b/X8 5G/70/X6/X7a/X8a/70 Lite/90 Lite/X6a/Magic 6 Lite 5G/200 Lite/X8C/400 Lite","Honor","Speaker","A","50","","","50 | 200 Lite | 400 Lite | 50 Lite | 70 | 70 Lite | 90 Lite | Magic 4 Lite 5G | Magic 6 Lite 5G | X6 | X6A | X7 | X7A | X8 5G | X8A | X8B | X8C","17","0","draft","candidate_needs_technical_confirmation_not_current_supplier_catalog"
"2026-07-19","historical Mobilax-derived catalog snapshot (supplier label scrubbed)","XIAOMI-2026-05-27","3000000123607","Premium Main Camera Xiaomi Redmi 10/Redmi 10 2022 50MP","Xiaomi","Fotocamere","A","Redmi 10","","","Redmi 10 | Redmi 10 2022","2","0","draft","candidate_needs_technical_confirmation_not_current_supplier_catalog"
"2026-07-19","historical Mobilax-derived catalog snapshot (supplier label scrubbed)","SAMSUNG-2026-05-27","3000000124062","Original Volume Button Samsung Galaxy S22 S901/Galaxy S22 Plus S906 GH98-47110A Black","Samsung","Flat Cable","A","Galaxy S22 Plus S906","","","Galaxy S22 Plus S906 | Galaxy S22 S901","2","0","draft","candidate_needs_technical_confirmation_not_current_supplier_catalog"
"2026-07-19","historical Mobilax-derived catalog snapshot (supplier label scrubbed)","SAMSUNG-2026-05-25","3000000124390","Original Front Camera Samsung Galaxy A03 A035F/Galaxy A03 A035G GH81-21655A 5MP","Samsung","Fotocamere","A","Galaxy A03 A035F","","","Galaxy A03 A035F | Galaxy A03 A035G","2","0","draft","candidate_needs_technical_confirmation_not_current_supplier_catalog"
"2026-07-19","historical Mobilax-derived catalog snapshot (supplier label scrubbed)","SAMSUNG-2026-05-25","3000000124406","Original Main Camera Samsung Galaxy A03 A035F/Galaxy A03 A035G GH81-21656A 48MP","Samsung","Fotocamere","A","Galaxy A03 A035F","","","Galaxy A03 A035F | Galaxy A03 A035G","2","0","draft","candidate_needs_technical_confirmation_not_current_supplier_catalog"
"2026-07-19","historical Mobilax-derived catalog snapshot (supplier label scrubbed)","SAMSUNG-2026-05-25","3000000124413","Original Dock Connector Samsung Galaxy A03 A035F/Galaxy A03 A035G GH81-21638A","Samsung","Connettori","A","Galaxy A03 A035F","","","Galaxy A03 A035F | Galaxy A03 A035G","2","0","draft","candidate_needs_technical_confirmation_not_current_supplier_catalog"
"2026-07-19","historical Mobilax-derived catalog snapshot (supplier label scrubbed)","SAMSUNG-2026-05-25","3000000124529","Original Back Cover Samsung Galaxy A03 A035F/Galaxy A03 A035G GH81-21661A Black","Samsung","Back Cover","A","Galaxy A03 A035F","","","Galaxy A03 A035F | Galaxy A03 A035G","2","0","draft","candidate_needs_technical_confirmation_not_current_supplier_catalog"
"2026-07-19","historical Mobilax-derived catalog snapshot (supplier label scrubbed)","SAMSUNG-2026-05-25","3000000124536","Original Back Cover Samsung Galaxy A03 A035F/Galaxy A03 A035G GH81-21663A Blue","Samsung","Back Cover","A","Galaxy A03 A035F","","","Galaxy A03 A035F | Galaxy A03 A035G","2","0","draft","candidate_needs_technical_confirmation_not_current_supplier_catalog"
"2026-07-19","historical Mobilax-derived catalog snapshot (supplier label scrubbed)","SAMSUNG-2026-05-27","3000000124543","Original On/Off Button Samsung Galaxy S22 S901/Galaxy S22 Plus S906 GH98-47118A Black","Samsung","Flat Cable","A","Galaxy S22 Plus S906","","","Galaxy S22 Plus S906 | Galaxy S22 S901","2","0","draft","candidate_needs_technical_confirmation_not_current_supplier_catalog"
"2026-07-19","historical Mobilax-derived catalog snapshot (supplier label scrubbed)","SAMSUNG-2026-05-25","3000000124666","Original Battery Samsung Galaxy A33 5G A336/Galaxy A53 5G A536 GH82-28146A GH82-28027A EB-BA536ABY / EB-BA336ABY","Samsung","Batterie","A","Galaxy A33 5G A336","","","Galaxy A33 5G A336 | Galaxy A53 5G A536","2","0","draft","candidate_needs_technical_confirmation_not_current_supplier_catalog"
"2026-07-19","historical Mobilax-derived catalog snapshot (supplier label scrubbed)","2026-05-25","3000000125106","IC Chip (Integrated Circuit) Apple iPhone 11/iPhone 11 Pro/iPhone 11 Pro Max WiFi Manager Chip #339S00647 (U_WLAN)","Apple","Flat Cable","A","iPhone 11","","","iPhone 11 | iPhone 11 Pro | iPhone 11 Pro Max","3","0","draft","candidate_needs_technical_confirmation_not_current_supplier_catalog"
"2026-07-19","historical Mobilax-derived catalog snapshot (supplier label scrubbed)","2026-05-25","3000000125113","IC Chip (Integrated Circuit) Apple iPhone 11/iPhone 11 Pro/iPhone 11 Pro Max Intermediate Frequency Chip (PMB5765 5765 XCVR_K)","Apple","Flat Cable","A","iPhone 11","","","iPhone 11 | iPhone 11 Pro | iPhone 11 Pro Max","3","0","draft","candidate_needs_technical_confirmation_not_current_supplier_catalog"
"2026-07-19","historical Mobilax-derived catalog snapshot (supplier label scrubbed)","2026-05-25","3000000125120","IC Chip (Integrated Circuit) Apple iPhone 11/iPhone 11 Pro/iPhone 11 Pro Max Big Audio Manager Chip (U4700) (x3)","Apple","Flat Cable","A","iPhone 11","","","iPhone 11 | iPhone 11 Pro | iPhone 11 Pro Max","3","0","draft","candidate_needs_technical_confirmation_not_current_supplier_catalog"
"2026-07-19","historical Mobilax-derived catalog snapshot (supplier label scrubbed)","2026-05-25","3000000125137","IC Chip (Integrated Circuit) Apple iPhone 11/iPhone 11 Pro/iPhone 11 Pro Max Small Audio Manager Chip (U5000) (x3)","Apple","Flat Cable","A","iPhone 11","","","iPhone 11 | iPhone 11 Pro | iPhone 11 Pro Max","3","0","draft","candidate_needs_technical_confirmation_not_current_supplier_catalog"
"2026-07-19","historical Mobilax-derived catalog snapshot (supplier label scrubbed)","2026-05-25","3000000125151","IC Chip (Integrated Circuit) Apple iPhone 11/iPhone 11 Pro/iPhone 11 Pro Max USB Charging Charger Chip (U3300) (x3)","Apple","Flat Cable","A","iPhone 11","","","iPhone 11 | iPhone 11 Pro | iPhone 11 Pro Max","3","0","draft","candidate_needs_technical_confirmation_not_current_supplier_catalog"
"2026-07-19","historical Mobilax-derived catalog snapshot (supplier label scrubbed)","2026-05-25","3000000125168","IC Chip (Integrated Circuit) Apple iPhone 11/iPhone 11 Pro/iPhone 11 Pro Max Small Power Manager Chip (U_PMIC) (x3)","Apple","Flat Cable","A","iPhone 11","","","iPhone 11 | iPhone 11 Pro | iPhone 11 Pro Max","3","0","draft","candidate_needs_technical_confirmation_not_current_supplier_catalog"
"2026-07-19","historical Mobilax-derived catalog snapshot (supplier label scrubbed)","2026-05-25","3000000125175","IC Chip (Integrated Circuit) Apple iPhone 11/iPhone 11 Pro/iPhone 11 Pro Max Camera Control (U3700) (x3)","Apple","Flat Cable","A","iPhone 11","","","iPhone 11 | iPhone 11 Pro | iPhone 11 Pro Max","3","0","draft","candidate_needs_technical_confirmation_not_current_supplier_catalog"
"2026-07-19","historical Mobilax-derived catalog snapshot (supplier label scrubbed)","2026-05-25","3000000125182","IC Chip (Integrated Circuit) Apple iPhone 11/iPhone 11 Pro/iPhone 11 Pro Max Wireless Charging (U3400)","Apple","Flat Cable","A","iPhone 11","","","iPhone 11 | iPhone 11 Pro | iPhone 11 Pro Max","3","0","draft","candidate_needs_technical_confirmation_not_current_supplier_catalog"
"2026-07-19","historical Mobilax-derived catalog snapshot (supplier label scrubbed)","2026-05-25","3000000125199","IC Chip (Integrated Circuit) Apple iPhone 11/iPhone 11 Pro/iPhone 11 Pro Max PD Quick USB Charging (U6200) (x3)","Apple","Flat Cable","A","iPhone 11","","","iPhone 11 | iPhone 11 Pro | iPhone 11 Pro Max","3","0","draft","candidate_needs_technical_confirmation_not_current_supplier_catalog"
"2026-07-19","historical Mobilax-derived catalog snapshot (supplier label scrubbed)","2026-05-25","3000000125205","IC Chip (Integrated Circuit) Apple iPhone 11/iPhone 11 Pro/iPhone 11 Pro Max Dot Matrix Facial Recognition #STB601-A0 (U4400) (x3)","Apple","Flat Cable","A","iPhone 11","","","iPhone 11 | iPhone 11 Pro | iPhone 11 Pro Max","3","0","draft","candidate_needs_technical_confirmation_not_current_supplier_catalog"
"2026-07-19","historical Mobilax-derived catalog snapshot (supplier label scrubbed)","2026-05-25","3000000125212","IC Chip (Integrated Circuit) Apple iPhone 11/iPhone 11 Pro/iPhone 11 Pro Max USB U2 Charging (U6300) (x3)","Apple","Flat Cable","A","iPhone 11","","","iPhone 11 | iPhone 11 Pro | iPhone 11 Pro Max","3","0","draft","candidate_needs_technical_confirmation_not_current_supplier_catalog"
"2026-07-19","historical Mobilax-derived catalog snapshot (supplier label scrubbed)","2026-05-25","3000000125229","IC Chip (Integrated Circuit) Apple iPhone 11/iPhone 11 Pro/iPhone 11 Pro Max Gyroscopic Inertia (U3600) (x3)","Apple","Flat Cable","A","iPhone 11","","","iPhone 11 | iPhone 11 Pro | iPhone 11 Pro Max","3","0","draft","candidate_needs_technical_confirmation_not_current_supplier_catalog"
"2026-07-19","historical Mobilax-derived catalog snapshot (supplier label scrubbed)","2026-05-25","3000000125281","Motherboard Connector Apple iPhone 11 Pro/iPhone 11 Pro Max Rear Camera (J3900) (x3)","Apple","Connettori","A","iPhone 11 Pro","","","iPhone 11 Pro | iPhone 11 Pro Max","2","0","draft","candidate_needs_technical_confirmation_not_current_supplier_catalog"
"2026-07-19","historical Mobilax-derived catalog snapshot (supplier label scrubbed)","2026-05-25","3000000125298","Motherboard Connector Apple iPhone 11 Pro/iPhone 11 Pro Max Rear Telephoto Camera (J4000) (x3)","Apple","Connettori","A","iPhone 11 Pro","","","iPhone 11 Pro | iPhone 11 Pro Max","2","0","draft","candidate_needs_technical_confirmation_not_current_supplier_catalog"
"2026-07-19","historical Mobilax-derived catalog snapshot (supplier label scrubbed)","2026-05-25","3000000125304","Motherboard Connector Apple iPhone 11 Pro/iPhone 11 Pro Max Rear Wide Angle Camera (J3920) (x3)","Apple","Connettori","A","iPhone 11 Pro","","","iPhone 11 Pro | iPhone 11 Pro Max","2","0","draft","candidate_needs_technical_confirmation_not_current_supplier_catalog"
"2026-07-19","historical Mobilax-derived catalog snapshot (supplier label scrubbed)","2026-05-25","3000000125311","Motherboard Connector Apple iPhone 11 Pro/iPhone 11 Pro Max Power Button (J4300)","Apple","Connettori","A","iPhone 11 Pro","","","iPhone 11 Pro | iPhone 11 Pro Max","2","0","draft","candidate_needs_technical_confirmation_not_current_supplier_catalog"
"2026-07-19","historical Mobilax-derived catalog snapshot (supplier label scrubbed)","2026-05-25","3000000125328","Motherboard Connector Apple iPhone 11 Pro/iPhone 11 Pro Max Dot Matrix (J4500) (x3)","Apple","Connettori","A","iPhone 11 Pro","","","iPhone 11 Pro | iPhone 11 Pro Max","2","0","draft","candidate_needs_technical_confirmation_not_current_supplier_catalog"
"2026-07-19","historical Mobilax-derived catalog snapshot (supplier label scrubbed)","2026-05-25","3000000125335","Motherboard Connector Apple iPhone 11 Pro/iPhone 11 Pro Max Wifi NFC Top Antenna (JUAT1) (x3)","Apple","Connettori","A","iPhone 11 Pro","","","iPhone 11 Pro | iPhone 11 Pro Max","2","0","draft","candidate_needs_technical_confirmation_not_current_supplier_catalog"
"2026-07-19","historical Mobilax-derived catalog snapshot (supplier label scrubbed)","2026-05-25","3000000125342","Motherboard Connector Apple iPhone 11 Pro/iPhone 11 Pro Max Front Camera (J4200) (x3)","Apple","Connettori","A","iPhone 11 Pro","","","iPhone 11 Pro | iPhone 11 Pro Max","2","0","draft","candidate_needs_technical_confirmation_not_current_supplier_catalog"
"2026-07-19","historical Mobilax-derived catalog snapshot (supplier label scrubbed)","2026-05-25","3000000125359","Motherboard Connector Apple iPhone 11 Pro/iPhone 11 Pro Max LCD (J5700) (x3)","Apple","Connettori","A","iPhone 11 Pro","","","iPhone 11 Pro | iPhone 11 Pro Max","2","0","draft","candidate_needs_technical_confirmation_not_current_supplier_catalog"
"2026-07-19","historical Mobilax-derived catalog snapshot (supplier label scrubbed)","2026-05-25","3000000125366","Motherboard Connector Apple iPhone 11 Pro/iPhone 11 Pro Max Battery (J3200) (x3)","Apple","Connettori","A","iPhone 11 Pro","","","iPhone 11 Pro | iPhone 11 Pro Max","2","0","draft","candidate_needs_technical_confirmation_not_current_supplier_catalog"
"2026-07-19","historical Mobilax-derived catalog snapshot (supplier label scrubbed)","2026-05-25","3000000125373","FPC Connector Apple iPhone 11 Pro/iPhone 11 Pro Max USB Charging (J6400) (x3)","Apple","Connettori","A","iPhone 11 Pro","","","iPhone 11 Pro | iPhone 11 Pro Max","2","0","draft","candidate_needs_technical_confirmation_not_current_supplier_catalog"
"2026-07-19","historical Mobilax-derived catalog snapshot (supplier label scrubbed)","2026-05-25","3000000125380","Motherboard Connector Apple iPhone 11 Pro/iPhone 11 Pro Max Digitizer (J5800) (x3)","Apple","Connettori","A","iPhone 11 Pro","","","iPhone 11 Pro | iPhone 11 Pro Max","2","0","draft","candidate_needs_technical_confirmation_not_current_supplier_catalog"
"2026-07-19","historical Mobilax-derived catalog snapshot (supplier label scrubbed)","2026-05-25","3000000125403","Motherboard Connector Apple iPhone 11 Pro/iPhone 11 Pro Max Infrared (J4530) (x3)","Apple","Connettori","A","iPhone 11 Pro","","","iPhone 11 Pro | iPhone 11 Pro Max","2","0","draft","candidate_needs_technical_confirmation_not_current_supplier_catalog"
"2026-07-19","historical Mobilax-derived catalog snapshot (supplier label scrubbed)","2026-05-25","3000000125410","Motherboard Connector Apple iPhone 11 Pro/iPhone 11 Pro Max EarSpeaker (J4600) (x3)","Apple","Connettori","A","iPhone 11 Pro","","","iPhone 11 Pro | iPhone 11 Pro Max","2","0","draft","candidate_needs_technical_confirmation_not_current_supplier_catalog"
"2026-07-19","historical Mobilax-derived catalog snapshot (supplier label scrubbed)","2026-05-25","3000000125434","Motherboard Connector Apple iPhone 11 Pro/iPhone 11 Pro Max Lower Antenna (JLAT1A) (x3)","Apple","Connettori","A","iPhone 11 Pro","","","iPhone 11 Pro | iPhone 11 Pro Max","2","0","draft","candidate_needs_technical_confirmation_not_current_supplier_catalog"
"2026-07-19","historical Mobilax-derived catalog snapshot (supplier label scrubbed)","2026-05-25","3000000125441","IC Chip (Integrated Circuit) Apple iPhone 11 Pro/iPhone 11 Pro Max USB Charge Telegraph Pole IC (x3)","Apple","Flat Cable","A","iPhone 11 Pro","","","iPhone 11 Pro | iPhone 11 Pro Max","2","0","draft","candidate_needs_technical_confirmation_not_current_supplier_catalog"
"2026-07-19","historical Mobilax-derived catalog snapshot (supplier label scrubbed)","2026-05-25","3000000125465","Motherboard Connector Apple iPhone 12/iPhone 12 Pro LCD (J11500) (x3)","Apple","Connettori","A","iPhone 12","","","iPhone 12 | iPhone 12 Pro","2","0","draft","candidate_needs_technical_confirmation_not_current_supplier_catalog"
"2026-07-19","historical Mobilax-derived catalog snapshot (supplier label scrubbed)","2026-05-25","3000000125472","Motherboard Connector Apple iPhone 12/iPhone 12 Pro USB Charging (J11200) (x3)","Apple","Connettori","A","iPhone 12","","","iPhone 12 | iPhone 12 Pro","2","0","draft","candidate_needs_technical_confirmation_not_current_supplier_catalog"
"2026-07-19","historical Mobilax-derived catalog snapshot (supplier label scrubbed)","2026-05-25","3000000125489","Motherboard Connector Apple iPhone 12/iPhone 12 Pro SIM Reader (J_SIM_E) (x3)","Apple","Connettori","A","iPhone 12","","","iPhone 12 | iPhone 12 Pro","2","0","draft","candidate_needs_technical_confirmation_not_current_supplier_catalog"
"2026-07-19","historical Mobilax-derived catalog snapshot (supplier label scrubbed)","2026-05-25","3000000125496","Motherboard Connector Apple iPhone 12/iPhone 12 Pro/iPhone 12 Pro Max/iPhone 12 Mini EarSpeaker (J11000) (x3)","Apple","Connettori","A","iPhone 12","","","iPhone 12 | iPhone 12 Mini | iPhone 12 Pro | iPhone 12 Pro Max","4","0","draft","candidate_needs_technical_confirmation_not_current_supplier_catalog"
"2026-07-19","historical Mobilax-derived catalog snapshot (supplier label scrubbed)","2026-05-25","3000000125502","Motherboard Connector Apple iPhone 12/iPhone 12 Pro/iPhone 12 Pro Max/iPhone 12 Mini Battery (J10000) (x3)","Apple","Connettori","A","iPhone 12","","","iPhone 12 | iPhone 12 Mini | iPhone 12 Pro | iPhone 12 Pro Max","4","0","draft","candidate_needs_technical_confirmation_not_current_supplier_catalog"
"2026-07-19","historical Mobilax-derived catalog snapshot (supplier label scrubbed)","2026-05-25","3000000125519","Motherboard Connector Apple iPhone 12/iPhone 12 Pro/iPhone 12 Pro Max/iPhone 12 Mini Power Volume Button (J10100) (x3)","Apple","Connettori","A","iPhone 12","","","iPhone 12 | iPhone 12 Mini | iPhone 12 Pro | iPhone 12 Pro Max","4","0","draft","candidate_needs_technical_confirmation_not_current_supplier_catalog"
"2026-07-19","historical Mobilax-derived catalog snapshot (supplier label scrubbed)","2026-05-25","3000000125526","Motherboard Connector Apple iPhone 12/iPhone 12 Pro/iPhone 12 Pro Max/iPhone 12 Mini Dot Matrix (J10900) (x3)","Apple","Connettori","A","iPhone 12","","","iPhone 12 | iPhone 12 Mini | iPhone 12 Pro | iPhone 12 Pro Max","4","0","draft","candidate_needs_technical_confirmation_not_current_supplier_catalog"
"2026-07-19","historical Mobilax-derived catalog snapshot (supplier label scrubbed)","2026-05-25","3000000125533","Motherboard Connector Apple iPhone 12/iPhone 12 Pro/iPhone 12 Pro Max/iPhone 12 Mini Cellular Antenna (JUAT1) (x3)","Apple","Connettori","A","iPhone 12","","","iPhone 12 | iPhone 12 Mini | iPhone 12 Pro | iPhone 12 Pro Max","4","0","draft","candidate_needs_technical_confirmation_not_current_supplier_catalog"
"2026-07-19","historical Mobilax-derived catalog snapshot (supplier label scrubbed)","2026-05-25","3000000125540","Motherboard Connector Apple iPhone 12/iPhone 12 Pro/iPhone 12 Pro Max/iPhone 12 Mini NFC Antenna (JUAT2) (x3)","Apple","Connettori","A","iPhone 12","","","iPhone 12 | iPhone 12 Mini | iPhone 12 Pro | iPhone 12 Pro Max","4","0","draft","candidate_needs_technical_confirmation_not_current_supplier_catalog"
"2026-07-19","historical Mobilax-derived catalog snapshot (supplier label scrubbed)","2026-05-25","3000000125557","Motherboard Connector Apple iPhone 12/iPhone 12 Pro/iPhone 12 Mini Flash Sensor Microphone (J11100) (x3)","Apple","Connettori","A","iPhone 12","","","iPhone 12 | iPhone 12 Mini | iPhone 12 Pro","3","0","draft","candidate_needs_technical_confirmation_not_current_supplier_catalog"
"2026-07-19","historical Mobilax-derived catalog snapshot (supplier label scrubbed)","2026-05-25","3000000125564","Motherboard Connector Apple iPhone 12/iPhone 12 Pro Digitizer (J11600) (x3)","Apple","Connettori","A","iPhone 12","","","iPhone 12 | iPhone 12 Pro","2","0","draft","candidate_needs_technical_confirmation_not_current_supplier_catalog"
"2026-07-19","historical Mobilax-derived catalog snapshot (supplier label scrubbed)","2026-05-25","3000000125588","Motherboard Connector Apple iPhone 12/iPhone 12 Pro/iPhone 12 Pro Max Rear Telephoto Camera (J10500) (x3)","Apple","Connettori","A","iPhone 12","","","iPhone 12 | iPhone 12 Pro | iPhone 12 Pro Max","3","0","draft","candidate_needs_technical_confirmation_not_current_supplier_catalog"
"2026-07-19","historical Mobilax-derived catalog snapshot (supplier label scrubbed)","2026-05-25","3000000125595","Motherboard Connector Apple iPhone 12/iPhone 12 Pro/iPhone 12 Pro Max Front Camera (J10700) (x3)","Apple","Connettori","A","iPhone 12","","","iPhone 12 | iPhone 12 Pro | iPhone 12 Pro Max","3","0","draft","candidate_needs_technical_confirmation_not_current_supplier_catalog"
"2026-07-19","historical Mobilax-derived catalog snapshot (supplier label scrubbed)","2026-05-25","3000000125601","Motherboard Connector Apple iPhone 12/iPhone 12 Pro/iPhone 12 Pro Max/iPhone 12 Mini Infrared (J10800) (x3)","Apple","Connettori","A","iPhone 12","","","iPhone 12 | iPhone 12 Mini | iPhone 12 Pro | iPhone 12 Pro Max","4","0","draft","candidate_needs_technical_confirmation_not_current_supplier_catalog"
"2026-07-19","historical Mobilax-derived catalog snapshot (supplier label scrubbed)","2026-05-25","3000000125618","Motherboard Connector Apple iPhone 12/iPhone 12 Pro/iPhone 12 Pro Max/iPhone 12 Mini Low Antenna (JLAT) (x3)","Apple","Connettori","A","iPhone 12","","","iPhone 12 | iPhone 12 Mini | iPhone 12 Pro | iPhone 12 Pro Max","4","0","draft","candidate_needs_technical_confirmation_not_current_supplier_catalog"
"2026-07-19","historical Mobilax-derived catalog snapshot (supplier label scrubbed)","2026-05-25","3000000125625","IC Chip (Integrated Circuit) Apple iPhone 12/iPhone 12 Pro/iPhone 12 Pro Max/iPhone 12 Mini Big Audio Manager Control #338S00509 (U7800) (x3)","Apple","Flat Cable","A","iPhone 12","","","iPhone 12 | iPhone 12 Mini | iPhone 12 Pro | iPhone 12 Pro Max","4","0","draft","candidate_needs_technical_confirmation_not_current_supplier_catalog"
"2026-07-19","historical Mobilax-derived catalog snapshot (supplier label scrubbed)","2026-05-25","3000000125632","IC Chip (Integrated Circuit) Apple iPhone 12/iPhone 12 Pro/iPhone 12 Mini USB Charging Control (U4000) (x3)","Apple","Flat Cable","A","iPhone 12","","","iPhone 12 | iPhone 12 Mini | iPhone 12 Pro","3","0","draft","candidate_needs_technical_confirmation_not_current_supplier_catalog"
"2026-07-19","historical Mobilax-derived catalog snapshot (supplier label scrubbed)","2026-05-25","3000000125649","IC Chip (Integrated Circuit) Apple iPhone 12/iPhone 12 Pro/iPhone 12 Mini Flash Light (U6500) (x3)","Apple","Flat Cable","A","iPhone 12","","","iPhone 12 | iPhone 12 Mini | iPhone 12 Pro","3","0","draft","candidate_needs_technical_confirmation_not_current_supplier_catalog"
"2026-07-19","historical Mobilax-derived catalog snapshot (supplier label scrubbed)","2026-05-25","3000000125656","IC Chip (Integrated Circuit) Apple iPhone 12/iPhone 12 Pro/iPhone 12 Pro Max/iPhone 12 Mini Intermediate Frequency (SDR865) (x3)","Apple","Flat Cable","A","iPhone 12","","","iPhone 12 | iPhone 12 Mini | iPhone 12 Pro | iPhone 12 Pro Max","4","0","draft","candidate_needs_technical_confirmation_not_current_supplier_catalog"
"2026-07-19","historical Mobilax-derived catalog snapshot (supplier label scrubbed)","2026-05-25","3000000125663","IC Chip (Integrated Circuit) Apple iPhone 12/iPhone 12 Pro/iPhone 12 Pro Max/iPhone 12 Mini USB Charging U2 Control #1614A1 (U9300) (x3)","Apple","Flat Cable","A","iPhone 12","","","iPhone 12 | iPhone 12 Mini | iPhone 12 Pro | iPhone 12 Pro Max","4","0","draft","candidate_needs_technical_confirmation_not_current_supplier_catalog"
"2026-07-19","historical Mobilax-derived catalog snapshot (supplier label scrubbed)","2026-05-25","3000000125670","IC Chip (Integrated Circuit) Apple iPhone 12/iPhone 12 Pro/iPhone 12 Pro Max/iPhone 12 Mini Small Power Control (PMX55) (x3)","Apple","Flat Cable","A","iPhone 12","","","iPhone 12 | iPhone 12 Mini | iPhone 12 Pro | iPhone 12 Pro Max","4","0","draft","candidate_needs_technical_confirmation_not_current_supplier_catalog"
"2026-07-19","historical Mobilax-derived catalog snapshot (supplier label scrubbed)","2026-05-25","3000000125687","IC Chip (Integrated Circuit) Apple iPhone 12/iPhone 12 Pro/iPhone 12 Pro Max/iPhone 12 Mini Power Management Control #3343S00437 (U3300)","Apple","Flat Cable","A","iPhone 12","","","iPhone 12 | iPhone 12 Mini | iPhone 12 Pro | iPhone 12 Pro Max","4","0","draft","candidate_needs_technical_confirmation_not_current_supplier_catalog"
"2026-07-19","historical Mobilax-derived catalog snapshot (supplier label scrubbed)","OPPO-2026-05-27","3000000125694","Premium Vibrator OPPO A74 5G/A54 5G","OPPO","Flat Cable","A","A54 5G","","","A54 5G | A74 5G","2","0","draft","candidate_needs_technical_confirmation_not_current_supplier_catalog"
"2026-07-19","historical Mobilax-derived catalog snapshot (supplier label scrubbed)","2026-05-25","3000000125762","IC Chip (Integrated Circuit) Apple iPhone 12/iPhone 12 Pro/iPhone 12 Pro Max/iPhone 12 Mini Small Audio Manager #338S00537 (U8100) (x3)","Apple","Flat Cable","A","iPhone 12","","","iPhone 12 | iPhone 12 Mini | iPhone 12 Pro | iPhone 12 Pro Max","4","0","draft","candidate_needs_technical_confirmation_not_current_supplier_catalog"
"2026-07-19","historical Mobilax-derived catalog snapshot (supplier label scrubbed)","2026-05-25","3000000125786","IC Chip (Integrated Circuit) Apple iPhone 12/iPhone 12 Pro/iPhone 12 Mini Wireless Charging Control (U4400)","Apple","Flat Cable","A","iPhone 12","","","iPhone 12 | iPhone 12 Mini | iPhone 12 Pro","3","0","draft","candidate_needs_technical_confirmation_not_current_supplier_catalog"
"2026-07-19","historical Mobilax-derived catalog snapshot (supplier label scrubbed)","2026-05-25","3000000125809","IC Chip (Integrated Circuit) Apple iPhone 12/iPhone 12 Pro/iPhone 12 Mini Camera Control (U5300) (x3)","Apple","Flat Cable","A","iPhone 12","","","iPhone 12 | iPhone 12 Mini | iPhone 12 Pro","3","0","draft","candidate_needs_technical_confirmation_not_current_supplier_catalog"
"2026-07-19","historical Mobilax-derived catalog snapshot (supplier label scrubbed)","2026-05-25","3000000125816","IC Chip (Integrated Circuit) Apple iPhone 12/iPhone 12 Pro/iPhone 12 Mini NFC Antenna Control (NFC_F) (x3)","Apple","Flat Cable","A","iPhone 12","","","iPhone 12 | iPhone 12 Mini | iPhone 12 Pro","3","0","draft","candidate_needs_technical_confirmation_not_current_supplier_catalog"
"2026-07-19","historical Mobilax-derived catalog snapshot (supplier label scrubbed)","2026-05-25","3000000125830","IC Chip (Integrated Circuit) Apple iPhone 12/iPhone 12 Pro/iPhone 12 Mini Display Control (U9100) (x3)","Apple","Flat Cable","A","iPhone 12","","","iPhone 12 | iPhone 12 Mini | iPhone 12 Pro","3","0","draft","candidate_needs_technical_confirmation_not_current_supplier_catalog"
"2026-07-19","historical Mobilax-derived catalog snapshot (supplier label scrubbed)","2026-05-25","3000000125847","IC Chip (Integrated Circuit) Apple iPhone 12/iPhone 12 Pro/iPhone 12 Mini Gyroscopic (x3)","Apple","Flat Cable","A","iPhone 12","","","iPhone 12 | iPhone 12 Mini | iPhone 12 Pro","3","0","draft","candidate_needs_technical_confirmation_not_current_supplier_catalog"
"2026-07-19","historical Mobilax-derived catalog snapshot (supplier label scrubbed)","2026-05-25","3000000125854","IC Chip (Integrated Circuit) Apple iPhone 12/iPhone 12 Pro/iPhone 12 Mini Backlist Telegraph Pole (x3)","Apple","Flat Cable","A","iPhone 12","","","iPhone 12 | iPhone 12 Mini | iPhone 12 Pro","3","0","draft","candidate_needs_technical_confirmation_not_current_supplier_catalog"
"2026-07-19","historical Mobilax-derived catalog snapshot (supplier label scrubbed)","SAMSUNG-2026-05-27","3000000126066","Original SIM Tray Samsung Galaxy S22 S901/Galaxy S22 Plus S906 GH98-47086C Green","Samsung","Flat Cable","A","Galaxy S22 Plus S906","","","Galaxy S22 Plus S906 | Galaxy S22 S901","2","0","draft","candidate_needs_technical_confirmation_not_current_supplier_catalog"
"2026-07-19","historical Mobilax-derived catalog snapshot (supplier label scrubbed)","SAMSUNG-2026-05-27","3000000126073","Original SIM Tray Samsung Galaxy S22 S901/Galaxy S22 Plus S906 GH98-47086B White","Samsung","Flat Cable","A","Galaxy S22 Plus S906","","","Galaxy S22 Plus S906 | Galaxy S22 S901","2","0","draft","candidate_needs_technical_confirmation_not_current_supplier_catalog"
"2026-07-19","historical Mobilax-derived catalog snapshot (supplier label scrubbed)","SAMSUNG-2026-05-27","3000000126080","Original SIM Tray Samsung Galaxy S22 S901/Galaxy S22 Plus S906 GH98-47086D Rose Gold","Samsung","Flat Cable","A","Galaxy S22 Plus S906","","","Galaxy S22 Plus S906 | Galaxy S22 S901","2","0","draft","candidate_needs_technical_confirmation_not_current_supplier_catalog"
"2026-07-19","historical Mobilax-derived catalog snapshot (supplier label scrubbed)","SAMSUNG-2026-05-27","3000000126097","Original Power and Volume Flex Cable Samsung Galaxy S22 S901/Galaxy S22 Plus S906 GH59-15526A","Samsung","Flat Cable","A","Galaxy S22 Plus S906","","","Galaxy S22 Plus S906 | Galaxy S22 S901","2","0","draft","candidate_needs_technical_confirmation_not_current_supplier_catalog"
"2026-07-19","historical Mobilax-derived catalog snapshot (supplier label scrubbed)","SAMSUNG-2026-05-27","3000000126127","Original On/Off Button Samsung Galaxy S22 S901/Galaxy S22 Plus S906 GH98-47118B White","Samsung","Flat Cable","A","Galaxy S22 Plus S906","","","Galaxy S22 Plus S906 | Galaxy S22 S901","2","0","draft","candidate_needs_technical_confirmation_not_current_supplier_catalog"
"2026-07-19","historical Mobilax-derived catalog snapshot (supplier label scrubbed)","SAMSUNG-2026-05-27","3000000126141","Original On/Off Button Samsung Galaxy S22 S901/Galaxy S22 Plus S906 GH98-47118C Green","Samsung","Flat Cable","A","Galaxy S22 Plus S906","","","Galaxy S22 Plus S906 | Galaxy S22 S901","2","0","draft","candidate_needs_technical_confirmation_not_current_supplier_catalog"
"2026-07-19","historical Mobilax-derived catalog snapshot (supplier label scrubbed)","SAMSUNG-2026-05-27","3000000126172","Original Volume Button Samsung Galaxy S22 S901/Galaxy S22 Plus S906 GH98-47110D Rose Gold","Samsung","Flat Cable","A","Galaxy S22 Plus S906","","","Galaxy S22 Plus S906 | Galaxy S22 S901","2","0","draft","candidate_needs_technical_confirmation_not_current_supplier_catalog"
"2026-07-19","historical Mobilax-derived catalog snapshot (supplier label scrubbed)","XIAOMI-2026-05-27","3000000126356","Premium Vibrator Xiaomi Redmi Note 11 Pro+ 5G/Poco M4 Pro 5G/12 5G/12X/Mi 11i 5G/13 5G/Poco X5 Pro 5G/14T/Poco F7 Ultra/Poco F7 5G","Xiaomi","Flat Cable","A","Poco F7 5G","","","Poco X5 Pro 5G | Poco F7 5G | Poco F7 Ultra | Poco M4 Pro 5G","4","0","draft","candidate_needs_technical_confirmation_not_current_supplier_catalog"
"2026-07-19","historical Mobilax-derived catalog snapshot (supplier label scrubbed)","XIAOMI-2026-05-27","3000000126363","Premium Antenna Xiaomi 11T 5G/11T Pro 5G","Xiaomi","Flat Cable","A","11T 5G","","","11T 5G | 11T Pro 5G","2","0","draft","candidate_needs_technical_confirmation_not_current_supplier_catalog"
"2026-07-19","historical Mobilax-derived catalog snapshot (supplier label scrubbed)","SAMSUNG-2026-05-27","3000000126493","Original SIM Tray Samsung Galaxy S22 S901/Galaxy S22 Plus S906 GH98-47086E Graphite","Samsung","Flat Cable","A","Galaxy S22 Plus S906","","","Galaxy S22 Plus S906 | Galaxy S22 S901","2","0","draft","candidate_needs_technical_confirmation_not_current_supplier_catalog"
"2026-07-19","historical Mobilax-derived catalog snapshot (supplier label scrubbed)","SAMSUNG-2026-05-27","3000000126561","Original SIM Tray Samsung Galaxy S22 S901/Galaxy S22 Plus S906 GH98-47086A Black","Samsung","Flat Cable","A","Galaxy S22 Plus S906","","","Galaxy S22 Plus S906 | Galaxy S22 S901","2","0","draft","candidate_needs_technical_confirmation_not_current_supplier_catalog"
"2026-07-19","historical Mobilax-derived catalog snapshot (supplier label scrubbed)","SAMSUNG-2026-05-27","3000000126639","Original Front Camera Samsung Galaxy S22 S901/Galaxy S22 Plus S906 GH96-14778A 10MP","Samsung","Fotocamere","A","Galaxy S22 Plus S906","","","Galaxy S22 Plus S906 | Galaxy S22 S901","2","0","draft","candidate_needs_technical_confirmation_not_current_supplier_catalog"
"2026-07-19","historical Mobilax-derived catalog snapshot (supplier label scrubbed)","XIAOMI-2026-05-27","3000000126899","Premium Connection Flex Cable Xiaomi 11T 5G/11T Pro 5G","Xiaomi","Flat Cable","A","11T 5G","","","11T 5G | 11T Pro 5G","2","0","draft","candidate_needs_technical_confirmation_not_current_supplier_catalog"
"2026-07-19","historical Mobilax-derived catalog snapshot (supplier label scrubbed)","SAMSUNG-2026-05-25","3000000126912","Original Lens Samsung Galaxy A33 5G A336/Galaxy A53 5G A536/Galaxy A73 5G A736 Ultra Wide Angle GH64-08766A","Samsung","Fotocamere","A","Galaxy A33 5G A336","","","Galaxy A33 5G A336 | Galaxy A53 5G A536 | Galaxy A73 5G A736","3","0","draft","candidate_needs_technical_confirmation_not_current_supplier_catalog"
"2026-07-19","historical Mobilax-derived catalog snapshot (supplier label scrubbed)","SAMSUNG-2026-05-25","3000000126929","Original Lens Samsung Galaxy A33 5G A336/Galaxy A53 5G A536/Galaxy A13 4G A135/Galaxy A23 5G A236/Galaxy A73 5G A736 Macro Camera GH64-08767A","Samsung","Fotocamere","A","Galaxy A13 4G A135","","","Galaxy A13 4G A135 | Galaxy A23 5G A236 | Galaxy A33 5G A336 | Galaxy A53 5G A536 | Galaxy A73 5G A736","5","0","draft","candidate_needs_technical_confirmation_not_current_supplier_catalog"
"2026-07-19","historical Mobilax-derived catalog snapshot (supplier label scrubbed)","SAMSUNG-2026-05-25","3000000126936","Original Lens Samsung Galaxy A33 5G A336/Galaxy A53 5G A536/Galaxy A73 5G A736 Portrait Camera GH64-08765A","Samsung","Fotocamere","A","Galaxy A33 5G A336","","","Galaxy A33 5G A336 | Galaxy A53 5G A536 | Galaxy A73 5G A736","3","0","draft","candidate_needs_technical_confirmation_not_current_supplier_catalog"
"2026-07-19","historical Mobilax-derived catalog snapshot (supplier label scrubbed)","SAMSUNG-2026-05-25","3000000127407","Original Back Cover Samsung Galaxy A13 4G A135/Galaxy A13 4G A137 GH82-28387A Black","Samsung","Back Cover","A","Galaxy A13 4G A135","","","Galaxy A13 4G A135 | Galaxy A13 4G A137","2","0","draft","candidate_needs_technical_confirmation_not_current_supplier_catalog"
"2026-07-19","historical Mobilax-derived catalog snapshot (supplier label scrubbed)","SAMSUNG-2026-05-25","3000000127414","Original Back Cover Samsung Galaxy A13 4G A135/Galaxy A13 4G A137 GH82-28387D White","Samsung","Back Cover","A","Galaxy A13 4G A135","","","Galaxy A13 4G A135 | Galaxy A13 4G A137","2","0","draft","candidate_needs_technical_confirmation_not_current_supplier_catalog"
"2026-07-19","historical Mobilax-derived catalog snapshot (supplier label scrubbed)","XIAOMI-2026-05-27","3000000127452","Premium Front Camera Xiaomi 12 5G/12 Pro/12X 32MP","Xiaomi","Fotocamere","A","12 5G","","","12 5G | 12 Pro | 12X","3","0","draft","candidate_needs_technical_confirmation_not_current_supplier_catalog"
"2026-07-19","historical Mobilax-derived catalog snapshot (supplier label scrubbed)","SAMSUNG-2026-05-25","3000000127575","Original Fingerprint Reader Samsung Galaxy A53 5G A536/Galaxy A73 5G A736/Galaxy A54 5G A546/Galaxy A35 5G A356 GH96-15011A","Samsung","Flat Cable","A","Galaxy A35 5G A356","","","Galaxy A35 5G A356 | Galaxy A53 5G A536 | Galaxy A54 5G A546 | Galaxy A73 5G A736","4","0","draft","candidate_needs_technical_confirmation_not_current_supplier_catalog"
"2026-07-19","historical Mobilax-derived catalog snapshot (supplier label scrubbed)","SAMSUNG-2026-05-25","3000000127582","Original Power and Volume Flex Cable Samsung Galaxy A33 5G A336/Galaxy A73 5G A736 GH96-15076A","Samsung","Flat Cable","A","Galaxy A33 5G A336","","","Galaxy A33 5G A336 | Galaxy A73 5G A736","2","0","draft","candidate_needs_technical_confirmation_not_current_supplier_catalog"
"2026-07-19","historical Mobilax-derived catalog snapshot (supplier label scrubbed)","SAMSUNG-2026-05-25","3000000127759","Original Battery Samsung Galaxy M23 5G M236/Galaxy M53 5G M536/Galaxy A73 5G A736/Galaxy M33 5G M336 GH82-28490A GH82-28813A  EB-BM526ABS","Samsung","Batterie","A","Galaxy A73 5G A736","","","Galaxy A73 5G A736 | Galaxy M23 5G M236 | Galaxy M33 5G M336 | Galaxy M53 5G M536","4","0","draft","candidate_needs_technical_confirmation_not_current_supplier_catalog"
"2026-07-19","historical Mobilax-derived catalog snapshot (supplier label scrubbed)","SAMSUNG-2026-05-25","3000000127766","Original Dock Connector Samsung Galaxy M23 5G M236/Galaxy M33 5G M336 GH96-15065A","Samsung","Connettori","A","Galaxy M23 5G M236","","","Galaxy M23 5G M236 | Galaxy M33 5G M336","2","0","draft","candidate_needs_technical_confirmation_not_current_supplier_catalog"
"2026-07-19","historical Mobilax-derived catalog snapshot (supplier label scrubbed)","XIAOMI-2026-05-27","3000000127933","Premium Proximity Flex Cable Xiaomi 11T 5G/11T Pro 5G","Xiaomi","Flat Cable","A","11T 5G","","","11T 5G | 11T Pro 5G","2","0","draft","candidate_needs_technical_confirmation_not_current_supplier_catalog"
"2026-07-19","historical Mobilax-derived catalog snapshot (supplier label scrubbed)","SAMSUNG-2026-05-27","3000000128053","Original On/Off Button Samsung Galaxy S22 S901/Galaxy S22 Plus S906 GH98-47118D Rose Gold","Samsung","Flat Cable","A","Galaxy S22 Plus S906","","","Galaxy S22 Plus S906 | Galaxy S22 S901","2","0","draft","candidate_needs_technical_confirmation_not_current_supplier_catalog"
"2026-07-19","historical Mobilax-derived catalog snapshot (supplier label scrubbed)","SAMSUNG-2026-05-27","3000000128244","Original Back Cover Samsung Galaxy S20 G980/Galaxy S20 5G G981 GH82-22068B White","Samsung","Back Cover","A","Galaxy S20 5G G981","","","Galaxy S20 5G G981 | Galaxy S20 G980","2","0","draft","candidate_needs_technical_confirmation_not_current_supplier_catalog"
"2026-07-19","historical Mobilax-derived catalog snapshot (supplier label scrubbed)","XIAOMI-2026-05-27","3000000128763","Premium Battery Xiaomi 12 5G/12X BP46","Xiaomi","Batterie","A","12 5G","","","12 5G | 12X","2","0","draft","candidate_needs_technical_confirmation_not_current_supplier_catalog"
"2026-07-19","historical Mobilax-derived catalog snapshot (supplier label scrubbed)","XIAOMI-2026-05-27","3000000128831","Premium Sim Tray Xiaomi Redmi Note 11 Pro 4G/Redmi Note 11 Pro 5G Graphite Grey","Xiaomi","Flat Cable","A","Redmi Note 11 Pro 4G","","","Redmi Note 11 Pro 4G | Redmi Note 11 Pro 5G","2","0","draft","candidate_needs_technical_confirmation_not_current_supplier_catalog"
"2026-07-19","historical Mobilax-derived catalog snapshot (supplier label scrubbed)","REALME-2026-05-27","3000000129098","Premium Inner Earpiece Realme 7/GT Master Edition/9 Pro 5G/Narzo 50 4G/Narzo 50 5G/7 5G","Realme","Speaker","A","7","","","7 | 7 5G | 9 Pro 5G | Narzo 50 4G | Narzo 50 5G","5","0","draft","candidate_needs_technical_confirmation_not_current_supplier_catalog"
"2026-07-19","historical Mobilax-derived catalog snapshot (supplier label scrubbed)","XIAOMI-2026-05-27","3000000129166","OEM Display Touchscreen with Frame Xiaomi Redmi 9AT/Redmi 10A/Redmi 9C NFC Black","Xiaomi","Schermi","A","Redmi 9AT","","","Redmi 9AT | Redmi 10A | Redmi 9C NFC","3","0","draft","candidate_needs_technical_confirmation_not_current_supplier_catalog"
"2026-07-19","historical Mobilax-derived catalog snapshot (supplier label scrubbed)","XIAOMI-2026-05-27","3000000129388","Display Touchscreen with Frame Xiaomi Mi 9T/Mi 9T Pro Red","Xiaomi","Schermi","A","Mi 9T","","","Mi 9T | Mi 9T Pro","2","0","draft","candidate_needs_technical_confirmation_not_current_supplier_catalog"
"2026-07-19","historical Mobilax-derived catalog snapshot (supplier label scrubbed)","XIAOMI-2026-05-27","3000000129401","OEM Display Touchscreen with Frame Xiaomi Redmi Note 10 5G/Poco M3 Pro 5G Black Tarnish","Xiaomi","Schermi","A","Poco M3 Pro 5G","","","Poco M3 | Poco M3 Pro 5G","2","0","draft","candidate_needs_technical_confirmation_not_current_supplier_catalog"
"2026-07-19","historical Mobilax-derived catalog snapshot (supplier label scrubbed)","XIAOMI-2026-05-27","3000000129555","OEM Display Touchscreen with Frame Xiaomi Mi 10T Lite 5G/Redmi Note 9 Pro 5G Azure Blue","Xiaomi","Schermi","A","Mi 10T Lite 5G","","","Mi 10T Lite 5G | Redmi Note 9 Pro 5G","2","0","draft","candidate_needs_technical_confirmation_not_current_supplier_catalog"
"2026-07-19","historical Mobilax-derived catalog snapshot (supplier label scrubbed)","XIAOMI-2026-05-27","3000000129593","OEM Display Touchscreen with Frame Xiaomi Mi 10T Lite 5G/Redmi Note 9 Pro 5G Pearl Grey","Xiaomi","Schermi","A","Mi 10T Lite 5G","","","Mi 10T Lite 5G | Redmi Note 9 Pro 5G","2","0","draft","candidate_needs_technical_confirmation_not_current_supplier_catalog"
"2026-07-19","historical Mobilax-derived catalog snapshot (supplier label scrubbed)","XIAOMI-2026-05-27","3000000129609","Oled Display Touchscreen with Frame Xiaomi Mi 10T Lite 5G/Redmi Note 9 Pro 5G Rose Gold","Xiaomi","Schermi","A","Mi 10T Lite 5G","","","Mi 10T Lite 5G | Redmi Note 9 Pro 5G","2","0","draft","candidate_needs_technical_confirmation_not_current_supplier_catalog"
"2026-07-19","historical Mobilax-derived catalog snapshot (supplier label scrubbed)","XIAOMI-2026-05-27","3000000129852","OEM Display Touchscreen with Frame Xiaomi Mi 10T 5G/Mi 10T Pro 5G Silver","Xiaomi","Schermi","A","Mi 10T 5G","","","Mi 10T 5G | Mi 10T Pro 5G","2","0","draft","candidate_needs_technical_confirmation_not_current_supplier_catalog"
"2026-07-19","historical Mobilax-derived catalog snapshot (supplier label scrubbed)","XIAOMI-2026-05-27","3000000129869","OEM Display Touchscreen with Frame Xiaomi Mi 10T 5G/Mi 10T Pro 5G Black","Xiaomi","Schermi","A","Mi 10T 5G","","","Mi 10T 5G | Mi 10T Pro 5G","2","0","draft","candidate_needs_technical_confirmation_not_current_supplier_catalog"
"2026-07-19","historical Mobilax-derived catalog snapshot (supplier label scrubbed)","XIAOMI-2026-05-27","3000000129920","Display Touchscreen with Frame Xiaomi Mi Note 10/Mi Note 10 Pro White","Xiaomi","Schermi","A","Mi Note 10","","","Mi Note 10 | Mi Note 10 Pro","2","0","draft","candidate_needs_technical_confirmation_not_current_supplier_catalog"
"2026-07-19","historical Mobilax-derived catalog snapshot (supplier label scrubbed)","XIAOMI-2026-05-27","3000000129937","OEM Display Touchscreen with Frame Xiaomi Redmi Note 8/Redmi Note 8 2021 Blue","Xiaomi","Schermi","A","Redmi Note 8","","","Redmi Note 8 | Redmi Note 8 2021","2","0","draft","candidate_needs_technical_confirmation_not_current_supplier_catalog"
"2026-07-19","historical Mobilax-derived catalog snapshot (supplier label scrubbed)","XIAOMI-2026-05-27","3000000129999","Display Touchscreen with Frame Xiaomi Mi Note 10/Mi Note 10 Pro Green","Xiaomi","Schermi","A","Mi Note 10","","","Mi Note 10 | Mi Note 10 Pro","2","0","draft","candidate_needs_technical_confirmation_not_current_supplier_catalog"
"2026-07-19","historical Mobilax-derived catalog snapshot (supplier label scrubbed)","XIAOMI-2026-05-27","3000000130087","OEM Display Touchscreen with Frame Xiaomi Redmi Note 7/Redmi Note 7 Pro Blue","Xiaomi","Schermi","A","Redmi Note 7","","","Redmi Note 7 | Redmi Note 7 Pro","2","0","draft","candidate_needs_technical_confirmation_not_current_supplier_catalog"
"2026-07-19","historical Mobilax-derived catalog snapshot (supplier label scrubbed)","XIAOMI-2026-05-27","3000000130094","OEM Display Touchscreen with Frame Xiaomi Redmi Note 7/Redmi Note 7 Pro Black","Xiaomi","Schermi","A","Redmi Note 7","","","Redmi Note 7 | Redmi Note 7 Pro","2","0","draft","candidate_needs_technical_confirmation_not_current_supplier_catalog"
"2026-07-19","historical Mobilax-derived catalog snapshot (supplier label scrubbed)","XIAOMI-2026-05-27","3000000130391","Premium Flash Flex Cable Xiaomi 11T 5G/11T Pro 5G","Xiaomi","Flat Cable","A","11T 5G","","","11T 5G | 11T Pro 5G","2","0","draft","candidate_needs_technical_confirmation_not_current_supplier_catalog"
"2026-07-19","historical Mobilax-derived catalog snapshot (supplier label scrubbed)","XIAOMI-2026-05-27","3000000130407","Premium Volume Flex Cable Xiaomi 11T 5G/11T Pro 5G","Xiaomi","Flat Cable","A","11T 5G","","","11T 5G | 11T Pro 5G","2","0","draft","candidate_needs_technical_confirmation_not_current_supplier_catalog"
"2026-07-19","historical Mobilax-derived catalog snapshot (supplier label scrubbed)","HONOR-2026-05-27","3000000130513","Premium Main Camera Huawei Nova 8i Honor 50 Lite/X8 64MP","Honor","Fotocamere","A","50 Lite","","","50 Lite | X8","2","0","draft","candidate_needs_technical_confirmation_not_current_supplier_catalog"
"2026-07-19","historical Mobilax-derived catalog snapshot (supplier label scrubbed)","SAMSUNG-2026-05-25","3000000130629","Original Loudspeaker Samsung Galaxy A33 5G A336/Galaxy A34 5G A346/Galaxy A35 5G A356 3001-002870 (Bottom)","Samsung","Speaker","A","Galaxy A33 5G A336","","","Galaxy A33 5G A336 | Galaxy A34 5G A346 | Galaxy A35 5G A356","3","0","draft","candidate_needs_technical_confirmation_not_current_supplier_catalog"
"2026-07-19","historical Mobilax-derived catalog snapshot (supplier label scrubbed)","SAMSUNG-2026-05-25","3000000130636","Original Loudspeaker Samsung Galaxy A33 5G A336/Galaxy A25 5G A256 3001-002869 (High)","Samsung","Speaker","A","Galaxy A25 5G A256","","","Galaxy A25 5G A256 | Galaxy A33 5G A336","2","0","draft","candidate_needs_technical_confirmation_not_current_supplier_catalog"
"2026-07-19","historical Mobilax-derived catalog snapshot (supplier label scrubbed)","XIAOMI-2026-05-27","3000000131985","Premium Ultra Wide Angle Camera Xiaomi 12 5G/12X 13MP","Xiaomi","Fotocamere","A","12 5G","","","12 5G | 12X","2","0","draft","candidate_needs_technical_confirmation_not_current_supplier_catalog"
"2026-07-19","historical Mobilax-derived catalog snapshot (supplier label scrubbed)","OPPO-2026-05-27","3000000132005","Premium Main Camera OPPO A94 5G/Reno5 Z/Reno6 Z 5G/F19 PRO+ 5G 48MP","OPPO","Fotocamere","A","A94 5G","","","A94 5G | RENO6 Z 5G","2","0","draft","candidate_needs_technical_confirmation_not_current_supplier_catalog"
"2026-07-19","historical Mobilax-derived catalog snapshot (supplier label scrubbed)","XIAOMI-2026-05-27","3000000132043","Premium Volume Button Xiaomi Poco M3/Poco M3 Pro 5G POCO Yellow","Xiaomi","Flat Cable","A","Poco M3","","","Poco M3 | Poco M3 Pro 5G","2","0","draft","candidate_needs_technical_confirmation_not_current_supplier_catalog"
"2026-07-19","historical Mobilax-derived catalog snapshot (supplier label scrubbed)","XIAOMI-2026-05-27","3000000132050","Premium Volume Button Xiaomi Poco M3/Poco M3 Pro 5G Glacier Blue","Xiaomi","Flat Cable","A","Poco M3","","","Poco M3 | Poco M3 Pro 5G","2","0","draft","candidate_needs_technical_confirmation_not_current_supplier_catalog"
"2026-07-19","historical Mobilax-derived catalog snapshot (supplier label scrubbed)","XIAOMI-2026-05-27","3000000132067","Premium Volume Button Xiaomi Poco M3/Poco M3 Pro 5G Intense Black","Xiaomi","Flat Cable","A","Poco M3","","","Poco M3 | Poco M3 Pro 5G","2","0","draft","candidate_needs_technical_confirmation_not_current_supplier_catalog"
"2026-07-19","historical Mobilax-derived catalog snapshot (supplier label scrubbed)","XIAOMI-2026-05-27","3000000132357","On/Off and Volume Button Xiaomi 12 5G/12X Blue","Xiaomi","Flat Cable","A","12 5G","","","12 5G | 12X","2","0","draft","candidate_needs_technical_confirmation_not_current_supplier_catalog"
"2026-07-19","historical Mobilax-derived catalog snapshot (supplier label scrubbed)","XIAOMI-2026-05-27","3000000132364","On/Off and Volume Button Xiaomi 12 5G/12X Grey","Xiaomi","Flat Cable","A","12 5G","","","12 5G | 12X","2","0","draft","candidate_needs_technical_confirmation_not_current_supplier_catalog"
"2026-07-19","historical Mobilax-derived catalog snapshot (supplier label scrubbed)","XIAOMI-2026-05-27","3000000132449","Original Display Touchscreen Xiaomi 12 5G/12X 56000300L300 5600030L3A00 56002900L300 Grey","Xiaomi","Schermi","A","12 5G","","","12 5G | 12X","2","0","draft","candidate_needs_technical_confirmation_not_current_supplier_catalog"
"2026-07-19","historical Mobilax-derived catalog snapshot (supplier label scrubbed)","XIAOMI-2026-05-27","3000000132487","Original Display Touchscreen Xiaomi 12 5G/12X 56000400L300 5600040L3A00 56000A00L300 56000C0L3A00 Blue","Xiaomi","Schermi","A","12 5G","","","12 5G | 12X","2","0","draft","candidate_needs_technical_confirmation_not_current_supplier_catalog"
"2026-07-19","historical Mobilax-derived catalog snapshot (supplier label scrubbed)","XIAOMI-2026-05-27","3000000132494","Original Display Touchscreen Xiaomi 12 5G/12X 56000500L300 5600050L3A00 Purple","Xiaomi","Schermi","A","12 5G","","","12 5G | 12X","2","0","draft","candidate_needs_technical_confirmation_not_current_supplier_catalog"
"2026-07-19","historical Mobilax-derived catalog snapshot (supplier label scrubbed)","XIAOMI-2026-05-27","3000000132593","Premium Inner Earpiece Xiaomi 12 5G/12X","Xiaomi","Speaker","A","12 5G","","","12 5G | 12X","2","0","draft","candidate_needs_technical_confirmation_not_current_supplier_catalog"
"2026-07-19","historical Mobilax-derived catalog snapshot (supplier label scrubbed)","OPPO-2026-05-27","3000000132715","Original Refurb Display Touchscreen OPPO Find X5 Lite/Reno7 5G CPH2371 Black","OPPO","Schermi","A","Find X5 Lite","","","Find X5 Lite | RENO7 5G","2","0","draft","candidate_needs_technical_confirmation_not_current_supplier_catalog"
"2026-07-19","historical Mobilax-derived catalog snapshot (supplier label scrubbed)","XIAOMI-2026-05-27","3000000132982","Premium Sim Tray Xiaomi 12 5G/12X Purple","Xiaomi","Flat Cable","A","12 5G","","","12 5G | 12X","2","0","draft","candidate_needs_technical_confirmation_not_current_supplier_catalog"
"2026-07-19","historical Mobilax-derived catalog snapshot (supplier label scrubbed)","XIAOMI-2026-05-27","3000000132999","Premium Sim Tray Xiaomi 12 5G/12X Grey","Xiaomi","Flat Cable","A","12 5G","","","12 5G | 12X","2","0","draft","candidate_needs_technical_confirmation_not_current_supplier_catalog"
"2026-07-19","historical Mobilax-derived catalog snapshot (supplier label scrubbed)","TCL-2026-05-27","3000000133408","Display Touchscreen TCL 30/30+ Black","TCL","Schermi","A","30","","","30 | 30+","2","0","draft","candidate_needs_technical_confirmation_not_current_supplier_catalog"
"2026-07-19","historical Mobilax-derived catalog snapshot (supplier label scrubbed)","TCL-2026-05-27","3000000133415","Premium Battery TCL 30/30+ TLP049B7","TCL","Batterie","A","30","","","30 | 30+","2","0","draft","candidate_needs_technical_confirmation_not_current_supplier_catalog"
"2026-07-19","historical Mobilax-derived catalog snapshot (supplier label scrubbed)","XIAOMI-2026-05-27","3000000133446","Premium Fingerprint Reader Xiaomi Mi 11 Ultra/Mi 11 Pro","Xiaomi","Flat Cable","A","Mi 11 Pro","","","Mi 11 Pro | Mi 11 Ultra","2","0","draft","candidate_needs_technical_confirmation_not_current_supplier_catalog"
"2026-07-19","historical Mobilax-derived catalog snapshot (supplier label scrubbed)","OPPO-2026-05-27","3000000133453","Premium Battery OPPO Reno7 4G/Reno8 Lite 5G/Reno7 Lite 5G BLP907","OPPO","Batterie","A","RENO7 4G","","","RENO7 4G | RENO7 Lite 5G | RENO8 Lite 5G","3","0","draft","candidate_needs_technical_confirmation_not_current_supplier_catalog"
"2026-07-19","historical Mobilax-derived catalog snapshot (supplier label scrubbed)","XIAOMI-2026-05-27","3000000133552","Premium Loudspeaker Xiaomi 12 5G/12X","Xiaomi","Speaker","A","12 5G","","","12 5G | 12X","2","0","draft","candidate_needs_technical_confirmation_not_current_supplier_catalog"
"2026-07-19","historical Mobilax-derived catalog snapshot (supplier label scrubbed)","SAMSUNG-2026-05-25","3000000133606","Original SIM Tray Samsung Galaxy A13 4G A135/Galaxy A13 4G A137 GH98-47323A Black","Samsung","Flat Cable","A","Galaxy A13 4G A135","","","Galaxy A13 4G A135 | Galaxy A13 4G A137","2","0","draft","candidate_needs_technical_confirmation_not_current_supplier_catalog"
"2026-07-19","historical Mobilax-derived catalog snapshot (supplier label scrubbed)","REALME-2026-05-27","3000000133743","Premium Connection Flex Cable Realme GT NEO 2/GT 2/GT NEO 3T","Realme","Flat Cable","A","GT 2","","","GT 2 | GT Neo 2 | GT Neo 3T","3","0","draft","candidate_needs_technical_confirmation_not_current_supplier_catalog"
"2026-07-19","historical Mobilax-derived catalog snapshot (supplier label scrubbed)","XIAOMI-2026-05-27","3000000134290","Premium Macro Sensor Xiaomi Mi 11i 5G/11T 5G/11T Pro 5G 5MP","Xiaomi","Flat Cable","A","11T 5G","","","11T 5G | 11T Pro 5G | Mi 11I 5G","3","0","draft","candidate_needs_technical_confirmation_not_current_supplier_catalog"
"2026-07-19","historical Mobilax-derived catalog snapshot (supplier label scrubbed)","SAMSUNG-2026-05-25","3000000134344","Original Back Cover Samsung Galaxy A13 4G A135/Galaxy A13 4G A137 GH82-28387B Blue","Samsung","Back Cover","A","Galaxy A13 4G A135","","","Galaxy A13 4G A135 | Galaxy A13 4G A137","2","0","draft","candidate_needs_technical_confirmation_not_current_supplier_catalog"
"2026-07-19","historical Mobilax-derived catalog snapshot (supplier label scrubbed)","SAMSUNG-2026-05-25","3000000134351","Premium Fingerprint Reader Samsung Galaxy A13 4G A135/Galaxy A13 4G A137 Black","Samsung","Flat Cable","A","Galaxy A13 4G A135","","","Galaxy A13 4G A135 | Galaxy A13 4G A137","2","0","draft","candidate_needs_technical_confirmation_not_current_supplier_catalog"
"2026-07-19","historical Mobilax-derived catalog snapshot (supplier label scrubbed)","SAMSUNG-2026-05-25","3000000134368","Premium Fingerprint Reader Samsung Galaxy A13 4G A135/Galaxy A13 4G A137 White","Samsung","Flat Cable","A","Galaxy A13 4G A135","","","Galaxy A13 4G A135 | Galaxy A13 4G A137","2","0","draft","candidate_needs_technical_confirmation_not_current_supplier_catalog"
"2026-07-19","historical Mobilax-derived catalog snapshot (supplier label scrubbed)","SAMSUNG-2026-05-25","3000000134375","Premium Fingerprint Reader Samsung Galaxy A13 4G A135/Galaxy A13 4G A137 Blue","Samsung","Flat Cable","A","Galaxy A13 4G A135","","","Galaxy A13 4G A135 | Galaxy A13 4G A137","2","0","draft","candidate_needs_technical_confirmation_not_current_supplier_catalog"
"2026-07-19","historical Mobilax-derived catalog snapshot (supplier label scrubbed)","SAMSUNG-2026-05-25","3000000134382","Original NFC Flex Cable Samsung Galaxy A13 4G A135/Galaxy A13 4G A137 GH97-27138A","Samsung","Flat Cable","A","Galaxy A13 4G A135","","","Galaxy A13 4G A135 | Galaxy A13 4G A137","2","0","draft","candidate_needs_technical_confirmation_not_current_supplier_catalog"
"2026-07-19","historical Mobilax-derived catalog snapshot (supplier label scrubbed)","XIAOMI-2026-05-27","3000000134399","Premium Sim Tray Xiaomi 12 5G/12X Blue","Xiaomi","Flat Cable","A","12 5G","","","12 5G | 12X","2","0","draft","candidate_needs_technical_confirmation_not_current_supplier_catalog"
"2026-07-19","historical Mobilax-derived catalog snapshot (supplier label scrubbed)","SAMSUNG-2026-05-25","3000000134412","Original SIM Tray Samsung Galaxy A13 4G A135/Galaxy A13 4G A137 GH98-47323D White","Samsung","Flat Cable","A","Galaxy A13 4G A135","","","Galaxy A13 4G A135 | Galaxy A13 4G A137","2","0","draft","candidate_needs_technical_confirmation_not_current_supplier_catalog"
"2026-07-19","historical Mobilax-derived catalog snapshot (supplier label scrubbed)","SAMSUNG-2026-05-25","3000000134443","Original SIM Tray Samsung Galaxy A13 4G A135/Galaxy A13 4G A137 GH98-47323B Blue","Samsung","Flat Cable","A","Galaxy A13 4G A135","","","Galaxy A13 4G A135 | Galaxy A13 4G A137","2","0","draft","candidate_needs_technical_confirmation_not_current_supplier_catalog"
"2026-07-19","historical Mobilax-derived catalog snapshot (supplier label scrubbed)","SAMSUNG-2026-05-25","3000000134450","Original Volume Button Samsung Galaxy A13 4G A135/Galaxy A13 4G A137 GH98-47317D White","Samsung","Flat Cable","A","Galaxy A13 4G A135","","","Galaxy A13 4G A135 | Galaxy A13 4G A137","2","0","draft","candidate_needs_technical_confirmation_not_current_supplier_catalog"
"2026-07-19","historical Mobilax-derived catalog snapshot (supplier label scrubbed)","SAMSUNG-2026-05-25","3000000134467","Original Volume Button Samsung Galaxy A13 4G A135/Galaxy A13 4G A137 GH98-47317B Blue","Samsung","Flat Cable","A","Galaxy A13 4G A135","","","Galaxy A13 4G A135 | Galaxy A13 4G A137","2","0","draft","candidate_needs_technical_confirmation_not_current_supplier_catalog"
"2026-07-19","historical Mobilax-derived catalog snapshot (supplier label scrubbed)","SAMSUNG-2026-05-25","3000000134474","Original Volume Button Samsung Galaxy A13 4G A135/Galaxy A13 4G A137 GH98-47317A Black","Samsung","Flat Cable","A","Galaxy A13 4G A135","","","Galaxy A13 4G A135 | Galaxy A13 4G A137","2","0","draft","candidate_needs_technical_confirmation_not_current_supplier_catalog"
"2026-07-19","historical Mobilax-derived catalog snapshot (supplier label scrubbed)","SAMSUNG-2026-05-25","3000000134481","Original Main Camera Samsung Galaxy A13 4G A135/Galaxy M23 5G M236/Galaxy M33 5G M336/Galaxy M13 M135/Galaxy A13 4G A137/Galaxy Xcover 6 Pro G736/Galaxy A13 5G A136 GH96-14892A 50MP","Samsung","Fotocamere","A","Galaxy A13 4G A135","","","Galaxy A13 4G A135 | Galaxy A13 4G A137 | Galaxy A13 5G A136 | Galaxy M13 M135 | Galaxy M23 5G M236 | Galaxy M33 5G M336 | Galaxy XCover 6 Pro G736","7","0","draft","candidate_needs_technical_confirmation_not_current_supplier_catalog"
"2026-07-19","historical Mobilax-derived catalog snapshot (supplier label scrubbed)","SAMSUNG-2026-05-25","3000000134498","Original Front Camera Samsung Galaxy A23 5G A236/Galaxy A13 4G A135/Galaxy M13 M135/Galaxy A23 4G A235 GH96-15058A 8MP","Samsung","Fotocamere","A","Galaxy A13 4G A135","","","Galaxy A13 4G A135 | Galaxy A23 4G A235 | Galaxy A23 5G A236 | Galaxy M13 M135","4","0","draft","candidate_needs_technical_confirmation_not_current_supplier_catalog"
"2026-07-19","historical Mobilax-derived catalog snapshot (supplier label scrubbed)","SAMSUNG-2026-05-25","3000000134504","Original Ultra Wide Angle Camera Samsung Galaxy A23 5G A236/Galaxy A13 4G A135/Galaxy M13 M135/Galaxy A13 4G A137 GH96-15059A 5MP","Samsung","Fotocamere","A","Galaxy A13 4G A135","","","Galaxy A13 4G A135 | Galaxy A13 4G A137 | Galaxy A23 5G A236 | Galaxy M13 M135","4","0","draft","candidate_needs_technical_confirmation_not_current_supplier_catalog"
"2026-07-19","historical Mobilax-derived catalog snapshot (supplier label scrubbed)","SAMSUNG-2026-05-25","3000000134511","Original Macro Sensor Samsung Galaxy A13 4G A135/Galaxy A13 4G A137 GH96-15060A 2MP","Samsung","Flat Cable","A","Galaxy A13 4G A135","","","Galaxy A13 4G A135 | Galaxy A13 4G A137","2","0","draft","candidate_needs_technical_confirmation_not_current_supplier_catalog"
"2026-07-19","historical Mobilax-derived catalog snapshot (supplier label scrubbed)","SAMSUNG-2026-05-25","3000000134528","Original Lens Samsung Galaxy A13 4G A135/Galaxy A13 4G A137 (Depth) GH64-08697A","Samsung","Fotocamere","A","Galaxy A13 4G A135","","","Galaxy A13 4G A135 | Galaxy A13 4G A137","2","0","draft","candidate_needs_technical_confirmation_not_current_supplier_catalog"
"2026-07-19","historical Mobilax-derived catalog snapshot (supplier label scrubbed)","SAMSUNG-2026-05-25","3000000134535","Original Antenna Samsung Galaxy A13 4G A135/Galaxy A13 4G A137 Main GH42-06862A","Samsung","Flat Cable","A","Galaxy A13 4G A135","","","Galaxy A13 4G A135 | Galaxy A13 4G A137","2","0","draft","candidate_needs_technical_confirmation_not_current_supplier_catalog"
"2026-07-19","historical Mobilax-derived catalog snapshot (supplier label scrubbed)","SAMSUNG-2026-05-25","3000000134559","Original Lens Samsung Galaxy A13 4G A135/Galaxy A13 5G A136 Ultra Wide Angle GH64-08698A","Samsung","Fotocamere","A","Galaxy A13 4G A135","","","Galaxy A13 4G A135 | Galaxy A13 5G A136","2","0","draft","candidate_needs_technical_confirmation_not_current_supplier_catalog"
"2026-07-19","historical Mobilax-derived catalog snapshot (supplier label scrubbed)","XIAOMI-2026-05-27","3000000134849","Original Display Touchscreen Xiaomi Mi 9T/Mi 9T Pro 5600010F1100 White","Xiaomi","Schermi","A","Mi 9T","","","Mi 9T | Mi 9T Pro","2","0","draft","candidate_needs_technical_confirmation_not_current_supplier_catalog"
"2026-07-19","historical Mobilax-derived catalog snapshot (supplier label scrubbed)","2026-05-25","3000000135006","Premium Sim Tray Apple iPhone 8/iPhone SE (2nd Gen)/iPhone SE (3e Gen) Red","Apple","Flat Cable","A","iPhone 8","","","iPhone 8 | iPhone SE 2nd Gen | iPhone SE 3rd Gen","3","0","draft","candidate_needs_technical_confirmation_not_current_supplier_catalog"
"2026-07-19","historical Mobilax-derived catalog snapshot (supplier label scrubbed)","SAMSUNG-2026-05-25","3000000135013","Original Front Camera Samsung Galaxy M23 5G M236/Galaxy M33 5G M336 GH96-15068A 8MP","Samsung","Fotocamere","A","Galaxy M23 5G M236","","","Galaxy M23 5G M236 | Galaxy M33 5G M336","2","0","draft","candidate_needs_technical_confirmation_not_current_supplier_catalog"
"2026-07-19","historical Mobilax-derived catalog snapshot (supplier label scrubbed)","XIAOMI-2026-05-27","3000000135426","Premium Back Cover Xiaomi Poco M3 Pro 5G POCO Yellow","Xiaomi","Back Cover","A","Poco M3 Pro 5G","","","Poco M3 | Poco M3 Pro 5G","2","0","draft","candidate_needs_technical_confirmation_not_current_supplier_catalog"
"2026-07-19","historical Mobilax-derived catalog snapshot (supplier label scrubbed)","OPPO-2026-05-27","3000000135495","Premium Loudspeaker OPPO A76 4G/A77 5G","OPPO","Speaker","A","A76 4G","","","A76 4G | A77 5G","2","0","draft","candidate_needs_technical_confirmation_not_current_supplier_catalog"
"2026-07-19","historical Mobilax-derived catalog snapshot (supplier label scrubbed)","OPPO-2026-05-27","3000000135518","Premium Fingerprint Reader OPPO A76 4G/A96 4G Blue Star","OPPO","Flat Cable","A","A76 4G","","","A76 4G | A96 4G","2","0","draft","candidate_needs_technical_confirmation_not_current_supplier_catalog"
"2026-07-19","historical Mobilax-derived catalog snapshot (supplier label scrubbed)","OPPO-2026-05-27","3000000135525","Premium Fingerprint Reader OPPO A76 4G/A96 4G Black Gloss","OPPO","Flat Cable","A","A76 4G","","","A76 4G | A96 4G","2","0","draft","candidate_needs_technical_confirmation_not_current_supplier_catalog"
"2026-07-19","historical Mobilax-derived catalog snapshot (supplier label scrubbed)","OPPO-2026-05-27","3000000136119","Premium Ultra Wide Angle Camera OPPO Find X3 Neo/Reno6 Pro 5G (CPH2247) 16MP","OPPO","Fotocamere","A","Find X3 Neo","","","Find X3 Neo | RENO6 Pro 5G CPH2247","2","0","draft","candidate_needs_technical_confirmation_not_current_supplier_catalog"
"2026-07-19","historical Mobilax-derived catalog snapshot (supplier label scrubbed)","OPPO-2026-05-27","3000000136126","Premium Telephoto Lens OPPO Find X3 Neo/Reno6 Pro 5G (CPH2247) 13MP","OPPO","Fotocamere","A","Find X3 Neo","","","Find X3 Neo | RENO6 Pro 5G CPH2247","2","0","draft","candidate_needs_technical_confirmation_not_current_supplier_catalog"
"2026-07-19","historical Mobilax-derived catalog snapshot (supplier label scrubbed)","OPPO-2026-05-27","3000000136133","Premium Macro Sensor OPPO Find X3 Neo/Reno6 Pro 5G (CPH2247)/Reno7 Pro 5G 2MP","OPPO","Flat Cable","A","Find X3 Neo","","","Find X3 Neo | RENO6 Pro 5G CPH2247 | RENO7 Pro 5G","3","0","draft","candidate_needs_technical_confirmation_not_current_supplier_catalog"
"2026-07-19","historical Mobilax-derived catalog snapshot (supplier label scrubbed)","OPPO-2026-05-27","3000000136157","Premium Fingerprint Reader OPPO Find X3 Pro/Find X3 Neo/Reno6 Pro 5G (CPH2247) Realme GT 2/GT NEO 3T","OPPO","Flat Cable","A","Find X3 Neo","","","Find X3 Neo | Find X3 Pro | RENO6 Pro 5G CPH2247","3","0","draft","candidate_needs_technical_confirmation_not_current_supplier_catalog"
"2026-07-19","historical Mobilax-derived catalog snapshot (supplier label scrubbed)","OPPO-2026-05-27","3000000136218","Premium Antenna OPPO Find X3 Neo/Reno6 Pro 5G (CPH2247)","OPPO","Flat Cable","A","Find X3 Neo","","","Find X3 Neo | RENO6 Pro 5G CPH2247","2","0","draft","candidate_needs_technical_confirmation_not_current_supplier_catalog"
"2026-07-19","historical Mobilax-derived catalog snapshot (supplier label scrubbed)","HONOR-2026-05-27","3000000136515","Premium Battery Honor X7/X8 5G/X6/70 Lite HB496590EFW","Honor","Batterie","A","70 Lite","","","70 Lite | X6 | X7 | X8 5G","4","0","draft","candidate_needs_technical_confirmation_not_current_supplier_catalog"
"2026-07-19","historical Mobilax-derived catalog snapshot (supplier label scrubbed)","2026-05-25","3000000137499","Lower Screw Apple iPhone X/iPhone XS/iPhone XS Max (x100)","Apple","Flat Cable","A","iPhone X","","","iPhone X | iPhone XS | iPhone XS Max","3","0","draft","candidate_needs_technical_confirmation_not_current_supplier_catalog"
"2026-07-19","historical Mobilax-derived catalog snapshot (supplier label scrubbed)","2026-05-25","3000000137529","Lower Screw Apple iPhone 11/iPhone 11 Pro/iPhone 11 Pro Max/iPhone 12/iPhone 12 Mini/iPhone 12 Pro/iPhone 12 Pro Max/iPhone 13/iPhone 13 Mini/iPhone 13 Pro/iPhone 13 Pro Max OEM (x100)","Apple","Flat Cable","A","iPhone 11","","","iPhone 11 | iPhone 11 Pro | iPhone 11 Pro Max | iPhone 12 | iPhone 12 Mini | iPhone 12 Pro | iPhone 12 Pro Max | iPhone 13 | iPhone 13 Mini | iPhone 13 Pro | iPhone 13 Pro Max","11","0","draft","candidate_needs_technical_confirmation_not_current_supplier_catalog"
"2026-07-19","historical Mobilax-derived catalog snapshot (supplier label scrubbed)","HONOR-2026-05-27","3000000137550","Premium Battery Honor Magic 4 Lite 5G/Magic 4 Lite 4G HB466596EFW","Honor","Batterie","A","Magic 4 Lite 4G","","","Magic 4 Lite 4G | Magic 4 Lite 5G","2","0","draft","candidate_needs_technical_confirmation_not_current_supplier_catalog"
"2026-07-19","historical Mobilax-derived catalog snapshot (supplier label scrubbed)","HONOR-2026-05-27","3000000137567","Original Dock Connector Honor Magic 4 Lite 5G/Magic 4 Lite 4G 0235ABSG","Honor","Connettori","A","Magic 4 Lite 4G","","","Magic 4 Lite 4G | Magic 4 Lite 5G","2","0","draft","candidate_needs_technical_confirmation_not_current_supplier_catalog"
"2026-07-19","historical Mobilax-derived catalog snapshot (supplier label scrubbed)","XIAOMI-2026-05-27","3000000137604","Premium Macro Sensor Xiaomi Redmi Note 11 4G/Redmi Note 11S 4G/Redmi Note 11 Pro 4G/Redmi Note 11 Pro 5G/Poco X4 Pro 5G/Poco M4 Pro 4G/Redmi Note 12S 2MP","Xiaomi","Flat Cable","A","Poco M4 Pro 4G","","","Poco X4 Pro 5G | Poco M4 Pro 4G","2","0","draft","candidate_needs_technical_confirmation_not_current_supplier_catalog"
"2026-07-19","historical Mobilax-derived catalog snapshot (supplier label scrubbed)","SAMSUNG-2026-05-27","3000000138151","Premium Back Cover Samsung Galaxy S20 G980/Galaxy S20 5G G981 Cosmic Gray","Samsung","Back Cover","A","Galaxy S20 5G G981","","","Galaxy S20 5G G981 | Galaxy S20 G980","2","0","draft","candidate_needs_technical_confirmation_not_current_supplier_catalog"
"2026-07-19","historical Mobilax-derived catalog snapshot (supplier label scrubbed)","SAMSUNG-2026-05-27","3000000138182","Premium Back Cover Samsung Galaxy S20 G980/Galaxy S20 5G G981 White","Samsung","Back Cover","A","Galaxy S20 5G G981","","","Galaxy S20 5G G981 | Galaxy S20 G980","2","0","draft","candidate_needs_technical_confirmation_not_current_supplier_catalog"
"2026-07-19","historical Mobilax-derived catalog snapshot (supplier label scrubbed)","SAMSUNG-2026-05-27","3000000138199","Premium Back Cover Samsung Galaxy S20 G980/Galaxy S20 5G G981 Blue","Samsung","Back Cover","A","Galaxy S20 5G G981","","","Galaxy S20 5G G981 | Galaxy S20 G980","2","0","draft","candidate_needs_technical_confirmation_not_current_supplier_catalog"
"2026-07-19","historical Mobilax-derived catalog snapshot (supplier label scrubbed)","SAMSUNG-2026-05-27","3000000138205","Premium Back Cover Samsung Galaxy S20 G980/Galaxy S20 5G G981 Pink","Samsung","Back Cover","A","Galaxy S20 5G G981","","","Galaxy S20 5G G981 | Galaxy S20 G980","2","0","draft","candidate_needs_technical_confirmation_not_current_supplier_catalog"
"2026-07-19","historical Mobilax-derived catalog snapshot (supplier label scrubbed)","SAMSUNG-2026-05-27","3000000138212","Premium Back Cover Samsung Galaxy S20 FE 5G G781/Galaxy S20 FE 4G G780 Cloud Lavender","Samsung","Back Cover","A","Galaxy S20 FE 4G G780","","","Galaxy S20 FE 4G G780 | Galaxy S20 FE 5G G781","2","0","draft","candidate_needs_technical_confirmation_not_current_supplier_catalog"
"2026-07-19","historical Mobilax-derived catalog snapshot (supplier label scrubbed)","SAMSUNG-2026-05-27","3000000138229","Premium Back Cover Samsung Galaxy S20 FE 5G G781/Galaxy S20 FE 4G G780 Cloud Mint","Samsung","Back Cover","A","Galaxy S20 FE 4G G780","","","Galaxy S20 FE 4G G780 | Galaxy S20 FE 5G G781","2","0","draft","candidate_needs_technical_confirmation_not_current_supplier_catalog"
"2026-07-19","historical Mobilax-derived catalog snapshot (supplier label scrubbed)","SAMSUNG-2026-05-27","3000000138236","Premium Back Cover Samsung Galaxy S20 Plus 5G G986/Galaxy S20 Plus G985 Aurora Blue","Samsung","Back Cover","A","Galaxy S20 Plus 5G G986","","","Galaxy S20 Plus G985 | Galaxy S20 Plus 5G G986","2","0","draft","candidate_needs_technical_confirmation_not_current_supplier_catalog"
"2026-07-19","historical Mobilax-derived catalog snapshot (supplier label scrubbed)","SAMSUNG-2026-05-27","3000000138243","Premium Back Cover Samsung Galaxy S20 FE 5G G781/Galaxy S20 FE 4G G780 Cloud Navy","Samsung","Back Cover","A","Galaxy S20 FE 4G G780","","","Galaxy S20 FE 4G G780 | Galaxy S20 FE 5G G781","2","0","draft","candidate_needs_technical_confirmation_not_current_supplier_catalog"
"2026-07-19","historical Mobilax-derived catalog snapshot (supplier label scrubbed)","SAMSUNG-2026-05-27","3000000138250","Premium Back Cover Samsung Galaxy S20 Plus 5G G986/Galaxy S20 Plus G985 Blue","Samsung","Back Cover","A","Galaxy S20 Plus 5G G986","","","Galaxy S20 Plus G985 | Galaxy S20 Plus 5G G986","2","0","draft","candidate_needs_technical_confirmation_not_current_supplier_catalog"
"2026-07-19","historical Mobilax-derived catalog snapshot (supplier label scrubbed)","SAMSUNG-2026-05-27","3000000138267","Premium Back Cover Samsung Galaxy S20 Plus 5G G986/Galaxy S20 Plus G985 Grey","Samsung","Back Cover","A","Galaxy S20 Plus 5G G986","","","Galaxy S20 Plus G985 | Galaxy S20 Plus 5G G986","2","0","draft","candidate_needs_technical_confirmation_not_current_supplier_catalog"
"2026-07-19","historical Mobilax-derived catalog snapshot (supplier label scrubbed)","SAMSUNG-2026-05-27","3000000138274","Premium Back Cover Samsung Galaxy S20 Plus 5G G986/Galaxy S20 Plus G985 Black","Samsung","Back Cover","A","Galaxy S20 Plus 5G G986","","","Galaxy S20 Plus G985 | Galaxy S20 Plus 5G G986","2","0","draft","candidate_needs_technical_confirmation_not_current_supplier_catalog"
"2026-07-19","historical Mobilax-derived catalog snapshot (supplier label scrubbed)","SAMSUNG-2026-05-27","3000000138328","Premium Back Cover Samsung Galaxy S20 FE 5G G781/Galaxy S20 FE 4G G780 Cloud Orange","Samsung","Back Cover","A","Galaxy S20 FE 4G G780","","","Galaxy S20 FE 4G G780 | Galaxy S20 FE 5G G781","2","0","draft","candidate_needs_technical_confirmation_not_current_supplier_catalog"
"2026-07-19","historical Mobilax-derived catalog snapshot (supplier label scrubbed)","SAMSUNG-2026-05-27","3000000138335","Premium Back Cover Samsung Galaxy S20 FE 5G G781/Galaxy S20 FE 4G G780 Cloud Red","Samsung","Back Cover","A","Galaxy S20 FE 4G G780","","","Galaxy S20 FE 4G G780 | Galaxy S20 FE 5G G781","2","0","draft","candidate_needs_technical_confirmation_not_current_supplier_catalog"
"2026-07-19","historical Mobilax-derived catalog snapshot (supplier label scrubbed)","SAMSUNG-2026-05-27","3000000138342","Premium Back Cover Samsung Galaxy S20 FE 5G G781/Galaxy S20 FE 4G G780 Cloud White","Samsung","Back Cover","A","Galaxy S20 FE 4G G780","","","Galaxy S20 FE 4G G780 | Galaxy S20 FE 5G G781","2","0","draft","candidate_needs_technical_confirmation_not_current_supplier_catalog"
"2026-07-19","historical Mobilax-derived catalog snapshot (supplier label scrubbed)","XIAOMI-2026-05-27","3000000138403","Premium Front Camera Xiaomi Poco M4 Pro 5G/Redmi Note 11S 5G/Poco X4 GT/Redmi Note 11T 5G 8MP","Xiaomi","Fotocamere","A","Poco M4 Pro 5G","","","Poco X4 GT | Poco M4 Pro 5G","2","0","draft","candidate_needs_technical_confirmation_not_current_supplier_catalog"
"2026-07-19","historical Mobilax-derived catalog snapshot (supplier label scrubbed)","REALME-2026-05-27","3000000138465","Premium Inner Earpiece Realme X50 Pro 5G/7 Pro/GT 5G/GT NEO 2/9 Pro+/9i/GT NEO 3T","Realme","Speaker","A","7 Pro","","","7 Pro | 9 Pro+ | 9I | GT 5G | GT Neo 2 | GT Neo 3T | X50 Pro 5G","7","0","draft","candidate_needs_technical_confirmation_not_current_supplier_catalog"
"2026-07-19","historical Mobilax-derived catalog snapshot (supplier label scrubbed)","OPPO-2026-05-27","3000000139219","Premium Macro Sensor Realme GT Master Edition OPPO Reno11 F 5G/Reno12 5G/Reno12 FS 5G/Reno12 FS 4G/Reno12 F (CPH2687)/Reno12 F 5G (CPH2637) 2MP","OPPO","Flat Cable","A","RENO11 F 5G","","","RENO11 F 5G | RENO12 5G | RENO12 F 5G CPH2637 | RENO12 F CPH2687","4","0","draft","candidate_needs_technical_confirmation_not_current_supplier_catalog"
"2026-07-19","historical Mobilax-derived catalog snapshot (supplier label scrubbed)","SAMSUNG-2026-05-25","3000000139356","Premium Back Cover Samsung Galaxy A13 4G A135/Galaxy A13 4G A137 Black","Samsung","Back Cover","A","Galaxy A13 4G A135","","","Galaxy A13 4G A135 | Galaxy A13 4G A137","2","0","draft","candidate_needs_technical_confirmation_not_current_supplier_catalog"
"2026-07-19","historical Mobilax-derived catalog snapshot (supplier label scrubbed)","SAMSUNG-2026-05-25","3000000139363","Premium Back Cover Samsung Galaxy A13 4G A135/Galaxy A13 4G A137 Blue","Samsung","Back Cover","A","Galaxy A13 4G A135","","","Galaxy A13 4G A135 | Galaxy A13 4G A137","2","0","draft","candidate_needs_technical_confirmation_not_current_supplier_catalog"
"2026-07-19","historical Mobilax-derived catalog snapshot (supplier label scrubbed)","SAMSUNG-2026-05-25","3000000139387","Premium Back Cover Samsung Galaxy A13 4G A135/Galaxy A13 4G A137 White","Samsung","Back Cover","A","Galaxy A13 4G A135","","","Galaxy A13 4G A135 | Galaxy A13 4G A137","2","0","draft","candidate_needs_technical_confirmation_not_current_supplier_catalog"
"2026-07-19","historical Mobilax-derived catalog snapshot (supplier label scrubbed)","REALME-2026-05-27","3000000141205","Premium Connection Flex Cable Realme 8i/Narzo 50 4G","Realme","Flat Cable","A","8I","","","8I | Narzo 50 4G","2","0","draft","candidate_needs_technical_confirmation_not_current_supplier_catalog"
"2026-07-19","historical Mobilax-derived catalog snapshot (supplier label scrubbed)","REALME-2026-05-27","3000000141212","Premium Volume Flex Cable Realme 8i/Narzo 50 4G","Realme","Flat Cable","A","8I","","","8I | Narzo 50 4G","2","0","draft","candidate_needs_technical_confirmation_not_current_supplier_catalog"
"2026-07-19","historical Mobilax-derived catalog snapshot (supplier label scrubbed)","REALME-2026-05-27","3000000141229","Premium Power Flex Cable Realme 8i/Narzo 50 4G","Realme","Flat Cable","A","8I","","","8I | Narzo 50 4G","2","0","draft","candidate_needs_technical_confirmation_not_current_supplier_catalog"
"2026-07-19","historical Mobilax-derived catalog snapshot (supplier label scrubbed)","MOTOROLA-2026-05-27","3000000141236","Original Pulled Display Touchscreen Motorola Edge 20 Pro/Edge 20 Black","Motorola","Schermi","A","Edge 20","","","Edge 20 | Edge 20 Pro","2","0","draft","candidate_needs_technical_confirmation_not_current_supplier_catalog"
"2026-07-19","historical Mobilax-derived catalog snapshot (supplier label scrubbed)","OPPO-2026-05-27","3000000141632","Premium Macro Sensor OPPO A16 4G/A54s/A16s/A54 4G 2MP","OPPO","Flat Cable","A","A16 4G","","","A16 4G | A54 4G","2","0","draft","candidate_needs_technical_confirmation_not_current_supplier_catalog"
"2026-07-19","historical Mobilax-derived catalog snapshot (supplier label scrubbed)","SAMSUNG-2026-05-25","3000000143612","Premium Back Cover Samsung Galaxy A52 5G A526/Galaxy A52 4G A525 Awesome Black","Samsung","Back Cover","A","Galaxy A52 4G A525","","","Galaxy A52 4G A525 | Galaxy A52 5G A526","2","0","draft","candidate_needs_technical_confirmation_not_current_supplier_catalog"
"2026-07-19","historical Mobilax-derived catalog snapshot (supplier label scrubbed)","SAMSUNG-2026-05-25","3000000143629","Premium Back Cover Samsung Galaxy A52 5G A526/Galaxy A52 4G A525 Awesome Blue","Samsung","Back Cover","A","Galaxy A52 4G A525","","","Galaxy A52 4G A525 | Galaxy A52 5G A526","2","0","draft","candidate_needs_technical_confirmation_not_current_supplier_catalog"
"2026-07-19","historical Mobilax-derived catalog snapshot (supplier label scrubbed)","SAMSUNG-2026-05-25","3000000143636","Premium Back Cover Samsung Galaxy A52 5G A526/Galaxy A52 4G A525 Awesome Violet","Samsung","Back Cover","A","Galaxy A52 4G A525","","","Galaxy A52 4G A525 | Galaxy A52 5G A526","2","0","draft","candidate_needs_technical_confirmation_not_current_supplier_catalog"
"2026-07-19","historical Mobilax-derived catalog snapshot (supplier label scrubbed)","SAMSUNG-2026-05-25","3000000143643","Premium Back Cover Samsung Galaxy A52 5G A526/Galaxy A52 4G A525 Awesome White","Samsung","Back Cover","A","Galaxy A52 4G A525","","","Galaxy A52 4G A525 | Galaxy A52 5G A526","2","0","draft","candidate_needs_technical_confirmation_not_current_supplier_catalog"
"2026-07-19","historical Mobilax-derived catalog snapshot (supplier label scrubbed)","SAMSUNG-2026-05-25","3000000143742","Premium Back Cover Samsung Galaxy A72 4G A725/Galaxy A72 5G A726 Awesome Black","Samsung","Back Cover","A","Galaxy A72 4G A725","","","Galaxy A72 4G A725 | Galaxy A72 5G A726","2","0","draft","candidate_needs_technical_confirmation_not_current_supplier_catalog"
"2026-07-19","historical Mobilax-derived catalog snapshot (supplier label scrubbed)","SAMSUNG-2026-05-25","3000000143759","Premium Back Cover Samsung Galaxy A72 4G A725/Galaxy A72 5G A726 Awesome Blue","Samsung","Back Cover","A","Galaxy A72 4G A725","","","Galaxy A72 4G A725 | Galaxy A72 5G A726","2","0","draft","candidate_needs_technical_confirmation_not_current_supplier_catalog"
"2026-07-19","historical Mobilax-derived catalog snapshot (supplier label scrubbed)","SAMSUNG-2026-05-25","3000000143766","Premium Back Cover Samsung Galaxy A72 4G A725/Galaxy A72 5G A726 Awesome Violet","Samsung","Back Cover","A","Galaxy A72 4G A725","","","Galaxy A72 4G A725 | Galaxy A72 5G A726","2","0","draft","candidate_needs_technical_confirmation_not_current_supplier_catalog"
"2026-07-19","historical Mobilax-derived catalog snapshot (supplier label scrubbed)","SAMSUNG-2026-05-25","3000000143773","Premium Back Cover Samsung Galaxy A72 4G A725/Galaxy A72 5G A726 Awesome White","Samsung","Back Cover","A","Galaxy A72 4G A725","","","Galaxy A72 4G A725 | Galaxy A72 5G A726","2","0","draft","candidate_needs_technical_confirmation_not_current_supplier_catalog"
"2026-07-19","historical Mobilax-derived catalog snapshot (supplier label scrubbed)","VIVO-2026-05-27","3000000144534","Premium Battery Vivo Y01/Y16 B-S7","Vivo","Batterie","A","Y01","","","Y01 | Y16","2","0","draft","candidate_needs_technical_confirmation_not_current_supplier_catalog"
"2026-07-19","historical Mobilax-derived catalog snapshot (supplier label scrubbed)","HONOR-2026-05-27","3000000146941","Premium Loudspeaker Honor Magic 4 Lite 5G/Magic 4 Lite 4G","Honor","Speaker","A","Magic 4 Lite 4G","","","Magic 4 Lite 4G | Magic 4 Lite 5G","2","0","draft","candidate_needs_technical_confirmation_not_current_supplier_catalog"
"2026-07-19","historical Mobilax-derived catalog snapshot (supplier label scrubbed)","OPPO-2026-05-27","3000000146958","Premium Front Camera OPPO Find X5 Lite/Reno7 5G 32MP","OPPO","Fotocamere","A","Find X5 Lite","","","Find X5 Lite | RENO7 5G","2","0","draft","candidate_needs_technical_confirmation_not_current_supplier_catalog"
"2026-07-19","historical Mobilax-derived catalog snapshot (supplier label scrubbed)","OPPO-2026-05-27","3000000146965","Premium Power Flex Cable OPPO Find X5 Lite/Reno7 5G","OPPO","Flat Cable","A","Find X5 Lite","","","Find X5 Lite | RENO7 5G","2","0","draft","candidate_needs_technical_confirmation_not_current_supplier_catalog"
"2026-07-19","historical Mobilax-derived catalog snapshot (supplier label scrubbed)","OPPO-2026-05-27","3000000146989","Oled Display Touchscreen with Frame OPPO Find X5 Lite/Reno7 5G CPH2371 Black","OPPO","Schermi","A","Find X5 Lite","","","Find X5 Lite | RENO7 5G","2","0","draft","candidate_needs_technical_confirmation_not_current_supplier_catalog"
"2026-07-19","historical Mobilax-derived catalog snapshot (supplier label scrubbed)","XIAOMI-2026-05-27","3000000147290","Premium Depth Sensor Xiaomi Redmi Note 11 4G/Redmi Note 11S 4G/Redmi Note 11 Pro 4G 2MP","Xiaomi","Flat Cable","A","Redmi Note 11 4G","","","Redmi Note 11 4G | Redmi Note 11 Pro 4G","2","0","draft","candidate_needs_technical_confirmation_not_current_supplier_catalog"
"2026-07-19","historical Mobilax-derived catalog snapshot (supplier label scrubbed)","SAMSUNG-2026-05-25","3000000147412","Original Macro Sensor Samsung Galaxy A23 5G A236/Galaxy M33 5G M336/Galaxy M53 5G M536 GH96-15070A 2MP","Samsung","Flat Cable","A","Galaxy A23 5G A236","","","Galaxy A23 5G A236 | Galaxy M33 5G M336 | Galaxy M53 5G M536","3","0","draft","candidate_needs_technical_confirmation_not_current_supplier_catalog"
"2026-07-19","historical Mobilax-derived catalog snapshot (supplier label scrubbed)","SAMSUNG-2026-05-25","3000000147429","Original Lens Samsung Galaxy M23 5G M236/Galaxy M53 5G M536 Ultra Wide Angle GH64-08807A","Samsung","Fotocamere","A","Galaxy M23 5G M236","","","Galaxy M23 5G M236 | Galaxy M53 5G M536","2","0","draft","candidate_needs_technical_confirmation_not_current_supplier_catalog"
"2026-07-19","historical Mobilax-derived catalog snapshot (supplier label scrubbed)","XIAOMI-2026-05-27","3000000147764","Premium Fingerprint Reader Xiaomi Redmi Note 11 Pro 4G/Redmi Note 11 Pro 5G Polar White","Xiaomi","Flat Cable","A","Redmi Note 11 Pro 4G","","","Redmi Note 11 Pro 4G | Redmi Note 11 Pro 5G","2","0","draft","candidate_needs_technical_confirmation_not_current_supplier_catalog"
"2026-07-19","historical Mobilax-derived catalog snapshot (supplier label scrubbed)","SAMSUNG-2026-05-25","3000000147894","Original Depth Sensor Samsung Galaxy A23 5G A236/Galaxy M13 M135 GH96-14017B 2MP","Samsung","Flat Cable","A","Galaxy A23 5G A236","","","Galaxy A23 5G A236 | Galaxy M13 M135","2","0","draft","candidate_needs_technical_confirmation_not_current_supplier_catalog"
"2026-07-19","historical Mobilax-derived catalog snapshot (supplier label scrubbed)","SAMSUNG-2026-05-25","3000000147924","Original Volume Flex Cable Samsung Galaxy M13 M135/Galaxy A04s A047F/Galaxy M14 5G M146 GH59-15588A","Samsung","Flat Cable","A","Galaxy M13 M135","","","Galaxy M13 M135 | Galaxy M14 5G M146","2","0","draft","candidate_needs_technical_confirmation_not_current_supplier_catalog"
"2026-07-19","historical Mobilax-derived catalog snapshot (supplier label scrubbed)","SAMSUNG-2026-05-25","3000000147955","Original Lens Samsung Galaxy M13 M135/Galaxy M33 5G M336/Galaxy M53 5G M536 GH64-08796A","Samsung","Fotocamere","A","Galaxy M13 M135","","","Galaxy M13 M135 | Galaxy M33 5G M336 | Galaxy M53 5G M536","3","0","draft","candidate_needs_technical_confirmation_not_current_supplier_catalog"
"2026-07-19","historical Mobilax-derived catalog snapshot (supplier label scrubbed)","SAMSUNG-2026-05-25","3000000147962","Original Lens Samsung Galaxy M13 M135/Galaxy M33 5G M336/Galaxy M23 5G M236 GH64-08795A","Samsung","Fotocamere","A","Galaxy M13 M135","","","Galaxy M13 M135 | Galaxy M23 5G M236 | Galaxy M33 5G M336","3","0","draft","candidate_needs_technical_confirmation_not_current_supplier_catalog"
"2026-07-19","historical Mobilax-derived catalog snapshot (supplier label scrubbed)","XIAOMI-2026-05-27","3000000148556","Premium Sim Tray Xiaomi Redmi Note 11 Pro 4G/Redmi Note 11 Pro 5G Polar White","Xiaomi","Flat Cable","A","Redmi Note 11 Pro 4G","","","Redmi Note 11 Pro 4G | Redmi Note 11 Pro 5G","2","0","draft","candidate_needs_technical_confirmation_not_current_supplier_catalog"
"2026-07-19","historical Mobilax-derived catalog snapshot (supplier label scrubbed)","XIAOMI-2026-05-27","3000000148679","Premium Ultra Wide Angle Camera Xiaomi 11T 5G/11T Pro 5G 8MP","Xiaomi","Fotocamere","A","11T 5G","","","11T 5G | 11T Pro 5G","2","0","draft","candidate_needs_technical_confirmation_not_current_supplier_catalog"
"2026-07-19","historical Mobilax-derived catalog snapshot (supplier label scrubbed)","SAMSUNG-2026-05-25","3000000149898","Premium Front Camera Samsung Galaxy A03 A035G 5MP","Samsung","Fotocamere","A","Galaxy A03 A035F","","","Galaxy A03 A035F | Galaxy A03 A035G","2","0","draft","candidate_needs_technical_confirmation_not_current_supplier_catalog"
"2026-07-19","historical Mobilax-derived catalog snapshot (supplier label scrubbed)","SAMSUNG-2026-05-27","3000000150436","Premium Dock Connector Samsung Galaxy S20 Plus 5G G986/Galaxy S20 Plus G985","Samsung","Connettori","A","Galaxy S20 Plus 5G G986","","","Galaxy S20 Plus G985 | Galaxy S20 Plus 5G G986","2","0","draft","candidate_needs_technical_confirmation_not_current_supplier_catalog"
"2026-07-19","historical Mobilax-derived catalog snapshot (supplier label scrubbed)","SAMSUNG-2026-05-27","3000000150498","Premium Ultra Wide Angle Camera Samsung Galaxy S20 FE 5G G781/Galaxy S20 FE 4G G780 12MP","Samsung","Fotocamere","A","Galaxy S20 FE 4G G780","","","Galaxy S20 FE 4G G780 | Galaxy S20 FE 5G G781","2","0","draft","candidate_needs_technical_confirmation_not_current_supplier_catalog"
"2026-07-19","historical Mobilax-derived catalog snapshot (supplier label scrubbed)","SAMSUNG-2026-05-25","3000000150665","Original Jack Flex Cable Samsung Galaxy Xcover 5 G525F/Galaxy Xcover 6 Pro G736 GH59-15240A","Samsung","Flat Cable","A","Galaxy XCover 5 G525F","","","Galaxy XCover 5 G525F | Galaxy XCover 6 Pro G736","2","0","draft","candidate_needs_technical_confirmation_not_current_supplier_catalog"
"2026-07-19","historical Mobilax-derived catalog snapshot (supplier label scrubbed)","REALME-2026-05-27","3000000150818","OEM Display Touchscreen Realme Narzo 50i Prime/C30 Black","Realme","Schermi","A","C30","","","C30 | Narzo 50I Prime","2","0","draft","candidate_needs_technical_confirmation_not_current_supplier_catalog"
"2026-07-19","historical Mobilax-derived catalog snapshot (supplier label scrubbed)","OPPO-2026-05-27","3000000151389","Original Display Touchscreen OPPO A72 5G/A73 5G 4904890 4907746 Black","OPPO","Schermi","A","A72 5G","","","A72 5G | A73 5G","2","0","draft","candidate_needs_technical_confirmation_not_current_supplier_catalog"
"2026-07-19","historical Mobilax-derived catalog snapshot (supplier label scrubbed)","OPPO-2026-05-27","3000000151549","Original Back Cover OPPO Find X5 Lite/Reno7 5G 4150031 Black","OPPO","Back Cover","A","Find X5 Lite","","","Find X5 Lite | RENO7 5G","2","0","draft","candidate_needs_technical_confirmation_not_current_supplier_catalog"
"2026-07-19","historical Mobilax-derived catalog snapshot (supplier label scrubbed)","OPPO-2026-05-27","3000000151570","Original Back Cover OPPO Find X5 Lite/Reno7 5G 4150029 Blue","OPPO","Back Cover","A","Find X5 Lite","","","Find X5 Lite | RENO7 5G","2","0","draft","candidate_needs_technical_confirmation_not_current_supplier_catalog"
"2026-07-19","historical Mobilax-derived catalog snapshot (supplier label scrubbed)","SAMSUNG-2026-05-25","3000000152331","Original Battery Samsung Galaxy A13 5G A136/Galaxy M13 5G M136 GH82-27431A EB-BA136ABY","Samsung","Batterie","A","Galaxy A13 5G A136","","","Galaxy A13 5G A136 | Galaxy M13 5G M136","2","0","draft","candidate_needs_technical_confirmation_not_current_supplier_catalog"
"2026-07-19","historical Mobilax-derived catalog snapshot (supplier label scrubbed)","SAMSUNG-2026-05-25","3000000152386","Original Dock Connector Samsung Galaxy A13 5G A136/Galaxy M13 5G M136 GH96-15201A","Samsung","Connettori","A","Galaxy A13 5G A136","","","Galaxy A13 5G A136 | Galaxy M13 5G M136","2","0","draft","candidate_needs_technical_confirmation_not_current_supplier_catalog"
"2026-07-19","historical Mobilax-derived catalog snapshot (supplier label scrubbed)","SAMSUNG-2026-05-27","3000000152591","Original Vibrator Samsung Galaxy S10 G973/Galaxy S10 Plus G975/Galaxy S20 G980/Galaxy S21 5G G991 GH31-00771A","Samsung","Flat Cable","A","Galaxy S10 G973","","","Galaxy S21 5G G991 | Galaxy S10 Plus G975 | Galaxy S20 G980 | Galaxy S10 G973","4","0","draft","candidate_needs_technical_confirmation_not_current_supplier_catalog"
"2026-07-19","historical Mobilax-derived catalog snapshot (supplier label scrubbed)","SAMSUNG-2026-05-25","3000000153376","Original Internal Earpiece Samsung Galaxy Z Flip 4 5G F721/Galaxy Z Flip 5 5G F731/Galaxy Z Flip 6 5G F741/Galaxy Z Flip 7 FE F761 3001-002873","Samsung","Speaker","A","Galaxy Z Flip 4 5G F721","","","Galaxy Z Flip 4 5G F721 | Galaxy Z Flip 5 5G F731 | Galaxy Z Flip 6 5G F741 | Galaxy Z Flip 7 FE F761","4","0","draft","candidate_needs_technical_confirmation_not_current_supplier_catalog"
"2026-07-19","historical Mobilax-derived catalog snapshot (supplier label scrubbed)","SAMSUNG-2026-05-25","3000000153956","Premium Battery Samsung Galaxy A5 2017 A520/Galaxy J5 2017 J530 EB-BA520ABE","Samsung","Batterie","A","Galaxy A5 2017 A520","","","Galaxy A5 2017 A520 | Galaxy J5 2017 J530","2","0","draft","candidate_needs_technical_confirmation_not_current_supplier_catalog"
"2026-07-19","historical Mobilax-derived catalog snapshot (supplier label scrubbed)","REALME-2026-05-27","3000000154120","Premium Battery Realme Narzo 50 4G/Narzo 50 5G/C55 BLP875","Realme","Batterie","A","C55","","","C55 | Narzo 50 4G | Narzo 50 5G","3","0","draft","candidate_needs_technical_confirmation_not_current_supplier_catalog"
"2026-07-19","historical Mobilax-derived catalog snapshot (supplier label scrubbed)","XIAOMI-2026-05-27","3000000156001","Premium Inner Earpiece Xiaomi Redmi 9A/Redmi 10A","Xiaomi","Speaker","A","Redmi 9A","","","Redmi 9A | Redmi 10A","2","0","draft","candidate_needs_technical_confirmation_not_current_supplier_catalog"
"2026-07-19","historical Mobilax-derived catalog snapshot (supplier label scrubbed)","REALME-2026-05-27","3000000156070","Premium Connection Flex Cable Realme C35/Narzo 50A Prime","Realme","Flat Cable","A","C35","","","C35 | Narzo 50A Prime","2","0","draft","candidate_needs_technical_confirmation_not_current_supplier_catalog"
"2026-07-19","historical Mobilax-derived catalog snapshot (supplier label scrubbed)","XIAOMI-2026-05-27","3000000156261","Premium Flash Flex Cable Xiaomi 12 5G/12X","Xiaomi","Flat Cable","A","12 5G","","","12 5G | 12X","2","0","draft","candidate_needs_technical_confirmation_not_current_supplier_catalog"
"2026-07-19","historical Mobilax-derived catalog snapshot (supplier label scrubbed)","XIAOMI-2026-05-27","3000000156469","Premium Battery Xiaomi Poco M4 5G/Poco M5/Redmi 10 5G BN5H","Xiaomi","Batterie","A","Poco M4 5G","","","Poco M5 | Poco M4 5G","2","0","draft","candidate_needs_technical_confirmation_not_current_supplier_catalog"
"2026-07-19","historical Mobilax-derived catalog snapshot (supplier label scrubbed)","MOTOROLA-2026-05-27","3000000157381","Premium Inner Earpiece Motorola Moto G10/Moto G30","Motorola","Speaker","A","Moto G10","","","Moto G10 | Moto G30","2","0","draft","candidate_needs_technical_confirmation_not_current_supplier_catalog"
"2026-07-19","historical Mobilax-derived catalog snapshot (supplier label scrubbed)","SAMSUNG-2026-05-27","3000000157503","Original Lens Samsung Galaxy S20 FE 4G G780/Galaxy S20 FE 5G G781 GH64-08284F Cloud Orange","Samsung","Fotocamere","A","Galaxy S20 FE 4G G780","","","Galaxy S20 FE 4G G780 | Galaxy S20 FE 5G G781","2","0","draft","candidate_needs_technical_confirmation_not_current_supplier_catalog"
"2026-07-19","historical Mobilax-derived catalog snapshot (supplier label scrubbed)","SAMSUNG-2026-05-27","3000000157510","Original Lens Samsung Galaxy S20 Plus G985/Galaxy S20 Plus 5G G986 GH64-07773A","Samsung","Fotocamere","A","Galaxy S20 Plus 5G G986","","","Galaxy S20 Plus G985 | Galaxy S20 Plus 5G G986","2","0","draft","candidate_needs_technical_confirmation_not_current_supplier_catalog"
"2026-07-19","historical Mobilax-derived catalog snapshot (supplier label scrubbed)","SAMSUNG-2026-05-27","3000000157565","Original Camera Samsung Galaxy S20 G980/Galaxy S20 5G G981 GH96-13052A 64MP+12MP","Samsung","Fotocamere","A","Galaxy S20 5G G981","","","Galaxy S20 5G G981 | Galaxy S20 G980","2","0","draft","candidate_needs_technical_confirmation_not_current_supplier_catalog"
"2026-07-19","historical Mobilax-derived catalog snapshot (supplier label scrubbed)","SAMSUNG-2026-05-27","3000000157619","Original SIM Tray Samsung Galaxy S20 Plus 5G G986/Galaxy S20 Plus G985 GH98-45005A Black","Samsung","Flat Cable","A","Galaxy S20 Plus 5G G986","","","Galaxy S20 Plus G985 | Galaxy S20 Plus 5G G986","2","0","draft","candidate_needs_technical_confirmation_not_current_supplier_catalog"
"2026-07-19","historical Mobilax-derived catalog snapshot (supplier label scrubbed)","SAMSUNG-2026-05-27","3000000157626","Original SIM Tray Samsung Galaxy S22 S901/Galaxy S22 Plus S906 GH98-47086F Purple","Samsung","Flat Cable","A","Galaxy S22 Plus S906","","","Galaxy S22 Plus S906 | Galaxy S22 S901","2","0","draft","candidate_needs_technical_confirmation_not_current_supplier_catalog"
"2026-07-19","historical Mobilax-derived catalog snapshot (supplier label scrubbed)","SAMSUNG-2026-05-27","3000000157701","Original Lens Samsung Galaxy S20 FE 4G G780/Galaxy S20 FE 5G G781 GH64-08284E Cloud Red","Samsung","Fotocamere","A","Galaxy S20 FE 4G G780","","","Galaxy S20 FE 4G G780 | Galaxy S20 FE 5G G781","2","0","draft","candidate_needs_technical_confirmation_not_current_supplier_catalog"
"2026-07-19","historical Mobilax-derived catalog snapshot (supplier label scrubbed)","SAMSUNG-2026-05-27","3000000157718","Original Lens Samsung Galaxy S20 FE 4G G780/Galaxy S20 FE 5G G781 GH64-08284C Cloud Lavender","Samsung","Fotocamere","A","Galaxy S20 FE 4G G780","","","Galaxy S20 FE 4G G780 | Galaxy S20 FE 5G G781","2","0","draft","candidate_needs_technical_confirmation_not_current_supplier_catalog"
"2026-07-19","historical Mobilax-derived catalog snapshot (supplier label scrubbed)","SAMSUNG-2026-05-27","3000000157725","Original Lens Samsung Galaxy S20 FE 4G G780/Galaxy S20 FE 5G G781 GH64-08284D Cloud Mint","Samsung","Fotocamere","A","Galaxy S20 FE 4G G780","","","Galaxy S20 FE 4G G780 | Galaxy S20 FE 5G G781","2","0","draft","candidate_needs_technical_confirmation_not_current_supplier_catalog"
"2026-07-19","historical Mobilax-derived catalog snapshot (supplier label scrubbed)","SAMSUNG-2026-05-27","3000000157749","Original Lens Samsung Galaxy S20 FE 4G G780/Galaxy S20 FE 5G G781 GH64-08284A Cloud Navy","Samsung","Fotocamere","A","Galaxy S20 FE 4G G780","","","Galaxy S20 FE 4G G780 | Galaxy S20 FE 5G G781","2","0","draft","candidate_needs_technical_confirmation_not_current_supplier_catalog"
"2026-07-19","historical Mobilax-derived catalog snapshot (supplier label scrubbed)","SAMSUNG-2026-05-27","3000000157756","Premium Vibrator Samsung Galaxy S10e G970/Galaxy S6 Edge Plus G928/Galaxy S20 FE 5G G781/Galaxy S20 FE 4G G780/Galaxy A34 5G A346/Galaxy A35 5G A356","Samsung","Flat Cable","A","Galaxy S6 Edge Plus G928","","","Galaxy S20 FE 4G G780 | Galaxy S20 FE 5G G781 | Galaxy S6 Edge Plus G928 | Galaxy S10E G970","4","0","draft","candidate_needs_technical_confirmation_not_current_supplier_catalog"
"2026-07-19","historical Mobilax-derived catalog snapshot (supplier label scrubbed)","SAMSUNG-2026-05-27","3000000157763","Premium Sim Tray Samsung Galaxy S20 Plus 5G G986/Galaxy S20 Plus G985 Grey","Samsung","Flat Cable","A","Galaxy S20 Plus 5G G986","","","Galaxy S20 Plus G985 | Galaxy S20 Plus 5G G986","2","0","draft","candidate_needs_technical_confirmation_not_current_supplier_catalog"
"2026-07-19","historical Mobilax-derived catalog snapshot (supplier label scrubbed)","SAMSUNG-2026-05-27","3000000157770","Premium Sim Tray Samsung Galaxy S20 Plus 5G G986/Galaxy S20 Plus G985 Blue","Samsung","Flat Cable","A","Galaxy S20 Plus 5G G986","","","Galaxy S20 Plus G985 | Galaxy S20 Plus 5G G986","2","0","draft","candidate_needs_technical_confirmation_not_current_supplier_catalog"
"2026-07-19","historical Mobilax-derived catalog snapshot (supplier label scrubbed)","MOTOROLA-2026-05-27","3000000157855","Premium Ultra Wide Angle Camera Motorola Moto G10/Moto G30 8MP","Motorola","Fotocamere","A","Moto G10","","","Moto G10 | Moto G30","2","0","draft","candidate_needs_technical_confirmation_not_current_supplier_catalog"
"2026-07-19","historical Mobilax-derived catalog snapshot (supplier label scrubbed)","MOTOROLA-2026-05-27","3000000157862","Premium Macro Sensor Motorola Moto G10/Moto G30 2MP","Motorola","Flat Cable","A","Moto G10","","","Moto G10 | Moto G30","2","0","draft","candidate_needs_technical_confirmation_not_current_supplier_catalog"
"2026-07-19","historical Mobilax-derived catalog snapshot (supplier label scrubbed)","MOTOROLA-2026-05-27","3000000157879","Premium Depth Sensor Motorola Moto G10/Moto G30 2MP","Motorola","Flat Cable","A","Moto G10","","","Moto G10 | Moto G30","2","0","draft","candidate_needs_technical_confirmation_not_current_supplier_catalog"
"2026-07-19","historical Mobilax-derived catalog snapshot (supplier label scrubbed)","SAMSUNG-2026-05-25","3000000159217","Original Fingerprint Reader Samsung Galaxy A12 A125/Galaxy A12 Nacho A127 GH96-14087D Blue","Samsung","Flat Cable","A","Galaxy A12 A125","","","Galaxy A12 A125 | Galaxy A12 Nacho A127","2","0","draft","candidate_needs_technical_confirmation_not_current_supplier_catalog"
"2026-07-19","historical Mobilax-derived catalog snapshot (supplier label scrubbed)","SAMSUNG-2026-05-25","3000000159323","Premium Macro Sensor Samsung Galaxy A32 5G A326/Galaxy A32 4G A325/Galaxy M52 5G M526 5MP","Samsung","Flat Cable","A","Galaxy A32 4G A325","","","Galaxy A32 4G A325 | Galaxy A32 5G A326 | Galaxy M52 5G M526","3","0","draft","candidate_needs_technical_confirmation_not_current_supplier_catalog"
"2026-07-19","historical Mobilax-derived catalog snapshot (supplier label scrubbed)","SAMSUNG-2026-05-25","3000000159330","Premium Macro Sensor Samsung Galaxy A52 5G A526/Galaxy A72 4G A725/Galaxy A72 5G A726/Galaxy A52 4G A525/Galaxy A52s 5G A528/Galaxy A33 5G A336/Galaxy A53 5G A536/Galaxy A73 5G A736 5MP","Samsung","Flat Cable","A","Galaxy A33 5G A336","","","Galaxy A33 5G A336 | Galaxy A52 4G A525 | Galaxy A52 5G A526 | Galaxy A53 5G A536 | Galaxy A72 4G A725 | Galaxy A72 5G A726 | Galaxy A73 5G A736","7","0","draft","candidate_needs_technical_confirmation_not_current_supplier_catalog"
"2026-07-19","historical Mobilax-derived catalog snapshot (supplier label scrubbed)","REALME-2026-05-27","3000000159439","Premium Main Camera Realme 9i/C35/Narzo 50A Prime 50MP","Realme","Fotocamere","A","9I","","","9I | C35 | Narzo 50A Prime","3","0","draft","candidate_needs_technical_confirmation_not_current_supplier_catalog"
"2026-07-19","historical Mobilax-derived catalog snapshot (supplier label scrubbed)","2026-05-25","3000000159620","Lens Apple iPhone 14/iPhone 14 Plus Black","Apple","Fotocamere","A","iPhone 14","","","iPhone 14 | iPhone 14 Plus","2","0","draft","candidate_needs_technical_confirmation_not_current_supplier_catalog"
"2026-07-19","historical Mobilax-derived catalog snapshot (supplier label scrubbed)","2026-05-25","3000000159743","SIM Card Tray Apple iPhone 14 Pro/iPhone 14 Pro Max Gold","Apple","Flat Cable","A","iPhone 14 Pro","","","iPhone 14 Pro | iPhone 14 Pro Max","2","0","draft","candidate_needs_technical_confirmation_not_current_supplier_catalog"
"2026-07-19","historical Mobilax-derived catalog snapshot (supplier label scrubbed)","2026-05-25","3000000159774","SIM Card Tray Apple iPhone 14 Pro/iPhone 14 Pro Max Sidereal Black","Apple","Flat Cable","A","iPhone 14 Pro","","","iPhone 14 Pro | iPhone 14 Pro Max","2","0","draft","candidate_needs_technical_confirmation_not_current_supplier_catalog"
"2026-07-19","historical Mobilax-derived catalog snapshot (supplier label scrubbed)","2026-05-25","3000000159781","SIM Card Tray Apple iPhone 14 Pro/iPhone 14 Pro Max Silver","Apple","Flat Cable","A","iPhone 14 Pro","","","iPhone 14 Pro | iPhone 14 Pro Max","2","0","draft","candidate_needs_technical_confirmation_not_current_supplier_catalog"
"2026-07-19","historical Mobilax-derived catalog snapshot (supplier label scrubbed)","SAMSUNG-2026-05-25","3000000160251","Original Front Camera Samsung Galaxy A52 5G A526/Galaxy A72 4G A725/Galaxy A72 5G A726/Galaxy A52 4G A525/Galaxy A52s 5G A528 GH96-14155A 32MP","Samsung","Fotocamere","A","Galaxy A52 4G A525","","","Galaxy A52 4G A525 | Galaxy A52 5G A526 | Galaxy A72 4G A725 | Galaxy A72 5G A726","4","0","draft","candidate_needs_technical_confirmation_not_current_supplier_catalog"
"2026-07-19","historical Mobilax-derived catalog snapshot (supplier label scrubbed)","SAMSUNG-2026-05-25","3000000160268","Original Front Camera Samsung Galaxy A31 A315/Galaxy A32 4G A325 GH96-13448A 20MP","Samsung","Fotocamere","A","Galaxy A31 A315","","","Galaxy A31 A315 | Galaxy A32 4G A325","2","0","draft","candidate_needs_technical_confirmation_not_current_supplier_catalog"
"2026-07-19","historical Mobilax-derived catalog snapshot (supplier label scrubbed)","XIAOMI-2026-05-27","3000000160527","Premium Vibrator Xiaomi Redmi Note 10 4G/Redmi Note 10S/Redmi Note 11 Pro 4G/Redmi Note 11 Pro 5G","Xiaomi","Flat Cable","A","Redmi Note 10 4G","","","Redmi Note 10 4G | Redmi Note 11 Pro 4G | Redmi Note 11 Pro 5G","3","0","draft","candidate_needs_technical_confirmation_not_current_supplier_catalog"
"2026-07-19","historical Mobilax-derived catalog snapshot (supplier label scrubbed)","SAMSUNG-2026-05-25","3000000160916","Original Dock Connector Samsung Galaxy Note 20 5G N981/Galaxy Note 20 N980 GH59-15304A","Samsung","Connettori","A","Galaxy Note 20 5G N981","","","Galaxy Note 20 5G N981 | Galaxy Note 20 N980","2","0","draft","candidate_needs_technical_confirmation_not_current_supplier_catalog"
"2026-07-19","historical Mobilax-derived catalog snapshot (supplier label scrubbed)","SAMSUNG-2026-05-25","3000000161029","Premium Main Camera Samsung Galaxy A23 4G A235/Galaxy A25 5G A256/Galaxy M34 5G M346 50MP","Samsung","Fotocamere","A","Galaxy A23 4G A235","","","Galaxy A23 4G A235 | Galaxy A25 5G A256 | Galaxy M34 5G M346","3","0","draft","candidate_needs_technical_confirmation_not_current_supplier_catalog"
"2026-07-19","historical Mobilax-derived catalog snapshot (supplier label scrubbed)","2026-05-25","3000000162057","SIM Card Tray Apple iPhone 14 Pro/iPhone 14 Pro Max Intense Violet","Apple","Flat Cable","A","iPhone 14 Pro","","","iPhone 14 Pro | iPhone 14 Pro Max","2","0","draft","candidate_needs_technical_confirmation_not_current_supplier_catalog"
"2026-07-19","historical Mobilax-derived catalog snapshot (supplier label scrubbed)","SAMSUNG-2026-05-27","3000000163276","Premium Dock Connector Samsung Galaxy S20 G980/Galaxy S20 5G G981","Samsung","Connettori","A","Galaxy S20 5G G981","","","Galaxy S20 5G G981 | Galaxy S20 G980","2","0","draft","candidate_needs_technical_confirmation_not_current_supplier_catalog"
"2026-07-19","historical Mobilax-derived catalog snapshot (supplier label scrubbed)","SAMSUNG-2026-05-25","3000000163337","Premium Dock Connector Samsung Galaxy A72 4G A725/Galaxy A72 5G A726","Samsung","Connettori","A","Galaxy A72 4G A725","","","Galaxy A72 4G A725 | Galaxy A72 5G A726","2","0","draft","candidate_needs_technical_confirmation_not_current_supplier_catalog"
"2026-07-19","historical Mobilax-derived catalog snapshot (supplier label scrubbed)","REALME-2026-05-27","3000000163658","Premium Front Camera Realme C35/Narzo 50A Prime 8MP","Realme","Fotocamere","A","C35","","","C35 | Narzo 50A Prime","2","0","draft","candidate_needs_technical_confirmation_not_current_supplier_catalog"
"2026-07-19","historical Mobilax-derived catalog snapshot (supplier label scrubbed)","OPPO-2026-05-27","3000000163771","Premium Macro Sensor OPPO Reno7 4G/A80 5G 2MP","OPPO","Flat Cable","A","A80 5G","","","A80 5G | RENO7 4G","2","0","draft","candidate_needs_technical_confirmation_not_current_supplier_catalog"
"2026-07-19","historical Mobilax-derived catalog snapshot (supplier label scrubbed)","OPPO-2026-05-27","3000000163788","Premium Monochrome Sensor OPPO Reno7 4G/Reno8 T (CPH2481) 2MP","OPPO","Flat Cable","A","RENO7 4G","","","RENO7 4G | RENO8 T CPH2481","2","0","draft","candidate_needs_technical_confirmation_not_current_supplier_catalog"
"2026-07-19","historical Mobilax-derived catalog snapshot (supplier label scrubbed)","OPPO-2026-05-27","3000000163801","Premium Bokeh Sensor OPPO A76 4G/A96 4G/A77 5G/Reno8 5G/A57 (CPH2387)/A57s 4G OnePlus Nord N20 SE 2MP","OPPO","Flat Cable","A","A57 CPH2387","","","A57 CPH2387 | A76 4G | A77 5G | A96 4G | RENO8 5G","5","0","draft","candidate_needs_technical_confirmation_not_current_supplier_catalog"
"2026-07-19","historical Mobilax-derived catalog snapshot (supplier label scrubbed)","XIAOMI-2026-05-27","3000000164624","Original Back Cover Xiaomi Poco M3 Pro 5G 550500012N9X Glacier Blue","Xiaomi","Back Cover","A","Poco M3 Pro 5G","","","Poco M3 | Poco M3 Pro 5G","2","0","draft","candidate_needs_technical_confirmation_not_current_supplier_catalog"
"2026-07-19","historical Mobilax-derived catalog snapshot (supplier label scrubbed)","XIAOMI-2026-05-27","3000000164631","Original Back Cover Xiaomi Poco M3 Pro 5G 550500013E9X Black Tarnish","Xiaomi","Back Cover","A","Poco M3 Pro 5G","","","Poco M3 | Poco M3 Pro 5G","2","0","draft","candidate_needs_technical_confirmation_not_current_supplier_catalog"
"2026-07-19","historical Mobilax-derived catalog snapshot (supplier label scrubbed)","XIAOMI-2026-05-27","3000000164853","Original Back Cover Xiaomi Mi 10T 5G/Mi 10T Pro 5G 55050000F64J Aurora Blue","Xiaomi","Back Cover","A","Mi 10T 5G","","","Mi 10T 5G | Mi 10T Pro 5G","2","0","draft","candidate_needs_technical_confirmation_not_current_supplier_catalog"
"2026-07-19","historical Mobilax-derived catalog snapshot (supplier label scrubbed)","XIAOMI-2026-05-27","3000000164877","Original Back Cover Xiaomi Mi 10T 5G/Mi 10T Pro 5G 55050000F54J 55050000I14J 55050000JL4J Lunar Silver","Xiaomi","Back Cover","A","Mi 10T 5G","","","Mi 10T 5G | Mi 10T Pro 5G","2","0","draft","candidate_needs_technical_confirmation_not_current_supplier_catalog"
"2026-07-19","historical Mobilax-derived catalog snapshot (supplier label scrubbed)","REALME-2026-05-27","3000000165256","Premium Macro Sensor Realme GT NEO 2/GT NEO 3T 2MP","Realme","Flat Cable","A","GT Neo 2","","","GT Neo 2 | GT Neo 3T","2","0","draft","candidate_needs_technical_confirmation_not_current_supplier_catalog"
"2026-07-19","historical Mobilax-derived catalog snapshot (supplier label scrubbed)","XIAOMI-2026-05-27","3000000166017","Original Back Cover Xiaomi Mi Note 10/Mi Note 10 Pro 550500003B1L White","Xiaomi","Back Cover","A","Mi Note 10","","","Mi Note 10 | Mi Note 10 Pro","2","0","draft","candidate_needs_technical_confirmation_not_current_supplier_catalog"
"2026-07-19","historical Mobilax-derived catalog snapshot (supplier label scrubbed)","XIAOMI-2026-05-27","3000000166635","On/Off and Volume Button Xiaomi 12 5G/12X Purple","Xiaomi","Flat Cable","A","12 5G","","","12 5G | 12X","2","0","draft","candidate_needs_technical_confirmation_not_current_supplier_catalog"
"2026-07-19","historical Mobilax-derived catalog snapshot (supplier label scrubbed)","XIAOMI-2026-05-27","3000000166765","Premium Antenna Xiaomi Mi 10T 5G/Mi 10T Pro 5G","Xiaomi","Flat Cable","A","Mi 10T 5G","","","Mi 10T 5G | Mi 10T Pro 5G","2","0","draft","candidate_needs_technical_confirmation_not_current_supplier_catalog"
"2026-07-19","historical Mobilax-derived catalog snapshot (supplier label scrubbed)","OPPO-2026-05-27","3000000167106","Premium Connection Flex Cable OnePlus Nord CE 2 5G OPPO Find X5 Lite/Reno7 5G","OPPO","Flat Cable","A","Find X5 Lite","","","Find X5 Lite | RENO7 5G","2","0","draft","candidate_needs_technical_confirmation_not_current_supplier_catalog"
"2026-07-19","historical Mobilax-derived catalog snapshot (supplier label scrubbed)","OPPO-2026-05-27","3000000167236","Premium Loudspeaker OnePlus Nord CE 2 5G OPPO Find X5 Lite/Reno7 5G Realme 9 4G","OPPO","Speaker","A","Find X5 Lite","","","Find X5 Lite | RENO7 5G","2","0","draft","candidate_needs_technical_confirmation_not_current_supplier_catalog"
"2026-07-19","historical Mobilax-derived catalog snapshot (supplier label scrubbed)","SAMSUNG-2026-05-25","3000000167243","Original Connection Flex Cable Samsung Galaxy A32 4G A325/Galaxy A22 4G A225 GH59-15453A","Samsung","Flat Cable","A","Galaxy A22 4G A225","","","Galaxy A22 4G A225 | Galaxy A32 4G A325","2","0","draft","candidate_needs_technical_confirmation_not_current_supplier_catalog"
"2026-07-19","historical Mobilax-derived catalog snapshot (supplier label scrubbed)","OPPO-2026-05-27","3000000167854","Premium LCD Flex Cable OnePlus Nord CE 2 5G OPPO Find X5 Lite/Reno7 5G","OPPO","Schermi","A","Find X5 Lite","","","Find X5 Lite | RENO7 5G","2","0","draft","candidate_needs_technical_confirmation_not_current_supplier_catalog"
"2026-07-19","historical Mobilax-derived catalog snapshot (supplier label scrubbed)","XIAOMI-2026-05-27","3000000167977","Premium Battery Xiaomi 12T/12T Pro BM5J","Xiaomi","Batterie","A","12T","","","12T | 12T Pro","2","0","draft","candidate_needs_technical_confirmation_not_current_supplier_catalog"
"2026-07-19","historical Mobilax-derived catalog snapshot (supplier label scrubbed)","XIAOMI-2026-05-27","3000000168318","Premium Back Cover Xiaomi Redmi A1/Redmi A2 Clear Blue","Xiaomi","Back Cover","A","Redmi A1","","","Redmi A1 | Redmi A2","2","0","draft","candidate_needs_technical_confirmation_not_current_supplier_catalog"
"2026-07-19","historical Mobilax-derived catalog snapshot (supplier label scrubbed)","XIAOMI-2026-05-27","3000000168325","Premium Back Cover Xiaomi Redmi A1/Redmi A2 Black","Xiaomi","Back Cover","A","Redmi A1","","","Redmi A1 | Redmi A2","2","0","draft","candidate_needs_technical_confirmation_not_current_supplier_catalog"
"2026-07-19","historical Mobilax-derived catalog snapshot (supplier label scrubbed)","XIAOMI-2026-05-27","3000000168332","Premium Back Cover Xiaomi Redmi A1/Redmi A2 Lite Green","Xiaomi","Back Cover","A","Redmi A1","","","Redmi A1 | Redmi A2","2","0","draft","candidate_needs_technical_confirmation_not_current_supplier_catalog"
"2026-07-19","historical Mobilax-derived catalog snapshot (supplier label scrubbed)","XIAOMI-2026-05-27","3000000168462","Premium Ultra Wide Angle Camera Xiaomi 12 Lite/13 Lite 8MP","Xiaomi","Fotocamere","A","12 Lite","","","12 Lite | 13 Lite","2","0","draft","candidate_needs_technical_confirmation_not_current_supplier_catalog"
"2026-07-19","historical Mobilax-derived catalog snapshot (supplier label scrubbed)","REALME-2026-05-27","3000000168745","Premium Main Camera Realme GT 2/GT 2 Pro/GT NEO 3 50MP","Realme","Fotocamere","A","GT 2","","","GT 2 | GT 2 Pro | GT Neo 3","3","0","draft","candidate_needs_technical_confirmation_not_current_supplier_catalog"
"2026-07-19","historical Mobilax-derived catalog snapshot (supplier label scrubbed)","HONOR-2026-05-27","3000000168981","Premium Power and Volume Flex Cable Honor X8 5G/X6/70 Lite","Honor","Flat Cable","A","70 Lite","","","70 Lite | X6 | X8 5G","3","0","draft","candidate_needs_technical_confirmation_not_current_supplier_catalog"
"2026-07-19","historical Mobilax-derived catalog snapshot (supplier label scrubbed)","HONOR-2026-05-27","3000000169148","Premium Depth Sensor Honor 70/90 5G 2MP","Honor","Flat Cable","A","70","","","70 | 90 5G","2","0","draft","candidate_needs_technical_confirmation_not_current_supplier_catalog"
"2026-07-19","historical Mobilax-derived catalog snapshot (supplier label scrubbed)","XIAOMI-2026-05-27","3000000169360","Premium Back Cover Xiaomi Mi 10T 5G/Mi 10T Pro 5G Blue","Xiaomi","Back Cover","A","Mi 10T 5G","","","Mi 10T 5G | Mi 10T Pro 5G","2","0","draft","candidate_needs_technical_confirmation_not_current_supplier_catalog"
"2026-07-19","historical Mobilax-derived catalog snapshot (supplier label scrubbed)","SAMSUNG-2026-05-25","3000000169377","Original Dock Connector Samsung Galaxy M31 M315/Galaxy M30S M307/Galaxy M21 M215 GH59-15181A","Samsung","Connettori","A","Galaxy M21 M215","","","Galaxy M21 M215 | Galaxy M31 M315","2","0","draft","candidate_needs_technical_confirmation_not_current_supplier_catalog"
"2026-07-19","historical Mobilax-derived catalog snapshot (supplier label scrubbed)","SAMSUNG-2026-05-25","3000000170281","Original Fingerprint Reader Samsung Galaxy A13 4G A135/Galaxy A13 4G A137 GH96-15035B Blue","Samsung","Flat Cable","A","Galaxy A13 4G A135","","","Galaxy A13 4G A135 | Galaxy A13 4G A137","2","0","draft","candidate_needs_technical_confirmation_not_current_supplier_catalog"
"2026-07-19","historical Mobilax-derived catalog snapshot (supplier label scrubbed)","SAMSUNG-2026-05-25","3000000170328","Original Fingerprint Reader Samsung Galaxy A13 4G A135/Galaxy A13 4G A137 GH96-15035A Black","Samsung","Flat Cable","A","Galaxy A13 4G A135","","","Galaxy A13 4G A135 | Galaxy A13 4G A137","2","0","draft","candidate_needs_technical_confirmation_not_current_supplier_catalog"
"2026-07-19","historical Mobilax-derived catalog snapshot (supplier label scrubbed)","SAMSUNG-2026-05-27","3000000170465","Original SIM Tray Samsung Galaxy S20 FE 5G G781/Galaxy S20 FE 4G G780 GH98-46007C Cloud Lavender","Samsung","Flat Cable","A","Galaxy S20 FE 4G G780","","","Galaxy S20 FE 4G G780 | Galaxy S20 FE 5G G781","2","0","draft","candidate_needs_technical_confirmation_not_current_supplier_catalog"
"2026-07-19","historical Mobilax-derived catalog snapshot (supplier label scrubbed)","SAMSUNG-2026-05-27","3000000170472","Original SIM Tray Samsung Galaxy S20 FE 5G G781/Galaxy S20 FE 4G G780 GH98-46007A Cloud Navy","Samsung","Flat Cable","A","Galaxy S20 FE 4G G780","","","Galaxy S20 FE 4G G780 | Galaxy S20 FE 5G G781","2","0","draft","candidate_needs_technical_confirmation_not_current_supplier_catalog"
"2026-07-19","historical Mobilax-derived catalog snapshot (supplier label scrubbed)","SAMSUNG-2026-05-27","3000000170519","Original NFC Flex Cable Samsung Galaxy S20 Plus 5G G986/Galaxy S20 Plus G985 GH97-24204A","Samsung","Flat Cable","A","Galaxy S20 Plus 5G G986","","","Galaxy S20 Plus G985 | Galaxy S20 Plus 5G G986","2","0","draft","candidate_needs_technical_confirmation_not_current_supplier_catalog"
"2026-07-19","historical Mobilax-derived catalog snapshot (supplier label scrubbed)","REALME-2026-05-27","3000000170724","Original Display Touchscreen Realme 8i/Narzo 50 4G 4908405 Black","Realme","Schermi","A","8I","","","8I | Narzo 50 4G","2","0","draft","candidate_needs_technical_confirmation_not_current_supplier_catalog"
"2026-07-19","historical Mobilax-derived catalog snapshot (supplier label scrubbed)","REALME-2026-05-27","3000000170755","Original Display Touchscreen Realme Narzo 50i Prime/C30 4130279 Black","Realme","Schermi","A","C30","","","C30 | Narzo 50I Prime","2","0","draft","candidate_needs_technical_confirmation_not_current_supplier_catalog"
"2026-07-19","historical Mobilax-derived catalog snapshot (supplier label scrubbed)","REALME-2026-05-27","3000000170779","Original Display Touchscreen Realme C35/Narzo 50A Prime 4130056 Black","Realme","Schermi","A","C35","","","C35 | Narzo 50A Prime","2","0","draft","candidate_needs_technical_confirmation_not_current_supplier_catalog"
"2026-07-19","historical Mobilax-derived catalog snapshot (supplier label scrubbed)","HONOR-2026-05-27","3000000172889","Original Fingerprint Reader Honor X8 5G/70 Lite 2310AABP Midnight Schwarz","Honor","Flat Cable","A","70 Lite","","","70 Lite | X8 5G","2","0","draft","candidate_needs_technical_confirmation_not_current_supplier_catalog"
"2026-07-19","historical Mobilax-derived catalog snapshot (supplier label scrubbed)","XIAOMI-2026-05-27","3000000173268","Premium Sim Tray Xiaomi Redmi A1/Redmi A1+ Lite Green","Xiaomi","Flat Cable","A","Redmi A1","","","Redmi A1 | Redmi A1+","2","0","draft","candidate_needs_technical_confirmation_not_current_supplier_catalog"
"2026-07-19","historical Mobilax-derived catalog snapshot (supplier label scrubbed)","XIAOMI-2026-05-27","3000000173282","Premium Sim Tray Xiaomi Redmi A1/Redmi A1+ Black","Xiaomi","Flat Cable","A","Redmi A1","","","Redmi A1 | Redmi A1+","2","0","draft","candidate_needs_technical_confirmation_not_current_supplier_catalog"
"2026-07-19","historical Mobilax-derived catalog snapshot (supplier label scrubbed)","XIAOMI-2026-05-27","3000000173367","Premium Power and Volume Flex Cable Xiaomi Redmi A1/Redmi A1+/Redmi A2","Xiaomi","Flat Cable","A","Redmi A1","","","Redmi A1 | Redmi A1+ | Redmi A2","3","0","draft","candidate_needs_technical_confirmation_not_current_supplier_catalog"
"2026-07-19","historical Mobilax-derived catalog snapshot (supplier label scrubbed)","REALME-2026-05-27","3000000173466","Original Display Touchscreen Realme 9 Pro 5G/9 5G 4130050 Black","Realme","Schermi","A","9 5G","","","9 5G | 9 Pro 5G","2","0","draft","candidate_needs_technical_confirmation_not_current_supplier_catalog"
"2026-07-19","historical Mobilax-derived catalog snapshot (supplier label scrubbed)","XIAOMI-2026-05-27","3000000173541","Premium Sim Tray Xiaomi Redmi A1/Redmi A1+ Clear Blue","Xiaomi","Flat Cable","A","Redmi A1","","","Redmi A1 | Redmi A1+","2","0","draft","candidate_needs_technical_confirmation_not_current_supplier_catalog"
"2026-07-19","historical Mobilax-derived catalog snapshot (supplier label scrubbed)","XIAOMI-2026-05-27","3000000173633","Premium Sim Tray Xiaomi 12T/12T Pro Blue","Xiaomi","Flat Cable","A","12T","","","12T | 12T Pro","2","0","draft","candidate_needs_technical_confirmation_not_current_supplier_catalog"
"2026-07-19","historical Mobilax-derived catalog snapshot (supplier label scrubbed)","XIAOMI-2026-05-27","3000000173640","Premium Sim Tray Xiaomi 12T/12T Pro Grey","Xiaomi","Flat Cable","A","12T","","","12T | 12T Pro","2","0","draft","candidate_needs_technical_confirmation_not_current_supplier_catalog"
"2026-07-19","historical Mobilax-derived catalog snapshot (supplier label scrubbed)","XIAOMI-2026-05-27","3000000173657","Premium Sim Tray Xiaomi 12T/12T Pro Black","Xiaomi","Flat Cable","A","12T","","","12T | 12T Pro","2","0","draft","candidate_needs_technical_confirmation_not_current_supplier_catalog"
"2026-07-19","historical Mobilax-derived catalog snapshot (supplier label scrubbed)","HONOR-2026-05-27","3000000173732","Premium Sim Tray Honor X8 5G/70 Lite Midnight Schwarz","Honor","Flat Cable","A","70 Lite","","","70 Lite | X8 5G","2","0","draft","candidate_needs_technical_confirmation_not_current_supplier_catalog"
"2026-07-19","historical Mobilax-derived catalog snapshot (supplier label scrubbed)","HONOR-2026-05-27","3000000173749","Premium Sim Tray Honor X8 5G/70 Lite Ocean Blue","Honor","Flat Cable","A","70 Lite","","","70 Lite | X8 5G","2","0","draft","candidate_needs_technical_confirmation_not_current_supplier_catalog"
"2026-07-19","historical Mobilax-derived catalog snapshot (supplier label scrubbed)","REALME-2026-05-27","3000000173794","Premium Power and Volume Flex Cable Realme C25Y/C21-Y","Realme","Flat Cable","A","C21 Y","","","C21 Y | C25Y","2","0","draft","candidate_needs_technical_confirmation_not_current_supplier_catalog"
"2026-07-19","historical Mobilax-derived catalog snapshot (supplier label scrubbed)","SAMSUNG-2026-05-27","3000000174180","Original Camera Samsung Galaxy S20 Plus 5G G986/Galaxy S20 Plus G985 GH96-13051A 64MP+12MP","Samsung","Fotocamere","A","Galaxy S20 Plus 5G G986","","","Galaxy S20 Plus G985 | Galaxy S20 Plus 5G G986","2","0","draft","candidate_needs_technical_confirmation_not_current_supplier_catalog"
"2026-07-19","historical Mobilax-derived catalog snapshot (supplier label scrubbed)","XIAOMI-2026-05-27","3000000174623","Premium Connection Flex Cable Xiaomi 12T/12T Pro","Xiaomi","Flat Cable","A","12T","","","12T | 12T Pro","2","0","draft","candidate_needs_technical_confirmation_not_current_supplier_catalog"
"2026-07-19","historical Mobilax-derived catalog snapshot (supplier label scrubbed)","XIAOMI-2026-05-27","3000000174630","Premium Fingerprint Reader Xiaomi 12T/12T Pro","Xiaomi","Flat Cable","A","12T","","","12T | 12T Pro","2","0","draft","candidate_needs_technical_confirmation_not_current_supplier_catalog"
"2026-07-19","historical Mobilax-derived catalog snapshot (supplier label scrubbed)","XIAOMI-2026-05-27","3000000174647","Premium Loudspeaker Xiaomi 12T/12T Pro","Xiaomi","Speaker","A","12T","","","12T | 12T Pro","2","0","draft","candidate_needs_technical_confirmation_not_current_supplier_catalog"
"2026-07-19","historical Mobilax-derived catalog snapshot (supplier label scrubbed)","XIAOMI-2026-05-27","3000000174654","Premium Power and Volume Flex Cable Xiaomi 12T/12T Pro","Xiaomi","Flat Cable","A","12T","","","12T | 12T Pro","2","0","draft","candidate_needs_technical_confirmation_not_current_supplier_catalog"
"2026-07-19","historical Mobilax-derived catalog snapshot (supplier label scrubbed)","XIAOMI-2026-05-27","3000000174678","Premium Flash Flex Cable Xiaomi 12T/12T Pro","Xiaomi","Flat Cable","A","12T","","","12T | 12T Pro","2","0","draft","candidate_needs_technical_confirmation_not_current_supplier_catalog"
"2026-07-19","historical Mobilax-derived catalog snapshot (supplier label scrubbed)","SAMSUNG-2026-05-25","3000000175064","Premium Inner Earpiece Samsung Galaxy Z Flip 4 5G F721/Galaxy Z Flip 5 5G F731/Galaxy Z Flip 6 5G F741/Galaxy Z Flip 7 FE F761","Samsung","Speaker","A","Galaxy Z Flip 4 5G F721","","","Galaxy Z Flip 4 5G F721 | Galaxy Z Flip 5 5G F731 | Galaxy Z Flip 6 5G F741 | Galaxy Z Flip 7 FE F761","4","0","draft","candidate_needs_technical_confirmation_not_current_supplier_catalog"
"2026-07-19","historical Mobilax-derived catalog snapshot (supplier label scrubbed)","SAMSUNG-2026-05-25","3000000175217","Premium Battery Samsung Galaxy A20 A205/Galaxy A50 A505/Galaxy A30 A305 EB-BA505ABU","Samsung","Batterie","A","Galaxy A20 A205","","","Galaxy A20 A205 | Galaxy A30 A305 | Galaxy A50 A505","3","0","draft","candidate_needs_technical_confirmation_not_current_supplier_catalog"
"2026-07-19","historical Mobilax-derived catalog snapshot (supplier label scrubbed)","SAMSUNG-2026-05-25","3000000175347","Original Fingerprint Reader Samsung Galaxy A13 4G A135/Galaxy A13 4G A137 GH96-15035D White","Samsung","Flat Cable","A","Galaxy A13 4G A135","","","Galaxy A13 4G A135 | Galaxy A13 4G A137","2","0","draft","candidate_needs_technical_confirmation_not_current_supplier_catalog"
"2026-07-19","historical Mobilax-derived catalog snapshot (supplier label scrubbed)","SAMSUNG-2026-05-25","3000000175354","Original Fingerprint Reader Samsung Galaxy A52 5G A526/Galaxy A72 4G A725/Galaxy A72 5G A726/Galaxy A52 4G A525/Galaxy A32 4G A325/Galaxy A52s 5G A528 GH96-14110A","Samsung","Flat Cable","A","Galaxy A32 4G A325","","","Galaxy A32 4G A325 | Galaxy A52 4G A525 | Galaxy A52 5G A526 | Galaxy A72 4G A725 | Galaxy A72 5G A726","5","0","draft","candidate_needs_technical_confirmation_not_current_supplier_catalog"
"2026-07-19","historical Mobilax-derived catalog snapshot (supplier label scrubbed)","SAMSUNG-2026-05-27","3000000175408","Original Front Camera Samsung Galaxy S20 FE 5G G781/Galaxy S20 FE 4G G780 GH96-13859A 32MP","Samsung","Fotocamere","A","Galaxy S20 FE 4G G780","","","Galaxy S20 FE 4G G780 | Galaxy S20 FE 5G G781","2","0","draft","candidate_needs_technical_confirmation_not_current_supplier_catalog"
"2026-07-19","historical Mobilax-derived catalog snapshot (supplier label scrubbed)","SAMSUNG-2026-05-25","3000000175422","Premium Fingerprint Reader Samsung Galaxy A12 A125/Galaxy A12 Nacho A127 Black","Samsung","Flat Cable","A","Galaxy A12 A125","","","Galaxy A12 A125 | Galaxy A12 Nacho A127","2","0","draft","candidate_needs_technical_confirmation_not_current_supplier_catalog"
"2026-07-19","historical Mobilax-derived catalog snapshot (supplier label scrubbed)","SAMSUNG-2026-05-25","3000000175439","Premium Fingerprint Reader Samsung Galaxy A12 A125/Galaxy A12 Nacho A127 White","Samsung","Flat Cable","A","Galaxy A12 A125","","","Galaxy A12 A125 | Galaxy A12 Nacho A127","2","0","draft","candidate_needs_technical_confirmation_not_current_supplier_catalog"
"2026-07-19","historical Mobilax-derived catalog snapshot (supplier label scrubbed)","SAMSUNG-2026-05-25","3000000175552","Original Fingerprint Reader Samsung Galaxy A51 5G A516/Galaxy A31 A315 GH96-13392A","Samsung","Flat Cable","A","Galaxy A31 A315","","","Galaxy A31 A315 | Galaxy A51 5G A516","2","0","draft","candidate_needs_technical_confirmation_not_current_supplier_catalog"
"2026-07-19","historical Mobilax-derived catalog snapshot (supplier label scrubbed)","SAMSUNG-2026-05-27","3000000175576","Original Fingerprint Reader Samsung Galaxy S20 FE 5G G781/Galaxy S20 FE 4G G780 GH96-13850A","Samsung","Flat Cable","A","Galaxy S20 FE 4G G780","","","Galaxy S20 FE 4G G780 | Galaxy S20 FE 5G G781","2","0","draft","candidate_needs_technical_confirmation_not_current_supplier_catalog"
"2026-07-19","historical Mobilax-derived catalog snapshot (supplier label scrubbed)","SAMSUNG-2026-05-25","3000000175583","Original Fingerprint Reader Samsung Galaxy A51 A515/Galaxy A71 A715 GH96-13108A","Samsung","Flat Cable","A","Galaxy A51 A515","","","Galaxy A51 A515 | Galaxy A71 A715","2","0","draft","candidate_needs_technical_confirmation_not_current_supplier_catalog"
"2026-07-19","historical Mobilax-derived catalog snapshot (supplier label scrubbed)","OPPO-2026-05-27","3000000175880","Premium Fingerprint Reader OnePlus Nord CE 2 5G OPPO Find X5 Lite/Reno7 5G/Reno8 T (CPH2481)","OPPO","Flat Cable","A","Find X5 Lite","","","Find X5 Lite | RENO7 5G | RENO8 T CPH2481","3","0","draft","candidate_needs_technical_confirmation_not_current_supplier_catalog"
"2026-07-19","historical Mobilax-derived catalog snapshot (supplier label scrubbed)","OPPO-2026-05-27","3000000175903","Premium Proximity Flex Cable OnePlus Nord CE 2 5G OPPO Find X5 Lite/Reno7 5G","OPPO","Flat Cable","A","Find X5 Lite","","","Find X5 Lite | RENO7 5G","2","0","draft","candidate_needs_technical_confirmation_not_current_supplier_catalog"
"2026-07-19","historical Mobilax-derived catalog snapshot (supplier label scrubbed)","REALME-2026-05-27","3000000176368","Premium LCD Flex Cable Realme GT NEO 2/GT 2/GT NEO 3T","Realme","Schermi","A","GT 2","","","GT 2 | GT Neo 2 | GT Neo 3T","3","0","draft","candidate_needs_technical_confirmation_not_current_supplier_catalog"
"2026-07-19","historical Mobilax-derived catalog snapshot (supplier label scrubbed)","REALME-2026-05-27","3000000176436","Premium Loudspeaker Realme 9 Pro 5G/9 5G","Realme","Speaker","A","9 5G","","","9 5G | 9 Pro 5G","2","0","draft","candidate_needs_technical_confirmation_not_current_supplier_catalog"
"2026-07-19","historical Mobilax-derived catalog snapshot (supplier label scrubbed)","REALME-2026-05-27","3000000176627","Original Dock Connector Realme 9 Pro 5G/9 5G 4090049","Realme","Connettori","A","9 5G","","","9 5G | 9 Pro 5G","2","0","draft","candidate_needs_technical_confirmation_not_current_supplier_catalog"
"2026-07-19","historical Mobilax-derived catalog snapshot (supplier label scrubbed)","REALME-2026-05-27","3000000176771","Original Dock Connector Realme Narzo 50i Prime/C30 4977004","Realme","Connettori","A","C30","","","C30 | Narzo 50I Prime","2","0","draft","candidate_needs_technical_confirmation_not_current_supplier_catalog"
"2026-07-19","historical Mobilax-derived catalog snapshot (supplier label scrubbed)","REALME-2026-05-27","3000000176788","Original Dock Connector Realme X50 Pro 5G/6 Pro/6/5i 4903667","Realme","Connettori","A","5I","","","5I | 6 | 6 Pro | X50 Pro 5G","4","0","draft","candidate_needs_technical_confirmation_not_current_supplier_catalog"
"2026-07-19","historical Mobilax-derived catalog snapshot (supplier label scrubbed)","REALME-2026-05-27","3000000176832","Premium Inner Earpiece Realme 8 Pro 4G/8/9 4G","Realme","Speaker","A","8","","","8 | 8 Pro 4G | 9 4G","3","0","draft","candidate_needs_technical_confirmation_not_current_supplier_catalog"
"2026-07-19","historical Mobilax-derived catalog snapshot (supplier label scrubbed)","REALME-2026-05-27","3000000176924","Premium Connection Flex Cable Realme 8 Pro 4G/8","Realme","Flat Cable","A","8","","","8 | 8 Pro 4G","2","0","draft","candidate_needs_technical_confirmation_not_current_supplier_catalog"
"2026-07-19","historical Mobilax-derived catalog snapshot (supplier label scrubbed)","REALME-2026-05-27","3000000177167","Premium Fingerprint Reader Realme C25Y/C21-Y Black","Realme","Flat Cable","A","C21 Y","","","C21 Y | C25Y","2","0","draft","candidate_needs_technical_confirmation_not_current_supplier_catalog"
"2026-07-19","historical Mobilax-derived catalog snapshot (supplier label scrubbed)","HONOR-2026-05-27","3000000177174","Premium Dock Connector Honor Magic 4 Lite 5G/Magic 4 Lite 4G","Honor","Connettori","A","Magic 4 Lite 4G","","","Magic 4 Lite 4G | Magic 4 Lite 5G","2","0","draft","candidate_needs_technical_confirmation_not_current_supplier_catalog"
"2026-07-19","historical Mobilax-derived catalog snapshot (supplier label scrubbed)","REALME-2026-05-27","3000000177846","Premium Power Flex Cable Realme 9 Pro 5G/9 5G","Realme","Flat Cable","A","9 5G","","","9 5G | 9 Pro 5G","2","0","draft","candidate_needs_technical_confirmation_not_current_supplier_catalog"
"2026-07-19","historical Mobilax-derived catalog snapshot (supplier label scrubbed)","REALME-2026-05-27","3000000178126","Premium Volume Flex Cable Realme 9 Pro 5G/9 5G","Realme","Flat Cable","A","9 5G","","","9 5G | 9 Pro 5G","2","0","draft","candidate_needs_technical_confirmation_not_current_supplier_catalog"
"2026-07-19","historical Mobilax-derived catalog snapshot (supplier label scrubbed)","REALME-2026-05-27","3000000178171","Premium Macro Sensor Realme 8i/Narzo 50 4G 2MP","Realme","Flat Cable","A","8I","","","8I | Narzo 50 4G","2","0","draft","candidate_needs_technical_confirmation_not_current_supplier_catalog"
"2026-07-19","historical Mobilax-derived catalog snapshot (supplier label scrubbed)","XIAOMI-2026-05-27","3000000178225","Premium Macro Sensor Xiaomi 12 5G/12X 5MP","Xiaomi","Flat Cable","A","12 5G","","","12 5G | 12X","2","0","draft","candidate_needs_technical_confirmation_not_current_supplier_catalog"
"2026-07-19","historical Mobilax-derived catalog snapshot (supplier label scrubbed)","REALME-2026-05-27","3000000178591","Premium Power Flex Cable Realme GT NEO 2/GT 2/GT NEO 3T","Realme","Flat Cable","A","GT 2","","","GT 2 | GT Neo 2 | GT Neo 3T","3","0","draft","candidate_needs_technical_confirmation_not_current_supplier_catalog"
"2026-07-19","historical Mobilax-derived catalog snapshot (supplier label scrubbed)","REALME-2026-05-27","3000000178607","Premium Volume Flex Cable Realme GT NEO 2/GT 2/GT NEO 3T","Realme","Flat Cable","A","GT 2","","","GT 2 | GT Neo 2 | GT Neo 3T","3","0","draft","candidate_needs_technical_confirmation_not_current_supplier_catalog"
"2026-07-19","historical Mobilax-derived catalog snapshot (supplier label scrubbed)","HONOR-2026-05-27","3000000178911","Original Power and Volume Flex Cable Honor X8 5G/70 Lite 9707AAAD","Honor","Flat Cable","A","70 Lite","","","70 Lite | X8 5G","2","0","draft","candidate_needs_technical_confirmation_not_current_supplier_catalog"
"2026-07-19","historical Mobilax-derived catalog snapshot (supplier label scrubbed)","2026-05-25","3000000179147","On/Off and Volume Button Apple iPhone 14 Pro/iPhone 14 Pro Max Gold","Apple","Flat Cable","A","iPhone 14 Pro","","","iPhone 14 Pro | iPhone 14 Pro Max","2","0","draft","candidate_needs_technical_confirmation_not_current_supplier_catalog"
"2026-07-19","historical Mobilax-derived catalog snapshot (supplier label scrubbed)","2026-05-25","3000000179154","On/Off and Volume Button Apple iPhone 14 Pro/iPhone 14 Pro Max Intense Violet","Apple","Flat Cable","A","iPhone 14 Pro","","","iPhone 14 Pro | iPhone 14 Pro Max","2","0","draft","candidate_needs_technical_confirmation_not_current_supplier_catalog"
"2026-07-19","historical Mobilax-derived catalog snapshot (supplier label scrubbed)","2026-05-25","3000000179161","On/Off and Volume Button Apple iPhone 14 Pro/iPhone 14 Pro Max Black","Apple","Flat Cable","A","iPhone 14 Pro","","","iPhone 14 Pro | iPhone 14 Pro Max","2","0","draft","candidate_needs_technical_confirmation_not_current_supplier_catalog"
"2026-07-19","historical Mobilax-derived catalog snapshot (supplier label scrubbed)","2026-05-25","3000000179178","On/Off and Volume Button Apple iPhone 14 Pro/iPhone 14 Pro Max Silver","Apple","Flat Cable","A","iPhone 14 Pro","","","iPhone 14 Pro | iPhone 14 Pro Max","2","0","draft","candidate_needs_technical_confirmation_not_current_supplier_catalog"
"2026-07-19","historical Mobilax-derived catalog snapshot (supplier label scrubbed)","OPPO-2026-05-27","3000000179222","Premium Sim Tray OPPO Find X5 Lite/Reno7 5G Starry Black","OPPO","Flat Cable","A","Find X5 Lite","","","Find X5 Lite | RENO7 5G","2","0","draft","candidate_needs_technical_confirmation_not_current_supplier_catalog"
"2026-07-19","historical Mobilax-derived catalog snapshot (supplier label scrubbed)","OPPO-2026-05-27","3000000179239","Premium Sim Tray OPPO Find X5 Lite/Reno7 5G Startrails Blue","OPPO","Flat Cable","A","Find X5 Lite","","","Find X5 Lite | RENO7 5G","2","0","draft","candidate_needs_technical_confirmation_not_current_supplier_catalog"
"2026-07-19","historical Mobilax-derived catalog snapshot (supplier label scrubbed)","OPPO-2026-05-27","3000000179802","Premium Fingerprint Reader OPPO Reno8 Lite 5G/Reno8 5G","OPPO","Flat Cable","A","RENO8 5G","","","RENO8 5G | RENO8 Lite 5G","2","0","draft","candidate_needs_technical_confirmation_not_current_supplier_catalog"
"2026-07-19","historical Mobilax-derived catalog snapshot (supplier label scrubbed)","OPPO-2026-05-27","3000000179918","Premium Monochrome Sensor OPPO A16 4G/A54s/A16s/A54 4G 2MP","OPPO","Flat Cable","A","A16 4G","","","A16 4G | A54 4G","2","0","draft","candidate_needs_technical_confirmation_not_current_supplier_catalog"
"2026-07-19","historical Mobilax-derived catalog snapshot (supplier label scrubbed)","REALME-2026-05-27","3000000179949","Premium Loudspeaker Realme GT NEO 2/GT 2/GT NEO 3T","Realme","Speaker","A","GT 2","","","GT 2 | GT Neo 2 | GT Neo 3T","3","0","draft","candidate_needs_technical_confirmation_not_current_supplier_catalog"
"2026-07-19","historical Mobilax-derived catalog snapshot (supplier label scrubbed)","OPPO-2026-05-27","3000000180143","Premium Flash Flex Cable OnePlus Nord CE 2 5G OPPO Find X5 Lite/Reno7 5G","OPPO","Flat Cable","A","Find X5 Lite","","","Find X5 Lite | RENO7 5G","2","0","draft","candidate_needs_technical_confirmation_not_current_supplier_catalog"
"2026-07-19","historical Mobilax-derived catalog snapshot (supplier label scrubbed)","XIAOMI-2026-05-27","3000000180358","Premium Front Camera Xiaomi Mi 10T 5G/Mi 10T Pro 5G 20MP","Xiaomi","Fotocamere","A","Mi 10T 5G","","","Mi 10T 5G | Mi 10T Pro 5G","2","0","draft","candidate_needs_technical_confirmation_not_current_supplier_catalog"
"2026-07-19","historical Mobilax-derived catalog snapshot (supplier label scrubbed)","SAMSUNG-2026-05-25","3000000180679","Original Lens Samsung Galaxy A51 5G A516/Galaxy A51 A515 GH64-07802A","Samsung","Fotocamere","A","Galaxy A51 5G A516","","","Galaxy A51 5G A516 | Galaxy A51 A515","2","0","draft","candidate_needs_technical_confirmation_not_current_supplier_catalog"
"2026-07-19","historical Mobilax-derived catalog snapshot (supplier label scrubbed)","XIAOMI-2026-05-27","3000000180914","Original Dock Connector Xiaomi Redmi 9A/Redmi 10A 560002C3L200 5600090C3L00","Xiaomi","Connettori","A","Redmi 9A","","","Redmi 9A | Redmi 10A","2","0","draft","candidate_needs_technical_confirmation_not_current_supplier_catalog"
"2026-07-19","historical Mobilax-derived catalog snapshot (supplier label scrubbed)","XIAOMI-2026-05-27","3000000181362","Premium Front Camera Xiaomi 12T/12T Pro 20MP","Xiaomi","Fotocamere","A","12T","","","12T | 12T Pro","2","0","draft","candidate_needs_technical_confirmation_not_current_supplier_catalog"
"2026-07-19","historical Mobilax-derived catalog snapshot (supplier label scrubbed)","XIAOMI-2026-05-27","3000000181409","Premium Front Camera Xiaomi Redmi A1/Redmi A1+ 5MP","Xiaomi","Fotocamere","A","Redmi A1","","","Redmi A1 | Redmi A1+","2","0","draft","candidate_needs_technical_confirmation_not_current_supplier_catalog"
"2026-07-19","historical Mobilax-derived catalog snapshot (supplier label scrubbed)","XIAOMI-2026-05-27","3000000181416","Original Dock Connector Xiaomi Redmi A1/Redmi A1+ 5600020C3S00","Xiaomi","Connettori","A","Redmi A1","","","Redmi A1 | Redmi A1+","2","0","draft","candidate_needs_technical_confirmation_not_current_supplier_catalog"
"2026-07-19","historical Mobilax-derived catalog snapshot (supplier label scrubbed)","XIAOMI-2026-05-27","3000000181454","Original Display Touchscreen Xiaomi Redmi A1/Redmi A1+ 5600010C3S00 Black","Xiaomi","Schermi","A","Redmi A1","","","Redmi A1 | Redmi A1+","2","0","draft","candidate_needs_technical_confirmation_not_current_supplier_catalog"
"2026-07-19","historical Mobilax-derived catalog snapshot (supplier label scrubbed)","OPPO-2026-05-27","3000000181713","Original Display Touchscreen OPPO Find X5 Lite/Reno7 5G 4130040 Black","OPPO","Schermi","A","Find X5 Lite","","","Find X5 Lite | RENO7 5G","2","0","draft","candidate_needs_technical_confirmation_not_current_supplier_catalog"
"2026-07-19","historical Mobilax-derived catalog snapshot (supplier label scrubbed)","SAMSUNG-2026-05-27","3000000181867","Original Front Camera Samsung Galaxy S23 5G S911/Galaxy S23 Plus 5G S916 GH96-15541A 12MP","Samsung","Fotocamere","A","Galaxy S23 5G S911","","","Galaxy S23 5G S911 | Galaxy S23 Plus 5G S916","2","0","draft","candidate_needs_technical_confirmation_not_current_supplier_catalog"
"2026-07-19","historical Mobilax-derived catalog snapshot (supplier label scrubbed)","SAMSUNG-2026-05-27","3000000181874","Original Telephoto Lens Samsung Galaxy S23 5G S911/Galaxy S23 Plus 5G S916/Galaxy S24 5G S921/Galaxy S24 Plus 5G S926/Galaxy S25 S931 GH96-15540A 10MP","Samsung","Fotocamere","A","Galaxy S23 5G S911","","","Galaxy S25 S931 | Galaxy S24 Plus 5G S926 | Galaxy S23 5G S911 | Galaxy S23 Plus 5G S916 | Galaxy S24 5G S921","5","0","draft","candidate_needs_technical_confirmation_not_current_supplier_catalog"
"2026-07-19","historical Mobilax-derived catalog snapshot (supplier label scrubbed)","SAMSUNG-2026-05-27","3000000181881","Original Main Camera Samsung Galaxy S23 5G S911/Galaxy S23 Plus 5G S916/Galaxy S24 5G S921/Galaxy S25 S931 GH96-15557A 50MP","Samsung","Fotocamere","A","Galaxy S23 5G S911","","","Galaxy S25 S931 | Galaxy S23 5G S911 | Galaxy S23 Plus 5G S916 | Galaxy S24 5G S921","4","0","draft","candidate_needs_technical_confirmation_not_current_supplier_catalog"
"2026-07-19","historical Mobilax-derived catalog snapshot (supplier label scrubbed)","SAMSUNG-2026-05-27","3000000181898","Original Ultra Wide Angle Camera Samsung Galaxy S23 5G S911/Galaxy S23 Plus 5G S916 GH96-15556A 12MP","Samsung","Fotocamere","A","Galaxy S23 5G S911","","","Galaxy S23 5G S911 | Galaxy S23 Plus 5G S916","2","0","draft","candidate_needs_technical_confirmation_not_current_supplier_catalog"
"2026-07-19","historical Mobilax-derived catalog snapshot (supplier label scrubbed)","OPPO-2026-05-27","3000000181980","Original Display Touchscreen OPPO A74 5G/A54 5G 4906219 Black","OPPO","Schermi","A","A54 5G","","","A54 5G | A74 5G","2","0","draft","candidate_needs_technical_confirmation_not_current_supplier_catalog"
"2026-07-19","historical Mobilax-derived catalog snapshot (supplier label scrubbed)","SAMSUNG-2026-05-27","3000000183175","Original Ultra Wide Angle Camera Samsung Galaxy S23 Ultra 5G S918/Galaxy S24 Ultra 5G S928 GH96-15527A 12MP","Samsung","Fotocamere","A","Galaxy S23 Ultra 5G S918","","","Galaxy S24 Ultra 5G S928 | Galaxy S23 Ultra 5G S918","2","0","draft","candidate_needs_technical_confirmation_not_current_supplier_catalog"
"2026-07-19","historical Mobilax-derived catalog snapshot (supplier label scrubbed)","HONOR-2026-05-27","3000000183281","Original Battery Honor 20/View 10/8X/Play Huawei Nova 5T/P10 Plus/Mate 20 Lite 24022209 HB386589ECW","Honor","Batterie","A","8X","","","8X | 20 | Play | View 10","4","0","draft","candidate_needs_technical_confirmation_not_current_supplier_catalog"
"2026-07-19","historical Mobilax-derived catalog snapshot (supplier label scrubbed)","SAMSUNG-2026-05-27","3000000183298","Original SIM Tray Samsung Galaxy S23 5G S911/Galaxy S23 Plus 5G S916 GH98-47996D Lavender","Samsung","Flat Cable","A","Galaxy S23 5G S911","","","Galaxy S23 5G S911 | Galaxy S23 Plus 5G S916","2","0","draft","candidate_needs_technical_confirmation_not_current_supplier_catalog"
"2026-07-19","historical Mobilax-derived catalog snapshot (supplier label scrubbed)","SAMSUNG-2026-05-27","3000000183304","Original SIM Tray Samsung Galaxy S23 5G S911/Galaxy S23 Plus 5G S916 GH98-47996E Graphite","Samsung","Flat Cable","A","Galaxy S23 5G S911","","","Galaxy S23 5G S911 | Galaxy S23 Plus 5G S916","2","0","draft","candidate_needs_technical_confirmation_not_current_supplier_catalog"
"2026-07-19","historical Mobilax-derived catalog snapshot (supplier label scrubbed)","SAMSUNG-2026-05-27","3000000183311","Original SIM Tray Samsung Galaxy S23 5G S911/Galaxy S23 Plus 5G S916 GH98-47996F Lime","Samsung","Flat Cable","A","Galaxy S23 5G S911","","","Galaxy S23 5G S911 | Galaxy S23 Plus 5G S916","2","0","draft","candidate_needs_technical_confirmation_not_current_supplier_catalog"
"2026-07-19","historical Mobilax-derived catalog snapshot (supplier label scrubbed)","SAMSUNG-2026-05-27","3000000183328","Original SIM Tray Samsung Galaxy S23 5G S911/Galaxy S23 Plus 5G S916 GH98-47996B Cream","Samsung","Flat Cable","A","Galaxy S23 5G S911","","","Galaxy S23 5G S911 | Galaxy S23 Plus 5G S916","2","0","draft","candidate_needs_technical_confirmation_not_current_supplier_catalog"
"2026-07-19","historical Mobilax-derived catalog snapshot (supplier label scrubbed)","SAMSUNG-2026-05-27","3000000183335","Original SIM Tray Samsung Galaxy S23 5G S911/Galaxy S23 Plus 5G S916 GH98-47996C Green","Samsung","Flat Cable","A","Galaxy S23 5G S911","","","Galaxy S23 5G S911 | Galaxy S23 Plus 5G S916","2","0","draft","candidate_needs_technical_confirmation_not_current_supplier_catalog"
"2026-07-19","historical Mobilax-derived catalog snapshot (supplier label scrubbed)","SAMSUNG-2026-05-27","3000000183342","Original SIM Tray Samsung Galaxy S23 5G S911/Galaxy S23 Plus 5G S916 GH98-47996A Black","Samsung","Flat Cable","A","Galaxy S23 5G S911","","","Galaxy S23 5G S911 | Galaxy S23 Plus 5G S916","2","0","draft","candidate_needs_technical_confirmation_not_current_supplier_catalog"
"2026-07-19","historical Mobilax-derived catalog snapshot (supplier label scrubbed)","SAMSUNG-2026-05-27","3000000183496","Original Volume Button Samsung Galaxy S23 5G S911/Galaxy S23 Plus 5G S916 GH98-47979A Black","Samsung","Flat Cable","A","Galaxy S23 5G S911","","","Galaxy S23 5G S911 | Galaxy S23 Plus 5G S916","2","0","draft","candidate_needs_technical_confirmation_not_current_supplier_catalog"
"2026-07-19","historical Mobilax-derived catalog snapshot (supplier label scrubbed)","SAMSUNG-2026-05-27","3000000183502","Original Volume Button Samsung Galaxy S23 5G S911/Galaxy S23 Plus 5G S916 GH98-47979C Green","Samsung","Flat Cable","A","Galaxy S23 5G S911","","","Galaxy S23 5G S911 | Galaxy S23 Plus 5G S916","2","0","draft","candidate_needs_technical_confirmation_not_current_supplier_catalog"
"2026-07-19","historical Mobilax-derived catalog snapshot (supplier label scrubbed)","SAMSUNG-2026-05-27","3000000183519","Original Volume Button Samsung Galaxy S23 5G S911/Galaxy S23 Plus 5G S916 GH98-47979B Cream","Samsung","Flat Cable","A","Galaxy S23 5G S911","","","Galaxy S23 5G S911 | Galaxy S23 Plus 5G S916","2","0","draft","candidate_needs_technical_confirmation_not_current_supplier_catalog"
"2026-07-19","historical Mobilax-derived catalog snapshot (supplier label scrubbed)","SAMSUNG-2026-05-27","3000000183526","Original Volume Button Samsung Galaxy S23 5G S911/Galaxy S23 Plus 5G S916 GH98-47979F Lime","Samsung","Flat Cable","A","Galaxy S23 5G S911","","","Galaxy S23 5G S911 | Galaxy S23 Plus 5G S916","2","0","draft","candidate_needs_technical_confirmation_not_current_supplier_catalog"
"2026-07-19","historical Mobilax-derived catalog snapshot (supplier label scrubbed)","SAMSUNG-2026-05-27","3000000183533","Original Volume Button Samsung Galaxy S23 5G S911/Galaxy S23 Plus 5G S916 GH98-47979E Graphite","Samsung","Flat Cable","A","Galaxy S23 5G S911","","","Galaxy S23 5G S911 | Galaxy S23 Plus 5G S916","2","0","draft","candidate_needs_technical_confirmation_not_current_supplier_catalog"
"2026-07-19","historical Mobilax-derived catalog snapshot (supplier label scrubbed)","SAMSUNG-2026-05-27","3000000183540","Original Volume Button Samsung Galaxy S23 5G S911/Galaxy S23 Plus 5G S916 GH98-47979D Lavender","Samsung","Flat Cable","A","Galaxy S23 5G S911","","","Galaxy S23 5G S911 | Galaxy S23 Plus 5G S916","2","0","draft","candidate_needs_technical_confirmation_not_current_supplier_catalog"
"2026-07-19","historical Mobilax-derived catalog snapshot (supplier label scrubbed)","SAMSUNG-2026-05-27","3000000183557","Original On/Off Button Samsung Galaxy S23 5G S911/Galaxy S23 Plus 5G S916 GH98-47980D Lavender","Samsung","Flat Cable","A","Galaxy S23 5G S911","","","Galaxy S23 5G S911 | Galaxy S23 Plus 5G S916","2","0","draft","candidate_needs_technical_confirmation_not_current_supplier_catalog"
"2026-07-19","historical Mobilax-derived catalog snapshot (supplier label scrubbed)","SAMSUNG-2026-05-27","3000000183564","Original On/Off Button Samsung Galaxy S23 5G S911/Galaxy S23 Plus 5G S916 GH98-47980E Graphite","Samsung","Flat Cable","A","Galaxy S23 5G S911","","","Galaxy S23 5G S911 | Galaxy S23 Plus 5G S916","2","0","draft","candidate_needs_technical_confirmation_not_current_supplier_catalog"
"2026-07-19","historical Mobilax-derived catalog snapshot (supplier label scrubbed)","SAMSUNG-2026-05-27","3000000183571","Original On/Off Button Samsung Galaxy S23 5G S911/Galaxy S23 Plus 5G S916 GH98-47980F Lime","Samsung","Flat Cable","A","Galaxy S23 5G S911","","","Galaxy S23 5G S911 | Galaxy S23 Plus 5G S916","2","0","draft","candidate_needs_technical_confirmation_not_current_supplier_catalog"
"2026-07-19","historical Mobilax-derived catalog snapshot (supplier label scrubbed)","SAMSUNG-2026-05-27","3000000183588","Original On/Off Button Samsung Galaxy S23 5G S911/Galaxy S23 Plus 5G S916 GH98-47980B Cream","Samsung","Flat Cable","A","Galaxy S23 5G S911","","","Galaxy S23 5G S911 | Galaxy S23 Plus 5G S916","2","0","draft","candidate_needs_technical_confirmation_not_current_supplier_catalog"
"2026-07-19","historical Mobilax-derived catalog snapshot (supplier label scrubbed)","SAMSUNG-2026-05-27","3000000183595","Original On/Off Button Samsung Galaxy S23 5G S911/Galaxy S23 Plus 5G S916 GH98-47980C Green","Samsung","Flat Cable","A","Galaxy S23 5G S911","","","Galaxy S23 5G S911 | Galaxy S23 Plus 5G S916","2","0","draft","candidate_needs_technical_confirmation_not_current_supplier_catalog"
"2026-07-19","historical Mobilax-derived catalog snapshot (supplier label scrubbed)","SAMSUNG-2026-05-27","3000000183601","Original On/Off Button Samsung Galaxy S23 5G S911/Galaxy S23 Plus 5G S916 GH98-47980A Black","Samsung","Flat Cable","A","Galaxy S23 5G S911","","","Galaxy S23 5G S911 | Galaxy S23 Plus 5G S916","2","0","draft","candidate_needs_technical_confirmation_not_current_supplier_catalog"
"2026-07-19","historical Mobilax-derived catalog snapshot (supplier label scrubbed)","XIAOMI-2026-05-27","3000000183670","Premium Flex Cable Antenna Xiaomi 12 5G/12X","Xiaomi","Flat Cable","A","12 5G","","","12 5G | 12X","2","0","draft","candidate_needs_technical_confirmation_not_current_supplier_catalog"
"2026-07-19","historical Mobilax-derived catalog snapshot (supplier label scrubbed)","2026-05-25","3000000185278","Battery without BMS Apple iPhone 12/iPhone 12 Pro","Apple","Batterie","A","iPhone 12","","","iPhone 12 | iPhone 12 Pro","2","0","draft","candidate_needs_technical_confirmation_not_current_supplier_catalog"
"2026-07-19","historical Mobilax-derived catalog snapshot (supplier label scrubbed)","XIAOMI-2026-05-27","3000000185636","Premium Loudspeaker Xiaomi Poco M4 5G/Poco M5","Xiaomi","Speaker","A","Poco M4 5G","","","Poco M5 | Poco M4 5G","2","0","draft","candidate_needs_technical_confirmation_not_current_supplier_catalog"
"2026-07-19","historical Mobilax-derived catalog snapshot (supplier label scrubbed)","HONOR-2026-05-27","3000000186602","Premium Fingerprint Reader Honor X8 5G/70 Lite Midnight Schwarz","Honor","Flat Cable","A","70 Lite","","","70 Lite | X8 5G","2","0","draft","candidate_needs_technical_confirmation_not_current_supplier_catalog"
"2026-07-19","historical Mobilax-derived catalog snapshot (supplier label scrubbed)","REALME-2026-05-27","3000000187005","Premium Connection Flex Cable Realme 9 Pro 5G/9 5G","Realme","Flat Cable","A","9 5G","","","9 5G | 9 Pro 5G","2","0","draft","candidate_needs_technical_confirmation_not_current_supplier_catalog"
"2026-07-19","historical Mobilax-derived catalog snapshot (supplier label scrubbed)","XIAOMI-2026-05-27","3000000187524","Premium Main Camera Xiaomi Redmi A1/Redmi A1+ 8MP","Xiaomi","Fotocamere","A","Redmi A1","","","Redmi A1 | Redmi A1+","2","0","draft","candidate_needs_technical_confirmation_not_current_supplier_catalog"
"2026-07-19","historical Mobilax-derived catalog snapshot (supplier label scrubbed)","XIAOMI-2026-05-27","3000000187944","Premium Macro Sensor Xiaomi 12T Pro/Poco M5/Poco F5 5G/13 Lite 2MP","Xiaomi","Flat Cable","A","Poco F5 5G","","","Poco M5 | Poco F5 5G","2","0","draft","candidate_needs_technical_confirmation_not_current_supplier_catalog"
"2026-07-19","historical Mobilax-derived catalog snapshot (supplier label scrubbed)","XIAOMI-2026-05-27","3000000189092","Premium Inner Earpiece Xiaomi Redmi A1/Redmi A1+","Xiaomi","Speaker","A","Redmi A1","","","Redmi A1 | Redmi A1+","2","0","draft","candidate_needs_technical_confirmation_not_current_supplier_catalog"
"2026-07-19","historical Mobilax-derived catalog snapshot (supplier label scrubbed)","XIAOMI-2026-05-27","3000000189337","Premium Battery Xiaomi Poco X5 Pro 5G/Poco F5 5G BP4K","Xiaomi","Batterie","A","Poco F5 5G","","","Poco X5 Pro 5G | Poco F5 5G","2","0","draft","candidate_needs_technical_confirmation_not_current_supplier_catalog"
"2026-07-19","historical Mobilax-derived catalog snapshot (supplier label scrubbed)","2026-05-25","3000000189405","Lens Apple iPhone 14 Pro/iPhone 14 Pro Max Black","Apple","Fotocamere","A","iPhone 14 Pro","","","iPhone 14 Pro | iPhone 14 Pro Max","2","0","draft","candidate_needs_technical_confirmation_not_current_supplier_catalog"
"2026-07-19","historical Mobilax-derived catalog snapshot (supplier label scrubbed)","HONOR-2026-05-27","3000000189443","Premium Macro Sensor Honor X8/X8 5G 2MP","Honor","Flat Cable","A","X8","","","X8 | X8 5G","2","0","draft","candidate_needs_technical_confirmation_not_current_supplier_catalog"
"2026-07-19","historical Mobilax-derived catalog snapshot (supplier label scrubbed)","HONOR-2026-05-27","3000000189450","Premium Depth Sensor Honor X8/X8 5G/X7a/X6/X7/X7b/90 Smart 2MP","Honor","Flat Cable","A","X6","","","X6 | X7 | X7A | X7B | X8 | X8 5G","6","0","draft","candidate_needs_technical_confirmation_not_current_supplier_catalog"
"2026-07-19","historical Mobilax-derived catalog snapshot (supplier label scrubbed)","XIAOMI-2026-05-27","3000000189771","Premium Front Camera Xiaomi 13 5G/13 Pro 32MP","Xiaomi","Fotocamere","A","13 5G","","","13 5G | 13 Pro","2","0","draft","candidate_needs_technical_confirmation_not_current_supplier_catalog"
"2026-07-19","historical Mobilax-derived catalog snapshot (supplier label scrubbed)","SAMSUNG-2026-05-27","3000000191774","Original Power and Volume Flex Cable Samsung Galaxy S23 5G S911/Galaxy S23 Plus 5G S916 GH59-15613A","Samsung","Flat Cable","A","Galaxy S23 5G S911","","","Galaxy S23 5G S911 | Galaxy S23 Plus 5G S916","2","0","draft","candidate_needs_technical_confirmation_not_current_supplier_catalog"
"2026-07-19","historical Mobilax-derived catalog snapshot (supplier label scrubbed)","SAMSUNG-2026-05-27","3000000191781","Original Lens Samsung Galaxy S23 5G S911/Galaxy S23 Plus 5G S916 Telephoto lens GH64-08990A","Samsung","Fotocamere","A","Galaxy S23 5G S911","","","Galaxy S23 5G S911 | Galaxy S23 Plus 5G S916","2","0","draft","candidate_needs_technical_confirmation_not_current_supplier_catalog"
"2026-07-19","historical Mobilax-derived catalog snapshot (supplier label scrubbed)","SAMSUNG-2026-05-27","3000000191798","Original Lens Samsung Galaxy S23 5G S911/Galaxy S23 Plus 5G S916 Main Camera GH64-08988A Black","Samsung","Fotocamere","A","Galaxy S23 5G S911","","","Galaxy S23 5G S911 | Galaxy S23 Plus 5G S916","2","0","draft","candidate_needs_technical_confirmation_not_current_supplier_catalog"
"2026-07-19","historical Mobilax-derived catalog snapshot (supplier label scrubbed)","REALME-2026-05-27","3000000191873","Premium Connection Flex Cable Realme C25Y/C21-Y","Realme","Flat Cable","A","C21 Y","","","C21 Y | C25Y","2","0","draft","candidate_needs_technical_confirmation_not_current_supplier_catalog"
"2026-07-19","historical Mobilax-derived catalog snapshot (supplier label scrubbed)","SAMSUNG-2026-05-25","3000000192467","Original Connection Flex Cable Samsung Galaxy A54 5G A546/Galaxy A34 5G A346 GH82-31205A","Samsung","Flat Cable","A","Galaxy A34 5G A346","","","Galaxy A34 5G A346 | Galaxy A54 5G A546","2","0","draft","candidate_needs_technical_confirmation_not_current_supplier_catalog"
"2026-07-19","historical Mobilax-derived catalog snapshot (supplier label scrubbed)","SAMSUNG-2026-05-25","3000000192481","Original Macro Sensor Samsung Galaxy A54 5G A546/Galaxy A34 5G A346 GH96-14304A 5MP","Samsung","Flat Cable","A","Galaxy A34 5G A346","","","Galaxy A34 5G A346 | Galaxy A54 5G A546","2","0","draft","candidate_needs_technical_confirmation_not_current_supplier_catalog"
"2026-07-19","historical Mobilax-derived catalog snapshot (supplier label scrubbed)","SAMSUNG-2026-05-25","3000000192498","Original Front Camera Samsung Galaxy A53 5G A536/Galaxy A54 5G A546 GH96-14554A 32MP","Samsung","Fotocamere","A","Galaxy A53 5G A536","","","Galaxy A53 5G A536 | Galaxy A54 5G A546","2","0","draft","candidate_needs_technical_confirmation_not_current_supplier_catalog"
"2026-07-19","historical Mobilax-derived catalog snapshot (supplier label scrubbed)","SAMSUNG-2026-05-25","3000000192511","Original Ultra Wide Angle Camera Samsung Galaxy A52 5G A526/Galaxy A72 4G A725/Galaxy A54 5G A546/Galaxy A52s 5G A528/Galaxy A52 4G A525/Galaxy A72 5G A726 GH96-14154A 12MP","Samsung","Fotocamere","A","Galaxy A52 4G A525","","","Galaxy A52 4G A525 | Galaxy A52 5G A526 | Galaxy A54 5G A546 | Galaxy A72 4G A725 | Galaxy A72 5G A726","5","0","draft","candidate_needs_technical_confirmation_not_current_supplier_catalog"
"2026-07-19","historical Mobilax-derived catalog snapshot (supplier label scrubbed)","SAMSUNG-2026-05-25","3000000192580","Original Battery Samsung Galaxy A54 5G A546/Galaxy A34 5G A346/Galaxy A55 5G A556/Galaxy A25 5G A256/Galaxy A35 5G A356 GH82-31204A GH82-34228A GH82-31574A GH82-31469A GH82-33217A GH82-35877A  EB-BA546ABY","Samsung","Batterie","A","Galaxy A25 5G A256","","","Galaxy A25 5G A256 | Galaxy A34 5G A346 | Galaxy A35 5G A356 | Galaxy A54 5G A546 | Galaxy A55 5G A556","5","0","draft","candidate_needs_technical_confirmation_not_current_supplier_catalog"
"2026-07-19","historical Mobilax-derived catalog snapshot (supplier label scrubbed)","SAMSUNG-2026-05-25","3000000192597","Original On/Off Button Samsung Galaxy A54 5G A546/Galaxy A34 5G A346 GH98-48074C Lime","Samsung","Flat Cable","A","Galaxy A34 5G A346","","","Galaxy A34 5G A346 | Galaxy A54 5G A546","2","0","draft","candidate_needs_technical_confirmation_not_current_supplier_catalog"
"2026-07-19","historical Mobilax-derived catalog snapshot (supplier label scrubbed)","SAMSUNG-2026-05-25","3000000192603","Original On/Off Button Samsung Galaxy A54 5G A546/Galaxy A34 5G A346 GH98-48074D Lavender","Samsung","Flat Cable","A","Galaxy A34 5G A346","","","Galaxy A34 5G A346 | Galaxy A54 5G A546","2","0","draft","candidate_needs_technical_confirmation_not_current_supplier_catalog"
"2026-07-19","historical Mobilax-derived catalog snapshot (supplier label scrubbed)","SAMSUNG-2026-05-25","3000000192610","Original On/Off Button Samsung Galaxy A54 5G A546/Galaxy A34 5G A346 GH98-48074A Black","Samsung","Flat Cable","A","Galaxy A34 5G A346","","","Galaxy A34 5G A346 | Galaxy A54 5G A546","2","0","draft","candidate_needs_technical_confirmation_not_current_supplier_catalog"
"2026-07-19","historical Mobilax-derived catalog snapshot (supplier label scrubbed)","SAMSUNG-2026-05-25","3000000192634","Original Volume Button Samsung Galaxy A54 5G A546/Galaxy A34 5G A346 GH98-48075C Lime","Samsung","Flat Cable","A","Galaxy A34 5G A346","","","Galaxy A34 5G A346 | Galaxy A54 5G A546","2","0","draft","candidate_needs_technical_confirmation_not_current_supplier_catalog"
"2026-07-19","historical Mobilax-derived catalog snapshot (supplier label scrubbed)","SAMSUNG-2026-05-25","3000000192658","Original Volume Button Samsung Galaxy A54 5G A546/Galaxy A34 5G A346 GH98-48075A Black","Samsung","Flat Cable","A","Galaxy A34 5G A346","","","Galaxy A34 5G A346 | Galaxy A54 5G A546","2","0","draft","candidate_needs_technical_confirmation_not_current_supplier_catalog"
"2026-07-19","historical Mobilax-derived catalog snapshot (supplier label scrubbed)","SAMSUNG-2026-05-25","3000000192726","Original Power and Volume Flex Cable Samsung Galaxy A54 5G A546/Galaxy A34 5G A346 GH59-15622A","Samsung","Flat Cable","A","Galaxy A34 5G A346","","","Galaxy A34 5G A346 | Galaxy A54 5G A546","2","0","draft","candidate_needs_technical_confirmation_not_current_supplier_catalog"
"2026-07-19","historical Mobilax-derived catalog snapshot (supplier label scrubbed)","SAMSUNG-2026-05-25","3000000193006","Original Battery Samsung Galaxy A04e A042/Galaxy A14 4G A145 GH81-23162A GH81-23539A HQ-50SD","Samsung","Batterie","A","Galaxy A04E A042","","","Galaxy A04E A042 | Galaxy A14 4G A145","2","0","draft","candidate_needs_technical_confirmation_not_current_supplier_catalog"
"2026-07-19","historical Mobilax-derived catalog snapshot (supplier label scrubbed)","SAMSUNG-2026-05-27","3000000193259","Premium Ultra Wide Angle Camera Samsung Galaxy S23 Ultra 5G S918/Galaxy S24 Ultra 5G S928 12MP","Samsung","Fotocamere","A","Galaxy S23 Ultra 5G S918","","","Galaxy S24 Ultra 5G S928 | Galaxy S23 Ultra 5G S918","2","0","draft","candidate_needs_technical_confirmation_not_current_supplier_catalog"
"2026-07-19","historical Mobilax-derived catalog snapshot (supplier label scrubbed)","SAMSUNG-2026-05-27","3000000193723","Premium Front Camera Samsung Galaxy S23 5G S911/Galaxy S23 Plus 5G S916 12MP","Samsung","Fotocamere","A","Galaxy S23 5G S911","","","Galaxy S23 5G S911 | Galaxy S23 Plus 5G S916","2","0","draft","candidate_needs_technical_confirmation_not_current_supplier_catalog"
"2026-07-19","historical Mobilax-derived catalog snapshot (supplier label scrubbed)","SAMSUNG-2026-05-27","3000000193747","Premium Sim Tray Samsung Galaxy S23 5G S911/Galaxy S23 Plus 5G S916 Cream","Samsung","Flat Cable","A","Galaxy S23 5G S911","","","Galaxy S23 5G S911 | Galaxy S23 Plus 5G S916","2","0","draft","candidate_needs_technical_confirmation_not_current_supplier_catalog"
"2026-07-19","historical Mobilax-derived catalog snapshot (supplier label scrubbed)","SAMSUNG-2026-05-27","3000000193754","Premium Sim Tray Samsung Galaxy S23 5G S911/Galaxy S23 Plus 5G S916 Graphite","Samsung","Flat Cable","A","Galaxy S23 5G S911","","","Galaxy S23 5G S911 | Galaxy S23 Plus 5G S916","2","0","draft","candidate_needs_technical_confirmation_not_current_supplier_catalog"
"2026-07-19","historical Mobilax-derived catalog snapshot (supplier label scrubbed)","SAMSUNG-2026-05-27","3000000193761","Premium Sim Tray Samsung Galaxy S23 5G S911/Galaxy S23 Plus 5G S916 Lavender","Samsung","Flat Cable","A","Galaxy S23 5G S911","","","Galaxy S23 5G S911 | Galaxy S23 Plus 5G S916","2","0","draft","candidate_needs_technical_confirmation_not_current_supplier_catalog"
"2026-07-19","historical Mobilax-derived catalog snapshot (supplier label scrubbed)","SAMSUNG-2026-05-27","3000000193778","Premium Sim Tray Samsung Galaxy S23 5G S911/Galaxy S23 Plus 5G S916 Lime","Samsung","Flat Cable","A","Galaxy S23 5G S911","","","Galaxy S23 5G S911 | Galaxy S23 Plus 5G S916","2","0","draft","candidate_needs_technical_confirmation_not_current_supplier_catalog"
"2026-07-19","historical Mobilax-derived catalog snapshot (supplier label scrubbed)","SAMSUNG-2026-05-27","3000000193785","Premium Sim Tray Samsung Galaxy S23 5G S911/Galaxy S23 Plus 5G S916 Black","Samsung","Flat Cable","A","Galaxy S23 5G S911","","","Galaxy S23 5G S911 | Galaxy S23 Plus 5G S916","2","0","draft","candidate_needs_technical_confirmation_not_current_supplier_catalog"
"2026-07-19","historical Mobilax-derived catalog snapshot (supplier label scrubbed)","SAMSUNG-2026-05-27","3000000193792","Premium Sim Tray Samsung Galaxy S23 5G S911/Galaxy S23 Plus 5G S916 Green","Samsung","Flat Cable","A","Galaxy S23 5G S911","","","Galaxy S23 5G S911 | Galaxy S23 Plus 5G S916","2","0","draft","candidate_needs_technical_confirmation_not_current_supplier_catalog"
"2026-07-19","historical Mobilax-derived catalog snapshot (supplier label scrubbed)","SAMSUNG-2026-05-27","3000000193815","Premium Main Camera Samsung Galaxy S23 5G S911/Galaxy S23 Plus 5G S916/Galaxy S24 5G S921/Galaxy S25 S931 50MP","Samsung","Fotocamere","A","Galaxy S23 5G S911","","","Galaxy S25 S931 | Galaxy S23 5G S911 | Galaxy S23 Plus 5G S916 | Galaxy S24 5G S921","4","0","draft","candidate_needs_technical_confirmation_not_current_supplier_catalog"
"2026-07-19","historical Mobilax-derived catalog snapshot (supplier label scrubbed)","SAMSUNG-2026-05-27","3000000193822","Premium Ultra Wide Angle Camera Samsung Galaxy S23 5G S911/Galaxy S23 Plus 5G S916 12MP","Samsung","Fotocamere","A","Galaxy S23 5G S911","","","Galaxy S23 5G S911 | Galaxy S23 Plus 5G S916","2","0","draft","candidate_needs_technical_confirmation_not_current_supplier_catalog"
"2026-07-19","historical Mobilax-derived catalog snapshot (supplier label scrubbed)","SAMSUNG-2026-05-27","3000000193907","Premium On/Off and Volume Buttons Samsung Galaxy S23 5G S911/Galaxy S23 Plus 5G S916 Cream","Samsung","Flat Cable","A","Galaxy S23 5G S911","","","Galaxy S23 5G S911 | Galaxy S23 Plus 5G S916","2","0","draft","candidate_needs_technical_confirmation_not_current_supplier_catalog"
"2026-07-19","historical Mobilax-derived catalog snapshot (supplier label scrubbed)","SAMSUNG-2026-05-27","3000000193914","Premium On/Off and Volume Buttons Samsung Galaxy S23 5G S911/Galaxy S23 Plus 5G S916 Graphite","Samsung","Flat Cable","A","Galaxy S23 5G S911","","","Galaxy S23 5G S911 | Galaxy S23 Plus 5G S916","2","0","draft","candidate_needs_technical_confirmation_not_current_supplier_catalog"
"2026-07-19","historical Mobilax-derived catalog snapshot (supplier label scrubbed)","SAMSUNG-2026-05-27","3000000193921","Premium On/Off and Volume Buttons Samsung Galaxy S23 5G S911/Galaxy S23 Plus 5G S916 Lavender","Samsung","Flat Cable","A","Galaxy S23 5G S911","","","Galaxy S23 5G S911 | Galaxy S23 Plus 5G S916","2","0","draft","candidate_needs_technical_confirmation_not_current_supplier_catalog"
"2026-07-19","historical Mobilax-derived catalog snapshot (supplier label scrubbed)","SAMSUNG-2026-05-27","3000000193945","Premium On/Off and Volume Buttons Samsung Galaxy S23 5G S911/Galaxy S23 Plus 5G S916 Black","Samsung","Flat Cable","A","Galaxy S23 5G S911","","","Galaxy S23 5G S911 | Galaxy S23 Plus 5G S916","2","0","draft","candidate_needs_technical_confirmation_not_current_supplier_catalog"
"2026-07-19","historical Mobilax-derived catalog snapshot (supplier label scrubbed)","SAMSUNG-2026-05-27","3000000193952","Premium On/Off and Volume Buttons Samsung Galaxy S23 5G S911/Galaxy S23 Plus 5G S916 Green","Samsung","Flat Cable","A","Galaxy S23 5G S911","","","Galaxy S23 5G S911 | Galaxy S23 Plus 5G S916","2","0","draft","candidate_needs_technical_confirmation_not_current_supplier_catalog"
"2026-07-19","historical Mobilax-derived catalog snapshot (supplier label scrubbed)","SAMSUNG-2026-05-25","3000000194041","Premium Battery Samsung Galaxy A54 5G A546/Galaxy A34 5G A346/Galaxy A35 5G A356/Galaxy A55 5G A556 EB-BA546ABY","Samsung","Batterie","A","Galaxy A34 5G A346","","","Galaxy A34 5G A346 | Galaxy A35 5G A356 | Galaxy A54 5G A546 | Galaxy A55 5G A556","4","0","draft","candidate_needs_technical_confirmation_not_current_supplier_catalog"
"2026-07-19","historical Mobilax-derived catalog snapshot (supplier label scrubbed)","SAMSUNG-2026-05-25","3000000194058","Premium Front Camera Samsung Galaxy A53 5G A536/Galaxy A54 5G A546 32MP","Samsung","Fotocamere","A","Galaxy A53 5G A536","","","Galaxy A53 5G A536 | Galaxy A54 5G A546","2","0","draft","candidate_needs_technical_confirmation_not_current_supplier_catalog"
"2026-07-19","historical Mobilax-derived catalog snapshot (supplier label scrubbed)","SAMSUNG-2026-05-25","3000000194065","Premium Connection Flex Cable Samsung Galaxy A54 5G A546/Galaxy A34 5G A346","Samsung","Flat Cable","A","Galaxy A34 5G A346","","","Galaxy A34 5G A346 | Galaxy A54 5G A546","2","0","draft","candidate_needs_technical_confirmation_not_current_supplier_catalog"
"2026-07-19","historical Mobilax-derived catalog snapshot (supplier label scrubbed)","SAMSUNG-2026-05-25","3000000194089","Premium Power and Volume Flex Cable Samsung Galaxy A54 5G A546/Galaxy A34 5G A346","Samsung","Flat Cable","A","Galaxy A34 5G A346","","","Galaxy A34 5G A346 | Galaxy A54 5G A546","2","0","draft","candidate_needs_technical_confirmation_not_current_supplier_catalog"
"2026-07-19","historical Mobilax-derived catalog snapshot (supplier label scrubbed)","SAMSUNG-2026-05-25","3000000194232","Premium Macro Sensor Samsung Galaxy A54 5G A546/Galaxy A34 5G A346 5MP","Samsung","Flat Cable","A","Galaxy A34 5G A346","","","Galaxy A34 5G A346 | Galaxy A54 5G A546","2","0","draft","candidate_needs_technical_confirmation_not_current_supplier_catalog"
"2026-07-19","historical Mobilax-derived catalog snapshot (supplier label scrubbed)","SAMSUNG-2026-05-25","3000000194287","Premium Fingerprint Reader Samsung Galaxy A53 5G A536/Galaxy A73 5G A736/Galaxy A54 5G A546/Galaxy A35 5G A356","Samsung","Flat Cable","A","Galaxy A35 5G A356","","","Galaxy A35 5G A356 | Galaxy A53 5G A536 | Galaxy A54 5G A546 | Galaxy A73 5G A736","4","0","draft","candidate_needs_technical_confirmation_not_current_supplier_catalog"
"2026-07-19","historical Mobilax-derived catalog snapshot (supplier label scrubbed)","SAMSUNG-2026-05-25","3000000194324","Premium On/Off button Samsung Galaxy A54 5G A546/Galaxy A34 5G A346 Black","Samsung","Flat Cable","A","Galaxy A34 5G A346","","","Galaxy A34 5G A346 | Galaxy A54 5G A546","2","0","draft","candidate_needs_technical_confirmation_not_current_supplier_catalog"
"2026-07-19","historical Mobilax-derived catalog snapshot (supplier label scrubbed)","SAMSUNG-2026-05-25","3000000194331","Premium On/Off button Samsung Galaxy A54 5G A546/Galaxy A34 5G A346 Lavender","Samsung","Flat Cable","A","Galaxy A34 5G A346","","","Galaxy A34 5G A346 | Galaxy A54 5G A546","2","0","draft","candidate_needs_technical_confirmation_not_current_supplier_catalog"
"2026-07-19","historical Mobilax-derived catalog snapshot (supplier label scrubbed)","SAMSUNG-2026-05-25","3000000194379","Premium On/Off and Volume Buttons Samsung Galaxy A54 5G A546/Galaxy A34 5G A346 Black","Samsung","Flat Cable","A","Galaxy A34 5G A346","","","Galaxy A34 5G A346 | Galaxy A54 5G A546","2","0","draft","candidate_needs_technical_confirmation_not_current_supplier_catalog"
"2026-07-19","historical Mobilax-derived catalog snapshot (supplier label scrubbed)","SAMSUNG-2026-05-25","3000000194386","Premium On/Off and Volume Buttons Samsung Galaxy A54 5G A546/Galaxy A34 5G A346 Lime","Samsung","Flat Cable","A","Galaxy A34 5G A346","","","Galaxy A34 5G A346 | Galaxy A54 5G A546","2","0","draft","candidate_needs_technical_confirmation_not_current_supplier_catalog"
"2026-07-19","historical Mobilax-derived catalog snapshot (supplier label scrubbed)","SAMSUNG-2026-05-25","3000000194522","Premium Loudspeaker Samsung Galaxy A33 5G A336/Galaxy A34 5G A346/Galaxy A35 5G A356 (Bottom)","Samsung","Speaker","A","Galaxy A33 5G A336","","","Galaxy A33 5G A336 | Galaxy A34 5G A346 | Galaxy A35 5G A356","3","0","draft","candidate_needs_technical_confirmation_not_current_supplier_catalog"
"2026-07-19","historical Mobilax-derived catalog snapshot (supplier label scrubbed)","SAMSUNG-2026-05-25","3000000194546","Premium Volume Flex Cable Samsung Galaxy M13 M135/Galaxy A04s A047F/Galaxy M14 5G M146","Samsung","Flat Cable","A","Galaxy M13 M135","","","Galaxy M13 M135 | Galaxy M14 5G M146","2","0","draft","candidate_needs_technical_confirmation_not_current_supplier_catalog"
"2026-07-19","historical Mobilax-derived catalog snapshot (supplier label scrubbed)","SAMSUNG-2026-05-27","3000000194904","Premium On/Off and Volume Buttons Samsung Galaxy S22 S901/Galaxy S22 Plus S906 Rose Gold","Samsung","Flat Cable","A","Galaxy S22 Plus S906","","","Galaxy S22 Plus S906 | Galaxy S22 S901","2","0","draft","candidate_needs_technical_confirmation_not_current_supplier_catalog"
"2026-07-19","historical Mobilax-derived catalog snapshot (supplier label scrubbed)","SAMSUNG-2026-05-27","3000000194911","Premium On/Off and Volume Buttons Samsung Galaxy S22 S901/Galaxy S22 Plus S906 Black","Samsung","Flat Cable","A","Galaxy S22 Plus S906","","","Galaxy S22 Plus S906 | Galaxy S22 S901","2","0","draft","candidate_needs_technical_confirmation_not_current_supplier_catalog"
"2026-07-19","historical Mobilax-derived catalog snapshot (supplier label scrubbed)","SAMSUNG-2026-05-27","3000000194935","Original Volume Button Samsung Galaxy S22 S901/Galaxy S22 Plus S906 GH98-47110C Green","Samsung","Flat Cable","A","Galaxy S22 Plus S906","","","Galaxy S22 Plus S906 | Galaxy S22 S901","2","0","draft","candidate_needs_technical_confirmation_not_current_supplier_catalog"
"2026-07-19","historical Mobilax-derived catalog snapshot (supplier label scrubbed)","SAMSUNG-2026-05-27","3000000194942","Premium On/Off and Volume Buttons Samsung Galaxy S22 S901/Galaxy S22 Plus S906 Green","Samsung","Flat Cable","A","Galaxy S22 Plus S906","","","Galaxy S22 Plus S906 | Galaxy S22 S901","2","0","draft","candidate_needs_technical_confirmation_not_current_supplier_catalog"
"2026-07-19","historical Mobilax-derived catalog snapshot (supplier label scrubbed)","SAMSUNG-2026-05-27","3000000194959","Original Volume Button Samsung Galaxy S22 S901/Galaxy S22 Plus S906 GH98-47110B White","Samsung","Flat Cable","A","Galaxy S22 Plus S906","","","Galaxy S22 Plus S906 | Galaxy S22 S901","2","0","draft","candidate_needs_technical_confirmation_not_current_supplier_catalog"
"2026-07-19","historical Mobilax-derived catalog snapshot (supplier label scrubbed)","SAMSUNG-2026-05-27","3000000194966","Premium On/Off and Volume Buttons Samsung Galaxy S22 S901/Galaxy S22 Plus S906 White","Samsung","Flat Cable","A","Galaxy S22 Plus S906","","","Galaxy S22 Plus S906 | Galaxy S22 S901","2","0","draft","candidate_needs_technical_confirmation_not_current_supplier_catalog"
"2026-07-19","historical Mobilax-derived catalog snapshot (supplier label scrubbed)","SAMSUNG-2026-05-27","3000000195055","Premium Power and Volume Flex Cable Samsung Galaxy S22 S901/Galaxy S22 Plus S906","Samsung","Flat Cable","A","Galaxy S22 Plus S906","","","Galaxy S22 Plus S906 | Galaxy S22 S901","2","0","draft","candidate_needs_technical_confirmation_not_current_supplier_catalog"
"2026-07-19","historical Mobilax-derived catalog snapshot (supplier label scrubbed)","SAMSUNG-2026-05-27","3000000195062","Premium Sim Tray Samsung Galaxy S22 S901/Galaxy S22 Plus S906 Black","Samsung","Flat Cable","A","Galaxy S22 Plus S906","","","Galaxy S22 Plus S906 | Galaxy S22 S901","2","0","draft","candidate_needs_technical_confirmation_not_current_supplier_catalog"
"2026-07-19","historical Mobilax-derived catalog snapshot (supplier label scrubbed)","SAMSUNG-2026-05-27","3000000195079","Premium Sim Tray Samsung Galaxy S22 S901/Galaxy S22 Plus S906 White","Samsung","Flat Cable","A","Galaxy S22 Plus S906","","","Galaxy S22 Plus S906 | Galaxy S22 S901","2","0","draft","candidate_needs_technical_confirmation_not_current_supplier_catalog"
"2026-07-19","historical Mobilax-derived catalog snapshot (supplier label scrubbed)","SAMSUNG-2026-05-27","3000000195086","Premium Sim Tray Samsung Galaxy S22 S901/Galaxy S22 Plus S906 Green","Samsung","Flat Cable","A","Galaxy S22 Plus S906","","","Galaxy S22 Plus S906 | Galaxy S22 S901","2","0","draft","candidate_needs_technical_confirmation_not_current_supplier_catalog"
"2026-07-19","historical Mobilax-derived catalog snapshot (supplier label scrubbed)","SAMSUNG-2026-05-27","3000000195093","Premium Sim Tray Samsung Galaxy S22 S901/Galaxy S22 Plus S906 Rose Gold","Samsung","Flat Cable","A","Galaxy S22 Plus S906","","","Galaxy S22 Plus S906 | Galaxy S22 S901","2","0","draft","candidate_needs_technical_confirmation_not_current_supplier_catalog"
"2026-07-19","historical Mobilax-derived catalog snapshot (supplier label scrubbed)","SAMSUNG-2026-05-27","3000000195109","Premium Sim Tray Samsung Galaxy S22 S901/Galaxy S22 Plus S906 Graphite","Samsung","Flat Cable","A","Galaxy S22 Plus S906","","","Galaxy S22 Plus S906 | Galaxy S22 S901","2","0","draft","candidate_needs_technical_confirmation_not_current_supplier_catalog"
"2026-07-19","historical Mobilax-derived catalog snapshot (supplier label scrubbed)","SAMSUNG-2026-05-27","3000000195116","Premium Sim Tray Samsung Galaxy S22 S901/Galaxy S22 Plus S906 Purple","Samsung","Flat Cable","A","Galaxy S22 Plus S906","","","Galaxy S22 Plus S906 | Galaxy S22 S901","2","0","draft","candidate_needs_technical_confirmation_not_current_supplier_catalog"
"2026-07-19","historical Mobilax-derived catalog snapshot (supplier label scrubbed)","SAMSUNG-2026-05-27","3000000195123","Original Volume Button Samsung Galaxy S22 S901/Galaxy S22 Plus S906 GH98-47110E Graphite","Samsung","Flat Cable","A","Galaxy S22 Plus S906","","","Galaxy S22 Plus S906 | Galaxy S22 S901","2","0","draft","candidate_needs_technical_confirmation_not_current_supplier_catalog"
"2026-07-19","historical Mobilax-derived catalog snapshot (supplier label scrubbed)","SAMSUNG-2026-05-27","3000000195130","Premium On/Off and Volume Buttons Samsung Galaxy S22 S901/Galaxy S22 Plus S906 Graphite","Samsung","Flat Cable","A","Galaxy S22 Plus S906","","","Galaxy S22 Plus S906 | Galaxy S22 S901","2","0","draft","candidate_needs_technical_confirmation_not_current_supplier_catalog"
"2026-07-19","historical Mobilax-derived catalog snapshot (supplier label scrubbed)","SAMSUNG-2026-05-27","3000000195147","Premium On/Off and Volume Buttons Samsung Galaxy S22 S901/Galaxy S22 Plus S906 Purple","Samsung","Flat Cable","A","Galaxy S22 Plus S906","","","Galaxy S22 Plus S906 | Galaxy S22 S901","2","0","draft","candidate_needs_technical_confirmation_not_current_supplier_catalog"
"2026-07-19","historical Mobilax-derived catalog snapshot (supplier label scrubbed)","SAMSUNG-2026-05-27","3000000195154","Original Volume Button Samsung Galaxy S22 S901/Galaxy S22 Plus S906 GH98-47110F Purple","Samsung","Flat Cable","A","Galaxy S22 Plus S906","","","Galaxy S22 Plus S906 | Galaxy S22 S901","2","0","draft","candidate_needs_technical_confirmation_not_current_supplier_catalog"
"2026-07-19","historical Mobilax-derived catalog snapshot (supplier label scrubbed)","SAMSUNG-2026-05-27","3000000195161","Original On/Off Button Samsung Galaxy S22 S901/Galaxy S22 Plus S906 GH98-47118E Graphite","Samsung","Flat Cable","A","Galaxy S22 Plus S906","","","Galaxy S22 Plus S906 | Galaxy S22 S901","2","0","draft","candidate_needs_technical_confirmation_not_current_supplier_catalog"
"2026-07-19","historical Mobilax-derived catalog snapshot (supplier label scrubbed)","SAMSUNG-2026-05-27","3000000195185","Original On/Off Button Samsung Galaxy S22 S901/Galaxy S22 Plus S906 GH98-47118F Purple","Samsung","Flat Cable","A","Galaxy S22 Plus S906","","","Galaxy S22 Plus S906 | Galaxy S22 S901","2","0","draft","candidate_needs_technical_confirmation_not_current_supplier_catalog"
"2026-07-19","historical Mobilax-derived catalog snapshot (supplier label scrubbed)","SAMSUNG-2026-05-27","3000000195277","Premium Wide Angle Camera Samsung Galaxy S22 S901/Galaxy S22 Plus S906 50MP","Samsung","Fotocamere","A","Galaxy S22 Plus S906","","","Galaxy S22 Plus S906 | Galaxy S22 S901","2","0","draft","candidate_needs_technical_confirmation_not_current_supplier_catalog"
"2026-07-19","historical Mobilax-derived catalog snapshot (supplier label scrubbed)","SAMSUNG-2026-05-27","3000000195284","Premium Ultra Wide Angle Camera Samsung Galaxy S22 S901/Galaxy S22 Plus S906 12MP","Samsung","Fotocamere","A","Galaxy S22 Plus S906","","","Galaxy S22 Plus S906 | Galaxy S22 S901","2","0","draft","candidate_needs_technical_confirmation_not_current_supplier_catalog"
"2026-07-19","historical Mobilax-derived catalog snapshot (supplier label scrubbed)","SAMSUNG-2026-05-27","3000000195307","Premium Telephoto Lens Samsung Galaxy S22 S901/Galaxy S22 Plus S906 10MP","Samsung","Fotocamere","A","Galaxy S22 Plus S906","","","Galaxy S22 Plus S906 | Galaxy S22 S901","2","0","draft","candidate_needs_technical_confirmation_not_current_supplier_catalog"
"2026-07-19","historical Mobilax-derived catalog snapshot (supplier label scrubbed)","SAMSUNG-2026-05-27","3000000195444","Premium Vibrator Samsung Galaxy S20 Ultra G988/Galaxy Z Fold 2 F916/Galaxy S21 Ultra 5G G998/Galaxy S21 Plus 5G G996","Samsung","Flat Cable","A","Galaxy S20 Ultra G988","","","Galaxy S21 Ultra 5G G998 | Galaxy S21 Plus 5G G996 | Galaxy S20 Ultra G988","3","0","draft","candidate_needs_technical_confirmation_not_current_supplier_catalog"
"2026-07-19","historical Mobilax-derived catalog snapshot (supplier label scrubbed)","SAMSUNG-2026-05-27","3000000195505","Original On/Off Button Samsung Galaxy S21 Plus 5G G996/Galaxy S21 5G G991 GH98-46203C Phantom Silver","Samsung","Flat Cable","A","Galaxy S21 5G G991","","","Galaxy S21 Plus 5G G996 | Galaxy S21 5G G991","2","0","draft","candidate_needs_technical_confirmation_not_current_supplier_catalog"
"2026-07-19","historical Mobilax-derived catalog snapshot (supplier label scrubbed)","SAMSUNG-2026-05-27","3000000195512","Original On/Off Button Samsung Galaxy S21 Plus 5G G996/Galaxy S21 5G G991 GH98-46203B Phantom Violet","Samsung","Flat Cable","A","Galaxy S21 5G G991","","","Galaxy S21 Plus 5G G996 | Galaxy S21 5G G991","2","0","draft","candidate_needs_technical_confirmation_not_current_supplier_catalog"
"2026-07-19","historical Mobilax-derived catalog snapshot (supplier label scrubbed)","SAMSUNG-2026-05-27","3000000195581","Original Power Flex Cable Samsung Galaxy S21 Plus 5G G996/Galaxy S21 5G G991 GH59-15378A","Samsung","Flat Cable","A","Galaxy S21 5G G991","","","Galaxy S21 Plus 5G G996 | Galaxy S21 5G G991","2","0","draft","candidate_needs_technical_confirmation_not_current_supplier_catalog"
"2026-07-19","historical Mobilax-derived catalog snapshot (supplier label scrubbed)","SAMSUNG-2026-05-27","3000000195598","Premium Ultra Wide Angle Camera Samsung Galaxy S21 Plus 5G G996/Galaxy S21 5G G991 12MP","Samsung","Fotocamere","A","Galaxy S21 5G G991","","","Galaxy S21 Plus 5G G996 | Galaxy S21 5G G991","2","0","draft","candidate_needs_technical_confirmation_not_current_supplier_catalog"
"2026-07-19","historical Mobilax-derived catalog snapshot (supplier label scrubbed)","REALME-2026-05-27","3000000197004","Original LCD Flex Cable Realme GT NEO 2/GT 2/GT NEO 3T 4972470","Realme","Schermi","A","GT 2","","","GT 2 | GT Neo 2 | GT Neo 3T","3","0","draft","candidate_needs_technical_confirmation_not_current_supplier_catalog"
"2026-07-19","historical Mobilax-derived catalog snapshot (supplier label scrubbed)","OPPO-2026-05-27","3000000197370","Original Back Cover OPPO A76 4G/A96 4G 3052360  3052181 3052348  Black Gloss","OPPO","Back Cover","A","A76 4G","","","A76 4G | A96 4G","2","0","draft","candidate_needs_technical_confirmation_not_current_supplier_catalog"
"2026-07-19","historical Mobilax-derived catalog snapshot (supplier label scrubbed)","2026-05-25","3000000197844","Battery Stickers Apple iPhone 12/iPhone 12 Pro (x10)","Apple","Batterie","A","iPhone 12","","","iPhone 12 | iPhone 12 Pro","2","0","draft","candidate_needs_technical_confirmation_not_current_supplier_catalog"
"2026-07-19","historical Mobilax-derived catalog snapshot (supplier label scrubbed)","SAMSUNG-2026-05-25","3000000197943","Original Stylus Pen Samsung Galaxy Note 10 N970/Galaxy Note 10 Plus N975/Galaxy Note 10 Lite N770 GH82-20793B Stellar Silver","Samsung","Flat Cable","A","Galaxy Note 10 Lite N770","","","Galaxy Note 10 Lite N770 | Galaxy Note 10 N970","2","0","draft","candidate_needs_technical_confirmation_not_current_supplier_catalog"
"2026-07-19","historical Mobilax-derived catalog snapshot (supplier label scrubbed)","SAMSUNG-2026-05-25","3000000197950","Original Stylus Pen Samsung Galaxy Note 10 N970/Galaxy Note 10 Plus N975/Galaxy Note 10 Lite N770 GH82-20793E Pink","Samsung","Flat Cable","A","Galaxy Note 10 Lite N770","","","Galaxy Note 10 Lite N770 | Galaxy Note 10 N970","2","0","draft","candidate_needs_technical_confirmation_not_current_supplier_catalog"
"2026-07-19","historical Mobilax-derived catalog snapshot (supplier label scrubbed)","SAMSUNG-2026-05-25","3000000198018","Original Stylus Pen Samsung Galaxy Note 20 5G N981/Galaxy Note 20 Ultra 5G N986/Galaxy Note 20 N980 GH96-13546E Mystic Green","Samsung","Flat Cable","A","Galaxy Note 20 5G N981","","","Galaxy Note 20 5G N981 | Galaxy Note 20 N980 | Galaxy Note 20 Ultra 5G N986","3","0","draft","candidate_needs_technical_confirmation_not_current_supplier_catalog"
"2026-07-19","historical Mobilax-derived catalog snapshot (supplier label scrubbed)","SAMSUNG-2026-05-25","3000000198025","Original Stylus Pen Samsung Galaxy Note 20 5G N981/Galaxy Note 20 Ultra 5G N986/Galaxy Note 20 N980 GH96-13546C Mystic Bronze","Samsung","Flat Cable","A","Galaxy Note 20 5G N981","","","Galaxy Note 20 5G N981 | Galaxy Note 20 N980 | Galaxy Note 20 Ultra 5G N986","3","0","draft","candidate_needs_technical_confirmation_not_current_supplier_catalog"
"2026-07-19","historical Mobilax-derived catalog snapshot (supplier label scrubbed)","SAMSUNG-2026-05-25","3000000198032","Original Stylus Pen Samsung Galaxy Note 20 5G N981/Galaxy Note 20 Ultra 5G N986/Galaxy Note 20 N980 GH96-13546D Mystic Gray","Samsung","Flat Cable","A","Galaxy Note 20 5G N981","","","Galaxy Note 20 5G N981 | Galaxy Note 20 N980 | Galaxy Note 20 Ultra 5G N986","3","0","draft","candidate_needs_technical_confirmation_not_current_supplier_catalog"
"2026-07-19","historical Mobilax-derived catalog snapshot (supplier label scrubbed)","SAMSUNG-2026-05-25","3000000198049","Original Stylus Pen Samsung Galaxy Note 20 5G N981/Galaxy Note 20 Ultra 5G N986/Galaxy Note 20 N980 GH96-13546B Mystic White","Samsung","Flat Cable","A","Galaxy Note 20 5G N981","","","Galaxy Note 20 5G N981 | Galaxy Note 20 N980 | Galaxy Note 20 Ultra 5G N986","3","0","draft","candidate_needs_technical_confirmation_not_current_supplier_catalog"
"2026-07-19","historical Mobilax-derived catalog snapshot (supplier label scrubbed)","SAMSUNG-2026-05-25","3000000198056","Original Stylus Pen Samsung Galaxy Note 20 5G N981/Galaxy Note 20 Ultra 5G N986/Galaxy Note 20 N980 GH96-13546A Black","Samsung","Flat Cable","A","Galaxy Note 20 5G N981","","","Galaxy Note 20 5G N981 | Galaxy Note 20 N980 | Galaxy Note 20 Ultra 5G N986","3","0","draft","candidate_needs_technical_confirmation_not_current_supplier_catalog"
"2026-07-19","historical Mobilax-derived catalog snapshot (supplier label scrubbed)","SAMSUNG-2026-05-25","3000000198544","Battery Stickers Samsung Galaxy A12 A125/Galaxy M12 M127/Galaxy A12 Nacho A127","Samsung","Batterie","A","Galaxy A12 A125","","","Galaxy A12 A125 | Galaxy A12 Nacho A127 | Galaxy M12 M127","3","0","draft","candidate_needs_technical_confirmation_not_current_supplier_catalog"
"2026-07-19","historical Mobilax-derived catalog snapshot (supplier label scrubbed)","SAMSUNG-2026-05-25","3000000198605","Battery Stickers Samsung Galaxy A32 5G A326/Galaxy A32 4G A325/Galaxy M32 M325","Samsung","Batterie","A","Galaxy A32 4G A325","","","Galaxy A32 4G A325 | Galaxy A32 5G A326 | Galaxy M32 M325","3","0","draft","candidate_needs_technical_confirmation_not_current_supplier_catalog"
"2026-07-19","historical Mobilax-derived catalog snapshot (supplier label scrubbed)","SAMSUNG-2026-05-25","3000000198650","Battery Stickers Samsung Galaxy A72 4G A725/Galaxy A72 5G A726","Samsung","Batterie","A","Galaxy A72 4G A725","","","Galaxy A72 4G A725 | Galaxy A72 5G A726","2","0","draft","candidate_needs_technical_confirmation_not_current_supplier_catalog"
"2026-07-19","historical Mobilax-derived catalog snapshot (supplier label scrubbed)","SAMSUNG-2026-05-25","3000000198667","Stickers Adhesive Back Cover Samsung Galaxy A72 4G A725/Galaxy A72 5G A726","Samsung","Back Cover","A","Galaxy A72 4G A725","","","Galaxy A72 4G A725 | Galaxy A72 5G A726","2","0","draft","candidate_needs_technical_confirmation_not_current_supplier_catalog"
"2026-07-19","historical Mobilax-derived catalog snapshot (supplier label scrubbed)","SAMSUNG-2026-05-25","3000000198834","Battery Stickers Samsung Galaxy A54 5G A546/Galaxy A34 5G A346","Samsung","Batterie","A","Galaxy A34 5G A346","","","Galaxy A34 5G A346 | Galaxy A54 5G A546","2","0","draft","candidate_needs_technical_confirmation_not_current_supplier_catalog"
"2026-07-19","historical Mobilax-derived catalog snapshot (supplier label scrubbed)","SAMSUNG-2026-05-25","3000000199169","Rear Cover Stickers Samsung Galaxy Note 20 5G N981/Galaxy Note 20 N980","Samsung","Back Cover","A","Galaxy Note 20 5G N981","","","Galaxy Note 20 5G N981 | Galaxy Note 20 N980","2","0","draft","candidate_needs_technical_confirmation_not_current_supplier_catalog"
"2026-07-19","historical Mobilax-derived catalog snapshot (supplier label scrubbed)","SAMSUNG-2026-05-25","3000000199176","Battery Stickers Samsung Galaxy Note 20 5G N981/Galaxy Note 20 N980","Samsung","Batterie","A","Galaxy Note 20 5G N981","","","Galaxy Note 20 5G N981 | Galaxy Note 20 N980","2","0","draft","candidate_needs_technical_confirmation_not_current_supplier_catalog"
"2026-07-19","historical Mobilax-derived catalog snapshot (supplier label scrubbed)","SAMSUNG-2026-05-27","3000000199398","LCD Adhesive Stickers Samsung Galaxy S20 Plus 5G G986/Galaxy S20 Plus G985","Samsung","Schermi","A","Galaxy S20 Plus 5G G986","","","Galaxy S20 Plus G985 | Galaxy S20 Plus 5G G986","2","0","draft","candidate_needs_technical_confirmation_not_current_supplier_catalog"
"2026-07-19","historical Mobilax-derived catalog snapshot (supplier label scrubbed)","SAMSUNG-2026-05-27","3000000199404","Battery Adhesive Stickers Samsung Galaxy S20 Plus 5G G986/Galaxy S20 Plus G985","Samsung","Batterie","A","Galaxy S20 Plus 5G G986","","","Galaxy S20 Plus G985 | Galaxy S20 Plus 5G G986","2","0","draft","candidate_needs_technical_confirmation_not_current_supplier_catalog"
"2026-07-19","historical Mobilax-derived catalog snapshot (supplier label scrubbed)","SAMSUNG-2026-05-27","3000000199411","Battery Stickers Samsung Galaxy S20 G980/Galaxy S20 5G G981","Samsung","Batterie","A","Galaxy S20 5G G981","","","Galaxy S20 5G G981 | Galaxy S20 G980","2","0","draft","candidate_needs_technical_confirmation_not_current_supplier_catalog"
"2026-07-19","historical Mobilax-derived catalog snapshot (supplier label scrubbed)","SAMSUNG-2026-05-27","3000000199428","Battery Stickers Samsung Galaxy S20 FE 5G G781/Galaxy S20 FE 4G G780","Samsung","Batterie","A","Galaxy S20 FE 4G G780","","","Galaxy S20 FE 4G G780 | Galaxy S20 FE 5G G781","2","0","draft","candidate_needs_technical_confirmation_not_current_supplier_catalog"
"2026-07-19","historical Mobilax-derived catalog snapshot (supplier label scrubbed)","OPPO-2026-05-27","3000000199862","Premium Fingerprint Reader OPPO Reno8 Pro 5G/Reno12 Pro 5G OnePlus Nord 3 5G","OPPO","Flat Cable","A","RENO8 Pro 5G","","","RENO8 Pro 5G | RENO12 Pro 5G","2","0","draft","candidate_needs_technical_confirmation_not_current_supplier_catalog"
"2026-07-19","historical Mobilax-derived catalog snapshot (supplier label scrubbed)","SAMSUNG-2026-05-27","3000000199916","Original SIM Tray Samsung Galaxy S21 Plus 5G G996/Galaxy S21 5G G991 GH98-46193B Phantom Violet","Samsung","Flat Cable","A","Galaxy S21 5G G991","","","Galaxy S21 Plus 5G G996 | Galaxy S21 5G G991","2","0","draft","candidate_needs_technical_confirmation_not_current_supplier_catalog"
"2026-07-19","historical Mobilax-derived catalog snapshot (supplier label scrubbed)","HONOR-2026-05-27","3000000200292","Premium Fingerprint Reader Honor 70/Magic 6 Lite 5G","Honor","Flat Cable","A","70","","","70 | Magic 6 Lite 5G","2","0","draft","candidate_needs_technical_confirmation_not_current_supplier_catalog"
"2026-07-19","historical Mobilax-derived catalog snapshot (supplier label scrubbed)","SAMSUNG-2026-05-27","3000000200346","Premium Telephoto Lens Samsung Galaxy S20 FE 5G G781/Galaxy S20 FE 4G G780/Galaxy S21 FE G990 8MP","Samsung","Fotocamere","A","Galaxy S20 FE 4G G780","","","Galaxy S20 FE 4G G780 | Galaxy S21 FE G990 | Galaxy S20 FE 5G G781","3","0","draft","candidate_needs_technical_confirmation_not_current_supplier_catalog"
"2026-07-19","historical Mobilax-derived catalog snapshot (supplier label scrubbed)","SAMSUNG-2026-05-27","3000000200667","Original Internal Earpiece Samsung Galaxy Note 10 N970/Galaxy S10e G970/Galaxy S10 Plus G975/Galaxy S20 Plus 5G G986/Galaxy S20 Ultra G988/Galaxy S9 G960 3001-002852","Samsung","Speaker","A","Galaxy S9 G960","","","Galaxy S9 G960 | Galaxy S20 Ultra G988 | Galaxy S20 Plus 5G G986 | Galaxy S10 Plus G975 | Galaxy S10E G970","5","0","draft","candidate_needs_technical_confirmation_not_current_supplier_catalog"
"2026-07-19","historical Mobilax-derived catalog snapshot (supplier label scrubbed)","SAMSUNG-2026-05-27","3000000200766","Premium Battery Samsung Galaxy S20 Plus 5G G986/Galaxy S20 Plus G985 EB-BG985ABY","Samsung","Batterie","A","Galaxy S20 Plus 5G G986","","","Galaxy S20 Plus G985 | Galaxy S20 Plus 5G G986","2","0","draft","candidate_needs_technical_confirmation_not_current_supplier_catalog"
"2026-07-19","historical Mobilax-derived catalog snapshot (supplier label scrubbed)","SAMSUNG-2026-05-27","3000000200773","Original Antenna Samsung Galaxy S20 Plus 5G G986/Galaxy S20 Plus G985 GH42-06489A","Samsung","Flat Cable","A","Galaxy S20 Plus 5G G986","","","Galaxy S20 Plus G985 | Galaxy S20 Plus 5G G986","2","0","draft","candidate_needs_technical_confirmation_not_current_supplier_catalog"
"2026-07-19","historical Mobilax-derived catalog snapshot (supplier label scrubbed)","SAMSUNG-2026-05-27","3000000200780","Original Loudspeaker Samsung Galaxy S20 Plus 5G G986/Galaxy S20 Plus G985 GH96-13065A","Samsung","Speaker","A","Galaxy S20 Plus 5G G986","","","Galaxy S20 Plus G985 | Galaxy S20 Plus 5G G986","2","0","draft","candidate_needs_technical_confirmation_not_current_supplier_catalog"
"2026-07-19","historical Mobilax-derived catalog snapshot (supplier label scrubbed)","SAMSUNG-2026-05-27","3000000200803","Original On/Off Button Samsung Galaxy S20 G980/Galaxy S20 Plus 5G G986/Galaxy S20 Plus G985/Galaxy S20 5G G981 GH98-44987D Cloud Blue","Samsung","Flat Cable","A","Galaxy S20 5G G981","","","Galaxy S20 Plus G985 | Galaxy S20 5G G981 | Galaxy S20 Plus 5G G986 | Galaxy S20 G980","4","0","draft","candidate_needs_technical_confirmation_not_current_supplier_catalog"
"2026-07-19","historical Mobilax-derived catalog snapshot (supplier label scrubbed)","SAMSUNG-2026-05-27","3000000200810","Original On/Off Button Samsung Galaxy S20 G980/Galaxy S20 Plus 5G G986/Galaxy S20 Plus G985/Galaxy S20 5G G981 GH98-44987E Cosmic Gray","Samsung","Flat Cable","A","Galaxy S20 5G G981","","","Galaxy S20 Plus G985 | Galaxy S20 5G G981 | Galaxy S20 Plus 5G G986 | Galaxy S20 G980","4","0","draft","candidate_needs_technical_confirmation_not_current_supplier_catalog"
"2026-07-19","historical Mobilax-derived catalog snapshot (supplier label scrubbed)","SAMSUNG-2026-05-27","3000000200827","Original On/Off Button Samsung Galaxy S20 G980/Galaxy S20 Plus 5G G986/Galaxy S20 Plus G985/Galaxy S20 5G G981 GH98-44987A Black","Samsung","Flat Cable","A","Galaxy S20 5G G981","","","Galaxy S20 Plus G985 | Galaxy S20 5G G981 | Galaxy S20 Plus 5G G986 | Galaxy S20 G980","4","0","draft","candidate_needs_technical_confirmation_not_current_supplier_catalog"
"2026-07-19","historical Mobilax-derived catalog snapshot (supplier label scrubbed)","SAMSUNG-2026-05-27","3000000200834","Original On/Off Button Samsung Galaxy S20 G980/Galaxy S20 Plus 5G G986/Galaxy S20 Plus G985/Galaxy S20 5G G981 GH98-44987C Cloud Pink","Samsung","Flat Cable","A","Galaxy S20 5G G981","","","Galaxy S20 Plus G985 | Galaxy S20 5G G981 | Galaxy S20 Plus 5G G986 | Galaxy S20 G980","4","0","draft","candidate_needs_technical_confirmation_not_current_supplier_catalog"
"2026-07-19","historical Mobilax-derived catalog snapshot (supplier label scrubbed)","SAMSUNG-2026-05-27","3000000200858","Original Volume Button Samsung Galaxy S20 G980/Galaxy S20 Plus 5G G986/Galaxy S20 Plus G985/Galaxy S20 5G G981 GH98-44986D Cloud Blue","Samsung","Flat Cable","A","Galaxy S20 5G G981","","","Galaxy S20 Plus G985 | Galaxy S20 5G G981 | Galaxy S20 Plus 5G G986 | Galaxy S20 G980","4","0","draft","candidate_needs_technical_confirmation_not_current_supplier_catalog"
"2026-07-19","historical Mobilax-derived catalog snapshot (supplier label scrubbed)","SAMSUNG-2026-05-27","3000000200865","Original Volume Button Samsung Galaxy S20 G980/Galaxy S20 Plus 5G G986/Galaxy S20 Plus G985/Galaxy S20 5G G981 GH98-44986E Cosmic Gray","Samsung","Flat Cable","A","Galaxy S20 5G G981","","","Galaxy S20 Plus G985 | Galaxy S20 5G G981 | Galaxy S20 Plus 5G G986 | Galaxy S20 G980","4","0","draft","candidate_needs_technical_confirmation_not_current_supplier_catalog"
"2026-07-19","historical Mobilax-derived catalog snapshot (supplier label scrubbed)","SAMSUNG-2026-05-27","3000000200872","Original Volume Button Samsung Galaxy S20 G980/Galaxy S20 Plus 5G G986/Galaxy S20 Plus G985/Galaxy S20 5G G981 GH98-44986C Cloud Pink","Samsung","Flat Cable","A","Galaxy S20 5G G981","","","Galaxy S20 Plus G985 | Galaxy S20 5G G981 | Galaxy S20 Plus 5G G986 | Galaxy S20 G980","4","0","draft","candidate_needs_technical_confirmation_not_current_supplier_catalog"
"2026-07-19","historical Mobilax-derived catalog snapshot (supplier label scrubbed)","SAMSUNG-2026-05-27","3000000200889","Original Volume Button Samsung Galaxy S20 G980/Galaxy S20 Plus 5G G986/Galaxy S20 Plus G985/Galaxy S20 5G G981 GH98-44986A Black","Samsung","Flat Cable","A","Galaxy S20 5G G981","","","Galaxy S20 Plus G985 | Galaxy S20 5G G981 | Galaxy S20 Plus 5G G986 | Galaxy S20 G980","4","0","draft","candidate_needs_technical_confirmation_not_current_supplier_catalog"
"2026-07-19","historical Mobilax-derived catalog snapshot (supplier label scrubbed)","SAMSUNG-2026-05-27","3000000200902","Original FRC Flex Cable Samsung Galaxy S20 Plus 5G G986/Galaxy S20 Plus G985 GH59-15227A","Samsung","Flat Cable","A","Galaxy S20 Plus 5G G986","","","Galaxy S20 Plus G985 | Galaxy S20 Plus 5G G986","2","0","draft","candidate_needs_technical_confirmation_not_current_supplier_catalog"
"2026-07-19","historical Mobilax-derived catalog snapshot (supplier label scrubbed)","SAMSUNG-2026-05-27","3000000200919","Original Microphone Flex Cable Samsung Galaxy S20 Plus 5G G986/Galaxy S20 Plus G985 GH59-15215A","Samsung","Flat Cable","A","Galaxy S20 Plus 5G G986","","","Galaxy S20 Plus G985 | Galaxy S20 Plus 5G G986","2","0","draft","candidate_needs_technical_confirmation_not_current_supplier_catalog"
"2026-07-19","historical Mobilax-derived catalog snapshot (supplier label scrubbed)","SAMSUNG-2026-05-27","3000000201060","Premium Battery Samsung Galaxy S20 G980/Galaxy S20 5G G981 EB-BG980ABY","Samsung","Batterie","A","Galaxy S20 5G G981","","","Galaxy S20 5G G981 | Galaxy S20 G980","2","0","draft","candidate_needs_technical_confirmation_not_current_supplier_catalog"
"2026-07-19","historical Mobilax-derived catalog snapshot (supplier label scrubbed)","SAMSUNG-2026-05-27","3000000201077","Original Internal Earpiece Samsung Galaxy Note 10 Plus N975/Galaxy Note 9 N960/Galaxy S10 G973/Galaxy S20 G980/Galaxy S20 5G G981 3001-002851","Samsung","Speaker","A","Galaxy S10 G973","","","Galaxy S20 5G G981 | Galaxy S20 G980 | Galaxy S10 G973","3","0","draft","candidate_needs_technical_confirmation_not_current_supplier_catalog"
"2026-07-19","historical Mobilax-derived catalog snapshot (supplier label scrubbed)","SAMSUNG-2026-05-27","3000000201213","Original Connection Flex Cable Samsung Galaxy S20 G980/Galaxy S20 5G G981 GH59-15210A GH59-15281A GH82-25728A","Samsung","Flat Cable","A","Galaxy S20 5G G981","","","Galaxy S20 5G G981 | Galaxy S20 G980","2","0","draft","candidate_needs_technical_confirmation_not_current_supplier_catalog"
"2026-07-19","historical Mobilax-derived catalog snapshot (supplier label scrubbed)","SAMSUNG-2026-05-27","3000000201220","Original Loudspeaker Samsung Galaxy S20 G980/Galaxy S20 5G G981 GH96-13088A","Samsung","Speaker","A","Galaxy S20 5G G981","","","Galaxy S20 5G G981 | Galaxy S20 G980","2","0","draft","candidate_needs_technical_confirmation_not_current_supplier_catalog"
"2026-07-19","historical Mobilax-derived catalog snapshot (supplier label scrubbed)","SAMSUNG-2026-05-27","3000000201237","Premium FRC Flex Cable Samsung Galaxy S20 G980/Galaxy S20 5G G981","Samsung","Flat Cable","A","Galaxy S20 5G G981","","","Galaxy S20 5G G981 | Galaxy S20 G980","2","0","draft","candidate_needs_technical_confirmation_not_current_supplier_catalog"
"2026-07-19","historical Mobilax-derived catalog snapshot (supplier label scrubbed)","SAMSUNG-2026-05-27","3000000201244","Original Proximity Flex Cable Samsung Galaxy S20 G980/Galaxy S20 5G G981 GH59-15208A","Samsung","Flat Cable","A","Galaxy S20 5G G981","","","Galaxy S20 5G G981 | Galaxy S20 G980","2","0","draft","candidate_needs_technical_confirmation_not_current_supplier_catalog"
"2026-07-19","historical Mobilax-derived catalog snapshot (supplier label scrubbed)","SAMSUNG-2026-05-27","3000000201251","Original Power and Volume Flex Cable Samsung Galaxy S20 G980/Galaxy S20 Plus 5G G986/Galaxy S20 Plus G985/Galaxy S20 5G G981 GH59-15209A","Samsung","Flat Cable","A","Galaxy S20 5G G981","","","Galaxy S20 Plus G985 | Galaxy S20 5G G981 | Galaxy S20 Plus 5G G986 | Galaxy S20 G980","4","0","draft","candidate_needs_technical_confirmation_not_current_supplier_catalog"
"2026-07-19","historical Mobilax-derived catalog snapshot (supplier label scrubbed)","SAMSUNG-2026-05-27","3000000201268","Original NFC Flex Cable Samsung Galaxy S20 G980/Galaxy S20 5G G981 GH97-24199A","Samsung","Flat Cable","A","Galaxy S20 5G G981","","","Galaxy S20 5G G981 | Galaxy S20 G980","2","0","draft","candidate_needs_technical_confirmation_not_current_supplier_catalog"
"2026-07-19","historical Mobilax-derived catalog snapshot (supplier label scrubbed)","SAMSUNG-2026-05-27","3000000201275","Original Lens Samsung Galaxy S20 G980/Galaxy S20 5G G981 GH64-07806A","Samsung","Fotocamere","A","Galaxy S20 5G G981","","","Galaxy S20 5G G981 | Galaxy S20 G980","2","0","draft","candidate_needs_technical_confirmation_not_current_supplier_catalog"
"2026-07-19","historical Mobilax-derived catalog snapshot (supplier label scrubbed)","SAMSUNG-2026-05-27","3000000201282","Premium Ultra Wide Angle Camera Samsung Galaxy S20 G980/Galaxy S20 5G G981 12MP","Samsung","Fotocamere","A","Galaxy S20 5G G981","","","Galaxy S20 5G G981 | Galaxy S20 G980","2","0","draft","candidate_needs_technical_confirmation_not_current_supplier_catalog"
"2026-07-19","historical Mobilax-derived catalog snapshot (supplier label scrubbed)","SAMSUNG-2026-05-27","3000000201411","Premium Battery Samsung Galaxy S20 FE 5G G781/Galaxy S20 FE 4G G780/Galaxy A52 5G A526/Galaxy A52 4G A525/Galaxy A52s 5G A528 EB-BG781ABY","Samsung","Batterie","A","Galaxy S20 FE 4G G780","","","Galaxy S20 FE 4G G780 | Galaxy S20 FE 5G G781","2","0","draft","candidate_needs_technical_confirmation_not_current_supplier_catalog"
"2026-07-19","historical Mobilax-derived catalog snapshot (supplier label scrubbed)","SAMSUNG-2026-05-27","3000000201435","Original On/Off Button Samsung Galaxy S20 FE 5G G781/Galaxy S20 FE 4G G780 GH98-46052D Cloud Mint","Samsung","Flat Cable","A","Galaxy S20 FE 4G G780","","","Galaxy S20 FE 4G G780 | Galaxy S20 FE 5G G781","2","0","draft","candidate_needs_technical_confirmation_not_current_supplier_catalog"
"2026-07-19","historical Mobilax-derived catalog snapshot (supplier label scrubbed)","SAMSUNG-2026-05-27","3000000201442","Original On/Off Button Samsung Galaxy S20 FE 5G G781/Galaxy S20 FE 4G G780 GH98-46052F Cloud Orange","Samsung","Flat Cable","A","Galaxy S20 FE 4G G780","","","Galaxy S20 FE 4G G780 | Galaxy S20 FE 5G G781","2","0","draft","candidate_needs_technical_confirmation_not_current_supplier_catalog"
"2026-07-19","historical Mobilax-derived catalog snapshot (supplier label scrubbed)","SAMSUNG-2026-05-27","3000000201459","Original On/Off Button Samsung Galaxy S20 FE 5G G781/Galaxy S20 FE 4G G780 GH98-46052E Cloud Red","Samsung","Flat Cable","A","Galaxy S20 FE 4G G780","","","Galaxy S20 FE 4G G780 | Galaxy S20 FE 5G G781","2","0","draft","candidate_needs_technical_confirmation_not_current_supplier_catalog"
"2026-07-19","historical Mobilax-derived catalog snapshot (supplier label scrubbed)","SAMSUNG-2026-05-27","3000000201466","Original On/Off Button Samsung Galaxy S20 FE 4G G780/Galaxy S20 FE 5G G781 GH98-46052B Cloud White","Samsung","Flat Cable","A","Galaxy S20 FE 4G G780","","","Galaxy S20 FE 4G G780 | Galaxy S20 FE 5G G781","2","0","draft","candidate_needs_technical_confirmation_not_current_supplier_catalog"
"2026-07-19","historical Mobilax-derived catalog snapshot (supplier label scrubbed)","SAMSUNG-2026-05-27","3000000201473","Original Volume Button Samsung Galaxy S20 FE 5G G781/Galaxy S20 FE 4G G780 GH98-46051D Cloud Mint","Samsung","Flat Cable","A","Galaxy S20 FE 4G G780","","","Galaxy S20 FE 4G G780 | Galaxy S20 FE 5G G781","2","0","draft","candidate_needs_technical_confirmation_not_current_supplier_catalog"
"2026-07-19","historical Mobilax-derived catalog snapshot (supplier label scrubbed)","SAMSUNG-2026-05-27","3000000201480","Original Volume Button Samsung Galaxy S20 FE 5G G781/Galaxy S20 FE 4G G780 GH98-46051F Cloud Orange","Samsung","Flat Cable","A","Galaxy S20 FE 4G G780","","","Galaxy S20 FE 4G G780 | Galaxy S20 FE 5G G781","2","0","draft","candidate_needs_technical_confirmation_not_current_supplier_catalog"
"2026-07-19","historical Mobilax-derived catalog snapshot (supplier label scrubbed)","SAMSUNG-2026-05-27","3000000201497","Original Volume Button Samsung Galaxy S20 FE 5G G781/Galaxy S20 FE 4G G780 GH98-46051E Cloud Red","Samsung","Flat Cable","A","Galaxy S20 FE 4G G780","","","Galaxy S20 FE 4G G780 | Galaxy S20 FE 5G G781","2","0","draft","candidate_needs_technical_confirmation_not_current_supplier_catalog"
"2026-07-19","historical Mobilax-derived catalog snapshot (supplier label scrubbed)","SAMSUNG-2026-05-27","3000000201503","Original Volume Button Samsung Galaxy S20 FE 5G G781/Galaxy S20 FE 4G G780 GH98-46051B Cloud White","Samsung","Flat Cable","A","Galaxy S20 FE 4G G780","","","Galaxy S20 FE 4G G780 | Galaxy S20 FE 5G G781","2","0","draft","candidate_needs_technical_confirmation_not_current_supplier_catalog"
"2026-07-19","historical Mobilax-derived catalog snapshot (supplier label scrubbed)","SAMSUNG-2026-05-27","3000000201534","Original SIM Tray Samsung Galaxy S20 G980/Galaxy S20 5G G981 GH98-45070D Blue","Samsung","Flat Cable","A","Galaxy S20 5G G981","","","Galaxy S20 5G G981 | Galaxy S20 G980","2","0","draft","candidate_needs_technical_confirmation_not_current_supplier_catalog"
"2026-07-19","historical Mobilax-derived catalog snapshot (supplier label scrubbed)","SAMSUNG-2026-05-27","3000000201541","Original SIM Tray Samsung Galaxy S20 G980/Galaxy S20 5G G981 GH98-45070A Cosmic Gray","Samsung","Flat Cable","A","Galaxy S20 5G G981","","","Galaxy S20 5G G981 | Galaxy S20 G980","2","0","draft","candidate_needs_technical_confirmation_not_current_supplier_catalog"
"2026-07-19","historical Mobilax-derived catalog snapshot (supplier label scrubbed)","SAMSUNG-2026-05-27","3000000201558","Original SIM Tray Samsung Galaxy S20 G980/Galaxy S20 5G G981 GH98-45070C Pink","Samsung","Flat Cable","A","Galaxy S20 5G G981","","","Galaxy S20 5G G981 | Galaxy S20 G980","2","0","draft","candidate_needs_technical_confirmation_not_current_supplier_catalog"
"2026-07-19","historical Mobilax-derived catalog snapshot (supplier label scrubbed)","SAMSUNG-2026-05-27","3000000201565","Original SIM Tray Samsung Galaxy S20 G980/Galaxy S20 5G G981 GH98-45070B White","Samsung","Flat Cable","A","Galaxy S20 5G G981","","","Galaxy S20 5G G981 | Galaxy S20 G980","2","0","draft","candidate_needs_technical_confirmation_not_current_supplier_catalog"
"2026-07-19","historical Mobilax-derived catalog snapshot (supplier label scrubbed)","SAMSUNG-2026-05-27","3000000201572","Premium Sim Tray Samsung Galaxy S20 G980/Galaxy S20 5G G981 White","Samsung","Flat Cable","A","Galaxy S20 5G G981","","","Galaxy S20 5G G981 | Galaxy S20 G980","2","0","draft","candidate_needs_technical_confirmation_not_current_supplier_catalog"
"2026-07-19","historical Mobilax-derived catalog snapshot (supplier label scrubbed)","SAMSUNG-2026-05-27","3000000201596","Original Connection Flex Cable Samsung Galaxy S20 FE 5G G781/Galaxy S20 FE 4G G780 GH59-15385A","Samsung","Flat Cable","A","Galaxy S20 FE 4G G780","","","Galaxy S20 FE 4G G780 | Galaxy S20 FE 5G G781","2","0","draft","candidate_needs_technical_confirmation_not_current_supplier_catalog"
"2026-07-19","historical Mobilax-derived catalog snapshot (supplier label scrubbed)","SAMSUNG-2026-05-27","3000000201619","Original Power and Volume Flex Cable Samsung Galaxy S20 FE 5G G781/Galaxy S20 FE 4G G780/Galaxy A52 5G A526/Galaxy A72 4G A725/Galaxy A72 5G A726/Galaxy A52 4G A525/Galaxy A52s 5G A528 GH59-15383A","Samsung","Flat Cable","A","Galaxy S20 FE 4G G780","","","Galaxy S20 FE 4G G780 | Galaxy S20 FE 5G G781","2","0","draft","candidate_needs_technical_confirmation_not_current_supplier_catalog"
"2026-07-19","historical Mobilax-derived catalog snapshot (supplier label scrubbed)","SAMSUNG-2026-05-27","3000000201633","Premium lens holder Samsung Galaxy S20 FE 5G G781/Galaxy S20 FE 4G G780 Cloud Navy","Samsung","Fotocamere","A","Galaxy S20 FE 4G G780","","","Galaxy S20 FE 4G G780 | Galaxy S20 FE 5G G781","2","0","draft","candidate_needs_technical_confirmation_not_current_supplier_catalog"
"2026-07-19","historical Mobilax-derived catalog snapshot (supplier label scrubbed)","SAMSUNG-2026-05-27","3000000201688","Premium Sim Tray Samsung Galaxy S20 FE 5G G781/Galaxy S20 FE 4G G780 Cloud White","Samsung","Flat Cable","A","Galaxy S20 FE 4G G780","","","Galaxy S20 FE 4G G780 | Galaxy S20 FE 5G G781","2","0","draft","candidate_needs_technical_confirmation_not_current_supplier_catalog"
"2026-07-19","historical Mobilax-derived catalog snapshot (supplier label scrubbed)","SAMSUNG-2026-05-27","3000000201695","Premium Sim Tray Samsung Galaxy S20 FE 5G G781/Galaxy S20 FE 4G G780 Cloud Mint","Samsung","Flat Cable","A","Galaxy S20 FE 4G G780","","","Galaxy S20 FE 4G G780 | Galaxy S20 FE 5G G781","2","0","draft","candidate_needs_technical_confirmation_not_current_supplier_catalog"
"2026-07-19","historical Mobilax-derived catalog snapshot (supplier label scrubbed)","SAMSUNG-2026-05-27","3000000201701","Premium Sim Tray Samsung Galaxy S20 FE 5G G781/Galaxy S20 FE 4G G780 Cloud Red","Samsung","Flat Cable","A","Galaxy S20 FE 4G G780","","","Galaxy S20 FE 4G G780 | Galaxy S20 FE 5G G781","2","0","draft","candidate_needs_technical_confirmation_not_current_supplier_catalog"
"2026-07-19","historical Mobilax-derived catalog snapshot (supplier label scrubbed)","SAMSUNG-2026-05-27","3000000201718","Premium Sim Tray Samsung Galaxy S20 FE 5G G781/Galaxy S20 FE 4G G780 Cloud Orange","Samsung","Flat Cable","A","Galaxy S20 FE 4G G780","","","Galaxy S20 FE 4G G780 | Galaxy S20 FE 5G G781","2","0","draft","candidate_needs_technical_confirmation_not_current_supplier_catalog"
"2026-07-19","historical Mobilax-derived catalog snapshot (supplier label scrubbed)","SAMSUNG-2026-05-27","3000000201732","Original Antenna Module Samsung Galaxy S20 FE 4G G780/Galaxy S20 FE 5G G781 GH96-13899A","Samsung","Flat Cable","A","Galaxy S20 FE 4G G780","","","Galaxy S20 FE 4G G780 | Galaxy S20 FE 5G G781","2","0","draft","candidate_needs_technical_confirmation_not_current_supplier_catalog"
"2026-07-19","historical Mobilax-derived catalog snapshot (supplier label scrubbed)","SAMSUNG-2026-05-27","3000000201770","Original On/Off Button Samsung Galaxy S10 G973/Galaxy S10 Plus G975 GH98-43730B White Ceramic","Samsung","Flat Cable","A","Galaxy S10 G973","","","Galaxy S10 Plus G975 | Galaxy S10 G973","2","0","draft","candidate_needs_technical_confirmation_not_current_supplier_catalog"
"2026-07-19","historical Mobilax-derived catalog snapshot (supplier label scrubbed)","SAMSUNG-2026-05-27","3000000201787","Original On/Off Button Samsung Galaxy S10 G973/Galaxy S10 Plus G975 GH98-43730C Blue","Samsung","Flat Cable","A","Galaxy S10 G973","","","Galaxy S10 Plus G975 | Galaxy S10 G973","2","0","draft","candidate_needs_technical_confirmation_not_current_supplier_catalog"
"2026-07-19","historical Mobilax-derived catalog snapshot (supplier label scrubbed)","SAMSUNG-2026-05-27","3000000201794","Original On/Off Button Samsung Galaxy S10 G973/Galaxy S10 Plus G975 GH98-43730E Prism Green","Samsung","Flat Cable","A","Galaxy S10 G973","","","Galaxy S10 Plus G975 | Galaxy S10 G973","2","0","draft","candidate_needs_technical_confirmation_not_current_supplier_catalog"
"2026-07-19","historical Mobilax-derived catalog snapshot (supplier label scrubbed)","SAMSUNG-2026-05-27","3000000201800","Premium On/Off and Volume Buttons Samsung Galaxy S10 G973/Galaxy S10 Plus G975 Black","Samsung","Flat Cable","A","Galaxy S10 G973","","","Galaxy S10 Plus G975 | Galaxy S10 G973","2","0","draft","candidate_needs_technical_confirmation_not_current_supplier_catalog"
"2026-07-19","historical Mobilax-derived catalog snapshot (supplier label scrubbed)","SAMSUNG-2026-05-27","3000000201817","Original Volume Button Samsung Galaxy S10 G973/Galaxy S10 Plus G975 GH98-43731B White","Samsung","Flat Cable","A","Galaxy S10 G973","","","Galaxy S10 Plus G975 | Galaxy S10 G973","2","0","draft","candidate_needs_technical_confirmation_not_current_supplier_catalog"
"2026-07-19","historical Mobilax-derived catalog snapshot (supplier label scrubbed)","SAMSUNG-2026-05-27","3000000201824","Original Volume Button Samsung Galaxy S10 G973/Galaxy S10 Plus G975 GH98-43731E Prism Green","Samsung","Flat Cable","A","Galaxy S10 G973","","","Galaxy S10 Plus G975 | Galaxy S10 G973","2","0","draft","candidate_needs_technical_confirmation_not_current_supplier_catalog"
"2026-07-19","historical Mobilax-derived catalog snapshot (supplier label scrubbed)","OPPO-2026-05-27","3000000202098","Premium Fingerprint Reader OPPO A17 (CPH2477)/A38 (CPH2579)/A58 4G (CPH2577) Black","OPPO","Flat Cable","A","A17 CPH2477","","","A17 CPH2477 | A38 CPH2579 | A58 4G CPH2577","3","0","draft","candidate_needs_technical_confirmation_not_current_supplier_catalog"
"2026-07-19","historical Mobilax-derived catalog snapshot (supplier label scrubbed)","OPPO-2026-05-27","3000000202357","Premium Ultra Wide Angle Camera OPPO Find X5 Lite/Reno7 5G 8MP","OPPO","Fotocamere","A","Find X5 Lite","","","Find X5 Lite | RENO7 5G","2","0","draft","candidate_needs_technical_confirmation_not_current_supplier_catalog"
"2026-07-19","historical Mobilax-derived catalog snapshot (supplier label scrubbed)","OPPO-2026-05-27","3000000202364","Premium Macro Sensor OPPO Find X3 Lite/Find X5 Lite 2MP","OPPO","Flat Cable","A","Find X3 Lite","","","Find X3 Lite | Find X5 Lite","2","0","draft","candidate_needs_technical_confirmation_not_current_supplier_catalog"
"2026-07-19","historical Mobilax-derived catalog snapshot (supplier label scrubbed)","SAMSUNG-2026-05-27","3000000203996","Premium Fingerprint Reader Samsung Galaxy S9 G960/Galaxy S9 Plus G965 Titanium Gray","Samsung","Flat Cable","A","Galaxy S9 G960","","","Galaxy S9 G960 | Galaxy S9 Plus G965","2","0","draft","candidate_needs_technical_confirmation_not_current_supplier_catalog"
"2026-07-19","historical Mobilax-derived catalog snapshot (supplier label scrubbed)","SAMSUNG-2026-05-25","3000000204085","Original Volume Button Samsung Galaxy Note 20 5G N981/Galaxy Note 20 Ultra 5G N986/Galaxy Note 20 N980/Galaxy Note 20 Ultra N985 GH98-45543D Mystic Bronze","Samsung","Flat Cable","A","Galaxy Note 20 5G N981","","","Galaxy Note 20 5G N981 | Galaxy Note 20 N980 | Galaxy Note 20 Ultra 5G N986","3","0","draft","candidate_needs_technical_confirmation_not_current_supplier_catalog"
"2026-07-19","historical Mobilax-derived catalog snapshot (supplier label scrubbed)","SAMSUNG-2026-05-25","3000000204092","Original On/Off Button Samsung Galaxy Note 20 5G N981/Galaxy Note 20 Ultra 5G N986/Galaxy Note 20 N980/Galaxy Note 20 Ultra N985 GH98-45544D Mystic Bronze","Samsung","Flat Cable","A","Galaxy Note 20 5G N981","","","Galaxy Note 20 5G N981 | Galaxy Note 20 N980 | Galaxy Note 20 Ultra 5G N986","3","0","draft","candidate_needs_technical_confirmation_not_current_supplier_catalog"
"2026-07-19","historical Mobilax-derived catalog snapshot (supplier label scrubbed)","SAMSUNG-2026-05-27","3000000204399","Original Front Camera Samsung Galaxy S20 G980/Galaxy S20 Plus 5G G986/Galaxy Note 20 5G N981/Galaxy Note 20 Ultra 5G N986/Galaxy S20 Plus G985/Galaxy Note 20 N980/Galaxy S20 5G G981/Galaxy Note 20 Ultra N985 GH96-13040A 10MP","Samsung","Fotocamere","A","Galaxy S20 5G G981","","","Galaxy S20 Plus G985 | Galaxy S20 5G G981 | Galaxy S20 Plus 5G G986 | Galaxy S20 G980","4","0","draft","candidate_needs_technical_confirmation_not_current_supplier_catalog"
"2026-07-19","historical Mobilax-derived catalog snapshot (supplier label scrubbed)","SAMSUNG-2026-05-25","3000000204597","Premium Battery Samsung Galaxy Note 20 5G N981/Galaxy Note 20 N980 EB-BN981ABY","Samsung","Batterie","A","Galaxy Note 20 5G N981","","","Galaxy Note 20 5G N981 | Galaxy Note 20 N980","2","0","draft","candidate_needs_technical_confirmation_not_current_supplier_catalog"
"2026-07-19","historical Mobilax-derived catalog snapshot (supplier label scrubbed)","SAMSUNG-2026-05-25","3000000204603","Premium Camera Samsung Galaxy Note 20 5G N981/Galaxy Note 20 N980 64MP+12MP","Samsung","Fotocamere","A","Galaxy Note 20 5G N981","","","Galaxy Note 20 5G N981 | Galaxy Note 20 N980","2","0","draft","candidate_needs_technical_confirmation_not_current_supplier_catalog"
"2026-07-19","historical Mobilax-derived catalog snapshot (supplier label scrubbed)","SAMSUNG-2026-05-25","3000000204610","Premium Ultra Wide Angle Camera Samsung Galaxy Note 20 5G N981/Galaxy Note 20 N980 12MP","Samsung","Fotocamere","A","Galaxy Note 20 5G N981","","","Galaxy Note 20 5G N981 | Galaxy Note 20 N980","2","0","draft","candidate_needs_technical_confirmation_not_current_supplier_catalog"
"2026-07-19","historical Mobilax-derived catalog snapshot (supplier label scrubbed)","SAMSUNG-2026-05-25","3000000204627","Original Loudspeaker Samsung Galaxy Note 20 5G N981/Galaxy Note 20 N980 GH96-13726A","Samsung","Speaker","A","Galaxy Note 20 5G N981","","","Galaxy Note 20 5G N981 | Galaxy Note 20 N980","2","0","draft","candidate_needs_technical_confirmation_not_current_supplier_catalog"
"2026-07-19","historical Mobilax-derived catalog snapshot (supplier label scrubbed)","SAMSUNG-2026-05-25","3000000204634","Original Internal Earpiece Samsung Galaxy Note 20 5G N981/Galaxy Note 20 N980 GH97-25225A","Samsung","Speaker","A","Galaxy Note 20 5G N981","","","Galaxy Note 20 5G N981 | Galaxy Note 20 N980","2","0","draft","candidate_needs_technical_confirmation_not_current_supplier_catalog"
"2026-07-19","historical Mobilax-derived catalog snapshot (supplier label scrubbed)","SAMSUNG-2026-05-25","3000000204672","Original On/Off Button Samsung Galaxy Note 20 5G N981/Galaxy Note 20 N980 GH98-45544E Mystic Green","Samsung","Flat Cable","A","Galaxy Note 20 5G N981","","","Galaxy Note 20 5G N981 | Galaxy Note 20 N980","2","0","draft","candidate_needs_technical_confirmation_not_current_supplier_catalog"
"2026-07-19","historical Mobilax-derived catalog snapshot (supplier label scrubbed)","SAMSUNG-2026-05-25","3000000204702","Original Lens Samsung Galaxy Note 20 5G N981/Galaxy Note 20 N980 GH64-08156B Mystic Bronze","Samsung","Fotocamere","A","Galaxy Note 20 5G N981","","","Galaxy Note 20 5G N981 | Galaxy Note 20 N980","2","0","draft","candidate_needs_technical_confirmation_not_current_supplier_catalog"
"2026-07-19","historical Mobilax-derived catalog snapshot (supplier label scrubbed)","SAMSUNG-2026-05-25","3000000204719","Premium Stylus Pen Charging Connector Flex Cable Samsung Galaxy Note 20 5G N981/Galaxy Note 20 N980","Samsung","Connettori","A","Galaxy Note 20 5G N981","","","Galaxy Note 20 5G N981 | Galaxy Note 20 N980","2","0","draft","candidate_needs_technical_confirmation_not_current_supplier_catalog"
"2026-07-19","historical Mobilax-derived catalog snapshot (supplier label scrubbed)","SAMSUNG-2026-05-25","3000000204740","Original FRC Flex Cable Samsung Galaxy Note 20 5G N981/Galaxy Note 20 N980 GH59-15340A","Samsung","Flat Cable","A","Galaxy Note 20 5G N981","","","Galaxy Note 20 5G N981 | Galaxy Note 20 N980","2","0","draft","candidate_needs_technical_confirmation_not_current_supplier_catalog"
"2026-07-19","historical Mobilax-derived catalog snapshot (supplier label scrubbed)","SAMSUNG-2026-05-25","3000000204764","Original NFC Flex Cable Samsung Galaxy Note 20 5G N981/Galaxy Note 20 N980 GH97-25227A","Samsung","Flat Cable","A","Galaxy Note 20 5G N981","","","Galaxy Note 20 5G N981 | Galaxy Note 20 N980","2","0","draft","candidate_needs_technical_confirmation_not_current_supplier_catalog"
"2026-07-19","historical Mobilax-derived catalog snapshot (supplier label scrubbed)","SAMSUNG-2026-05-25","3000000204771","Original Power and Volume Flex Cable Samsung Galaxy Note 20 5G N981/Galaxy Note 20 N980 GH59-15315A","Samsung","Flat Cable","A","Galaxy Note 20 5G N981","","","Galaxy Note 20 5G N981 | Galaxy Note 20 N980","2","0","draft","candidate_needs_technical_confirmation_not_current_supplier_catalog"
"2026-07-19","historical Mobilax-derived catalog snapshot (supplier label scrubbed)","SAMSUNG-2026-05-25","3000000204788","Original SIM Tray Samsung Galaxy Note 20 5G N981/Galaxy Note 20 N980 GH98-45734B Mystic Bronze","Samsung","Flat Cable","A","Galaxy Note 20 5G N981","","","Galaxy Note 20 5G N981 | Galaxy Note 20 N980","2","0","draft","candidate_needs_technical_confirmation_not_current_supplier_catalog"
"2026-07-19","historical Mobilax-derived catalog snapshot (supplier label scrubbed)","SAMSUNG-2026-05-25","3000000204795","Original SIM Tray Samsung Galaxy Note 20 5G N981/Galaxy Note 20 N980 GH98-45734C Mystic Green","Samsung","Flat Cable","A","Galaxy Note 20 5G N981","","","Galaxy Note 20 5G N981 | Galaxy Note 20 N980","2","0","draft","candidate_needs_technical_confirmation_not_current_supplier_catalog"
"2026-07-19","historical Mobilax-derived catalog snapshot (supplier label scrubbed)","HONOR-2026-05-27","3000000204870","Premium Battery Honor X8a/90 Lite/X8b/200 Lite HB416594EGW","Honor","Batterie","A","90 Lite","","","90 Lite | 200 Lite | X8A | X8B","4","0","draft","candidate_needs_technical_confirmation_not_current_supplier_catalog"
"2026-07-19","historical Mobilax-derived catalog snapshot (supplier label scrubbed)","XIAOMI-2026-05-27","3000000205013","OEM Display Touchscreen Xiaomi Redmi Note 12 Pro 5G/Redmi Note 12 Pro+ 5G Black","Xiaomi","Schermi","A","Redmi Note 12 Pro 5G","","","Redmi Note 12 Pro 5G | Redmi Note 12 Pro+ 5G","2","0","draft","candidate_needs_technical_confirmation_not_current_supplier_catalog"
"2026-07-19","historical Mobilax-derived catalog snapshot (supplier label scrubbed)","XIAOMI-2026-05-27","3000000205044","Premium Sim Tray Xiaomi Redmi Note 12 Pro 5G/Redmi Note 12 Pro+ 5G Polar White","Xiaomi","Flat Cable","A","Redmi Note 12 Pro 5G","","","Redmi Note 12 Pro 5G | Redmi Note 12 Pro+ 5G","2","0","draft","candidate_needs_technical_confirmation_not_current_supplier_catalog"
"2026-07-19","historical Mobilax-derived catalog snapshot (supplier label scrubbed)","XIAOMI-2026-05-27","3000000205051","Premium Sim Tray Xiaomi Redmi Note 12 Pro 5G/Redmi Note 12 Pro+ 5G Sky Blue","Xiaomi","Flat Cable","A","Redmi Note 12 Pro 5G","","","Redmi Note 12 Pro 5G | Redmi Note 12 Pro+ 5G","2","0","draft","candidate_needs_technical_confirmation_not_current_supplier_catalog"
"2026-07-19","historical Mobilax-derived catalog snapshot (supplier label scrubbed)","XIAOMI-2026-05-27","3000000205068","Premium Sim Tray Xiaomi Redmi Note 12 Pro 5G/Redmi Note 12 Pro+ 5G Midnight Schwarz","Xiaomi","Flat Cable","A","Redmi Note 12 Pro 5G","","","Redmi Note 12 Pro 5G | Redmi Note 12 Pro+ 5G","2","0","draft","candidate_needs_technical_confirmation_not_current_supplier_catalog"
"2026-07-19","historical Mobilax-derived catalog snapshot (supplier label scrubbed)","XIAOMI-2026-05-27","3000000205075","Premium Front Camera Xiaomi Redmi Note 12 Pro 5G/Redmi Note 12 Pro+ 5G 16MP","Xiaomi","Fotocamere","A","Redmi Note 12 Pro 5G","","","Redmi Note 12 Pro 5G | Redmi Note 12 Pro+ 5G","2","0","draft","candidate_needs_technical_confirmation_not_current_supplier_catalog"
"2026-07-19","historical Mobilax-derived catalog snapshot (supplier label scrubbed)","MOTOROLA-2026-05-27","3000000206102","Premium Battery Motorola Moto G22/Moto E32/Moto G53/Moto E13 NH50","Motorola","Batterie","A","Moto E13","","","Moto E13 | Moto E32 | Moto G22 | Moto G53","4","0","draft","candidate_needs_technical_confirmation_not_current_supplier_catalog"
"2026-07-19","historical Mobilax-derived catalog snapshot (supplier label scrubbed)","SAMSUNG-2026-05-25","3000000206553","Premium Ultra Wide Angle Camera Samsung Galaxy A22 4G A225/Galaxy M32 M325/Galaxy M23 5G M236/Galaxy M53 5G M536 8MP","Samsung","Fotocamere","A","Galaxy A22 4G A225","","","Galaxy A22 4G A225 | Galaxy M23 5G M236 | Galaxy M32 M325 | Galaxy M53 5G M536","4","0","draft","candidate_needs_technical_confirmation_not_current_supplier_catalog"
"2026-07-19","historical Mobilax-derived catalog snapshot (supplier label scrubbed)","SAMSUNG-2026-05-25","3000000206560","Premium Depth Sensor Samsung Galaxy M32 M325/Galaxy M22 M225/Galaxy M33 5G M336/Galaxy M53 5G M536 2MP","Samsung","Flat Cable","A","Galaxy M22 M225","","","Galaxy M22 M225 | Galaxy M32 M325 | Galaxy M33 5G M336 | Galaxy M53 5G M536","4","0","draft","candidate_needs_technical_confirmation_not_current_supplier_catalog"
"2026-07-19","historical Mobilax-derived catalog snapshot (supplier label scrubbed)","SAMSUNG-2026-05-25","3000000206898","Premium Vibrator Samsung Galaxy M52 5G M526/Galaxy A33 5G A336/Galaxy A53 5G A536/Galaxy A73 5G A736","Samsung","Flat Cable","A","Galaxy A33 5G A336","","","Galaxy A33 5G A336 | Galaxy A53 5G A536 | Galaxy A73 5G A736 | Galaxy M52 5G M526","4","0","draft","candidate_needs_technical_confirmation_not_current_supplier_catalog"
"2026-07-19","historical Mobilax-derived catalog snapshot (supplier label scrubbed)","SAMSUNG-2026-05-25","3000000207321","Premium Main Camera Samsung Galaxy A13 4G A135/Galaxy M23 5G M236/Galaxy M33 5G M336/Galaxy M13 M135/Galaxy A13 4G A137 50MP","Samsung","Fotocamere","A","Galaxy A13 4G A135","","","Galaxy A13 4G A135 | Galaxy A13 4G A137 | Galaxy M13 M135 | Galaxy M23 5G M236 | Galaxy M33 5G M336","5","0","draft","candidate_needs_technical_confirmation_not_current_supplier_catalog"
"2026-07-19","historical Mobilax-derived catalog snapshot (supplier label scrubbed)","SAMSUNG-2026-05-25","3000000207338","Premium Front Camera Samsung Galaxy M23 5G M236/Galaxy M33 5G M336 8MP","Samsung","Fotocamere","A","Galaxy M23 5G M236","","","Galaxy M23 5G M236 | Galaxy M33 5G M336","2","0","draft","candidate_needs_technical_confirmation_not_current_supplier_catalog"
"2026-07-19","historical Mobilax-derived catalog snapshot (supplier label scrubbed)","SAMSUNG-2026-05-25","3000000207345","Premium Macro Sensor Samsung Galaxy A23 5G A236/Galaxy M33 5G M336/Galaxy M53 5G M536 2MP","Samsung","Flat Cable","A","Galaxy A23 5G A236","","","Galaxy A23 5G A236 | Galaxy M33 5G M336 | Galaxy M53 5G M536","3","0","draft","candidate_needs_technical_confirmation_not_current_supplier_catalog"
"2026-07-19","historical Mobilax-derived catalog snapshot (supplier label scrubbed)","SAMSUNG-2026-05-25","3000000207352","Premium Ultra Wide Angle Camera Samsung Galaxy A12 A125/Galaxy M12 M127/Galaxy A12 Nacho A127/Galaxy M33 5G M336 5MP","Samsung","Fotocamere","A","Galaxy A12 A125","","","Galaxy A12 A125 | Galaxy A12 Nacho A127 | Galaxy M12 M127 | Galaxy M33 5G M336","4","0","draft","candidate_needs_technical_confirmation_not_current_supplier_catalog"
"2026-07-19","historical Mobilax-derived catalog snapshot (supplier label scrubbed)","SAMSUNG-2026-05-25","3000000207369","Premium Lens Samsung Galaxy M23 5G M236/Galaxy M33 5G M336/Galaxy M13 M135","Samsung","Fotocamere","A","Galaxy M13 M135","","","Galaxy M13 M135 | Galaxy M23 5G M236 | Galaxy M33 5G M336","3","0","draft","candidate_needs_technical_confirmation_not_current_supplier_catalog"
"2026-07-19","historical Mobilax-derived catalog snapshot (supplier label scrubbed)","SAMSUNG-2026-05-25","3000000207482","Premium Main Camera Samsung Galaxy A32 4G A325/Galaxy M32 M325 64MP","Samsung","Fotocamere","A","Galaxy A32 4G A325","","","Galaxy A32 4G A325 | Galaxy M32 M325","2","0","draft","candidate_needs_technical_confirmation_not_current_supplier_catalog"
"2026-07-19","historical Mobilax-derived catalog snapshot (supplier label scrubbed)","SAMSUNG-2026-05-25","3000000207499","Premium Dock Connector Samsung Galaxy M32 M325/Galaxy M22 M225","Samsung","Connettori","A","Galaxy M22 M225","","","Galaxy M22 M225 | Galaxy M32 M325","2","0","draft","candidate_needs_technical_confirmation_not_current_supplier_catalog"
"2026-07-19","historical Mobilax-derived catalog snapshot (supplier label scrubbed)","SAMSUNG-2026-05-25","3000000207505","Premium Macro Sensor Samsung Galaxy A12 A125/Galaxy M12 M127/Galaxy M32 M325/Galaxy A12 Nacho A127/Galaxy A13 5G A136/Galaxy M22 M225/Galaxy  A24 4G A245/Galaxy M54 5G M546/Galaxy A25 5G A256 2MP","Samsung","Flat Cable","A","Galaxy A12 A125","","","Galaxy A12 A125 | Galaxy A12 Nacho A127 | Galaxy A13 5G A136 | Galaxy A24 4G A245 | Galaxy A25 5G A256 | Galaxy M12 M127 | Galaxy M22 M225 | Galaxy M32 M325 | Galaxy M54 5G M546","9","0","draft","candidate_needs_technical_confirmation_not_current_supplier_catalog"
"2026-07-19","historical Mobilax-derived catalog snapshot (supplier label scrubbed)","SAMSUNG-2026-05-25","3000000207574","Premium Connection Flex Cable Samsung Galaxy M32 M325/Galaxy M22 M225","Samsung","Flat Cable","A","Galaxy M22 M225","","","Galaxy M22 M225 | Galaxy M32 M325","2","0","draft","candidate_needs_technical_confirmation_not_current_supplier_catalog"
"2026-07-19","historical Mobilax-derived catalog snapshot (supplier label scrubbed)","SAMSUNG-2026-05-25","3000000207581","Premium Volume Flex Cable Samsung Galaxy A12 A125/Galaxy A32 5G A326/Galaxy M12 M127/Galaxy M32 M325/Galaxy A12 Nacho A127/Galaxy M52 5G M526/Galaxy A13 5G A136/Galaxy M22 M225/Galaxy A23 5G A236/Galaxy A13 4G A135/Galaxy M31s M317/Galaxy M23 5G M236/Galaxy M33 5G M336/Galaxy A13 4G A137/Galaxy A23 4G A235","Samsung","Flat Cable","A","Galaxy A12 A125","","","Galaxy A12 A125 | Galaxy A12 Nacho A127 | Galaxy A13 4G A135 | Galaxy A13 4G A137 | Galaxy A13 5G A136 | Galaxy A23 4G A235 | Galaxy A23 5G A236 | Galaxy A32 5G A326 | Galaxy M12 M127 | Galaxy M22 M225 | Galaxy M23 5G M236 | Galaxy M32 M325 | Galaxy M33 5G M336 | Galaxy M52 5G M526","14","0","draft","candidate_needs_technical_confirmation_not_current_supplier_catalog"
"2026-07-19","historical Mobilax-derived catalog snapshot (supplier label scrubbed)","HONOR-2026-05-27","3000000207680","Original Battery Huawei P Smart Z Honor 9X Pro/9X 24022915 HB446486ECW","Honor","Batterie","A","9X","","","9X | 9X Pro","2","0","draft","candidate_needs_technical_confirmation_not_current_supplier_catalog"
"2026-07-19","historical Mobilax-derived catalog snapshot (supplier label scrubbed)","SAMSUNG-2026-05-25","3000000207697","Original Front Camera Samsung Galaxy A51 A515/Galaxy A51 5G A516/Galaxy M31s M317 GH96-12987A 32MP","Samsung","Fotocamere","A","Galaxy A51 5G A516","","","Galaxy A51 5G A516 | Galaxy A51 A515","2","0","draft","candidate_needs_technical_confirmation_not_current_supplier_catalog"
"2026-07-19","historical Mobilax-derived catalog snapshot (supplier label scrubbed)","SAMSUNG-2026-05-25","3000000207826","Original Connection Flex Cable Samsung Galaxy M31 M315/Galaxy M21 M215 GH96-12853A","Samsung","Flat Cable","A","Galaxy M21 M215","","","Galaxy M21 M215 | Galaxy M31 M315","2","0","draft","candidate_needs_technical_confirmation_not_current_supplier_catalog"
"2026-07-19","historical Mobilax-derived catalog snapshot (supplier label scrubbed)","SAMSUNG-2026-05-25","3000000208199","Premium Front Camera Samsung Galaxy A22 4G A225/Galaxy M22 M225 13MP","Samsung","Fotocamere","A","Galaxy A22 4G A225","","","Galaxy A22 4G A225 | Galaxy M22 M225","2","0","draft","candidate_needs_technical_confirmation_not_current_supplier_catalog"
"2026-07-19","historical Mobilax-derived catalog snapshot (supplier label scrubbed)","SAMSUNG-2026-05-25","3000000208304","Original Vibrator Samsung Galaxy A51 A515/Galaxy A21S A217F/Galaxy A42 5G A426/Galaxy A32 5G A326/Galaxy A52 5G A526/Galaxy A72 4G A725/Galaxy A52 4G A525/Galaxy A01 A015F/Galaxy A32 4G A325/Galaxy A52s 5G A528/Galaxy A13 5G A136/Galaxy M22 M225/Galaxy A23 5G A236/Galaxy A13 4G A135/Galaxy M23 5G M236/Galaxy M33 5G M336/Galaxy A13 4G A137/Galaxy A04s A047F/Galaxy A23 4G A235/Galaxy  A24 4G A245/Galaxy M14 5G M146/Galaxy M34 5G M346/Galaxy A25 5G A256 GH31-00744A","Samsung","Flat Cable","A","Galaxy A01 A015F","","","Galaxy A01 A015F | Galaxy A13 4G A135 | Galaxy A13 4G A137 | Galaxy A13 5G A136 | Galaxy A23 4G A235 | Galaxy A23 5G A236 | Galaxy A24 4G A245 | Galaxy A25 5G A256 | Galaxy A32 4G A325 | Galaxy A32 5G A326 | Galaxy A42 5G A426 | Galaxy A51 A515 | Galaxy A52 4G A525 | Galaxy A52 5G A526 | Galaxy A72 4G A725 | Galaxy M14 5G M146 | Galaxy M22 M225 | Galaxy M23 5G M236 | Galaxy M33 5G M336 | Galaxy M34 5G M346","20","0","draft","candidate_needs_technical_confirmation_not_current_supplier_catalog"
"2026-07-19","historical Mobilax-derived catalog snapshot (supplier label scrubbed)","SAMSUNG-2026-05-25","3000000208335","Original Battery Samsung Galaxy M21 M215/Galaxy M30S M307/Galaxy M31 M315 GH82-22406A GH82-25044A GH82-21263A","Samsung","Batterie","A","Galaxy M21 M215","","","Galaxy M21 M215 | Galaxy M31 M315","2","0","draft","candidate_needs_technical_confirmation_not_current_supplier_catalog"
"2026-07-19","historical Mobilax-derived catalog snapshot (supplier label scrubbed)","SAMSUNG-2026-05-25","3000000208403","Original Antenna Samsung Galaxy M21 M215/Galaxy M30S M307/Galaxy M31 M315 GH42-06432A","Samsung","Flat Cable","A","Galaxy M21 M215","","","Galaxy M21 M215 | Galaxy M31 M315","2","0","draft","candidate_needs_technical_confirmation_not_current_supplier_catalog"
"2026-07-19","historical Mobilax-derived catalog snapshot (supplier label scrubbed)","SAMSUNG-2026-05-25","3000000208649","Premium Front Camera Samsung Galaxy A23 5G A236/Galaxy A13 4G A135/Galaxy M13 M135/Galaxy A23 4G A235 8MP","Samsung","Fotocamere","A","Galaxy A13 4G A135","","","Galaxy A13 4G A135 | Galaxy A23 4G A235 | Galaxy A23 5G A236 | Galaxy M13 M135","4","0","draft","candidate_needs_technical_confirmation_not_current_supplier_catalog"
"2026-07-19","historical Mobilax-derived catalog snapshot (supplier label scrubbed)","SAMSUNG-2026-05-25","3000000208656","Premium Ultra Wide Angle Camera Samsung Galaxy A23 5G A236/Galaxy A13 4G A135/Galaxy M13 M135/Galaxy A13 4G A137 5MP","Samsung","Fotocamere","A","Galaxy A13 4G A135","","","Galaxy A13 4G A135 | Galaxy A13 4G A137 | Galaxy A23 5G A236 | Galaxy M13 M135","4","0","draft","candidate_needs_technical_confirmation_not_current_supplier_catalog"
"2026-07-19","historical Mobilax-derived catalog snapshot (supplier label scrubbed)","SAMSUNG-2026-05-25","3000000208663","Premium Depth Sensor Samsung Galaxy A23 5G A236/Galaxy M13 M135 2MP","Samsung","Flat Cable","A","Galaxy A23 5G A236","","","Galaxy A23 5G A236 | Galaxy M13 M135","2","0","draft","candidate_needs_technical_confirmation_not_current_supplier_catalog"
"2026-07-19","historical Mobilax-derived catalog snapshot (supplier label scrubbed)","SAMSUNG-2026-05-25","3000000208830","Premium Main Camera Samsung Galaxy M12 M127/Galaxy A12 Nacho A127 48MP","Samsung","Fotocamere","A","Galaxy A12 Nacho A127","","","Galaxy A12 Nacho A127 | Galaxy M12 M127","2","0","draft","candidate_needs_technical_confirmation_not_current_supplier_catalog"
"2026-07-19","historical Mobilax-derived catalog snapshot (supplier label scrubbed)","SAMSUNG-2026-05-25","3000000208847","Original Front Camera Samsung Galaxy A12 A125/Galaxy M12 M127/Galaxy A12 Nacho A127 GH96-14023A 8MP","Samsung","Fotocamere","A","Galaxy A12 A125","","","Galaxy A12 A125 | Galaxy A12 Nacho A127 | Galaxy M12 M127","3","0","draft","candidate_needs_technical_confirmation_not_current_supplier_catalog"
"2026-07-19","historical Mobilax-derived catalog snapshot (supplier label scrubbed)","SAMSUNG-2026-05-25","3000000208854","Premium Depth Sensor Samsung Galaxy A12 A125/Galaxy A32 5G A326/Galaxy M12 M127/Galaxy A12 Nacho A127/Galaxy A33 5G A336/Galaxy A13 4G A135/Galaxy A13 4G A137 2MP","Samsung","Flat Cable","A","Galaxy A12 A125","","","Galaxy A12 A125 | Galaxy A12 Nacho A127 | Galaxy A13 4G A135 | Galaxy A13 4G A137 | Galaxy A32 5G A326 | Galaxy A33 5G A336 | Galaxy M12 M127","7","0","draft","candidate_needs_technical_confirmation_not_current_supplier_catalog"
"2026-07-19","historical Mobilax-derived catalog snapshot (supplier label scrubbed)","SAMSUNG-2026-05-25","3000000208861","Premium Lens Samsung Galaxy A12 A125/Galaxy M12 M127/Galaxy A12 Nacho A127","Samsung","Fotocamere","A","Galaxy A12 A125","","","Galaxy A12 A125 | Galaxy A12 Nacho A127 | Galaxy M12 M127","3","0","draft","candidate_needs_technical_confirmation_not_current_supplier_catalog"
"2026-07-19","historical Mobilax-derived catalog snapshot (supplier label scrubbed)","SAMSUNG-2026-05-25","3000000209103","Original Internal Earpiece Samsung Galaxy A11 A115/Galaxy M11 M115 GH81-18769A","Samsung","Speaker","A","Galaxy A11 A115","","","Galaxy A11 A115 | Galaxy M11 M115","2","0","draft","candidate_needs_technical_confirmation_not_current_supplier_catalog"
"2026-07-19","historical Mobilax-derived catalog snapshot (supplier label scrubbed)","SAMSUNG-2026-05-25","3000000209196","Premium Depth Sensor Samsung Galaxy A42 5G A426/Galaxy A52 5G A526/Galaxy A32 4G A325/Galaxy A52s 5G A528/Galaxy A53 5G A536/Galaxy A73 5G A736 5MP","Samsung","Flat Cable","A","Galaxy A32 4G A325","","","Galaxy A32 4G A325 | Galaxy A42 5G A426 | Galaxy A52 5G A526 | Galaxy A53 5G A536 | Galaxy A73 5G A736","5","0","draft","candidate_needs_technical_confirmation_not_current_supplier_catalog"
"2026-07-19","historical Mobilax-derived catalog snapshot (supplier label scrubbed)","SAMSUNG-2026-05-25","3000000209202","Original On/Off Button Samsung Galaxy A52 5G A526/Galaxy A72 4G A725/Galaxy A72 5G A726/Galaxy A52 4G A525/Galaxy A52s 5G A528 GH98-46285A Awesome Black","Samsung","Flat Cable","A","Galaxy A52 4G A525","","","Galaxy A52 4G A525 | Galaxy A52 5G A526 | Galaxy A72 4G A725 | Galaxy A72 5G A726","4","0","draft","candidate_needs_technical_confirmation_not_current_supplier_catalog"
"2026-07-19","historical Mobilax-derived catalog snapshot (supplier label scrubbed)","SAMSUNG-2026-05-25","3000000209219","Original On/Off Button Samsung Galaxy A52 5G A526/Galaxy A72 4G A725/Galaxy A72 5G A726/Galaxy A52 4G A525/Galaxy A52s 5G A528 GH98-46285B Awesome Blue","Samsung","Flat Cable","A","Galaxy A52 4G A525","","","Galaxy A52 4G A525 | Galaxy A52 5G A526 | Galaxy A72 4G A725 | Galaxy A72 5G A726","4","0","draft","candidate_needs_technical_confirmation_not_current_supplier_catalog"
"2026-07-19","historical Mobilax-derived catalog snapshot (supplier label scrubbed)","SAMSUNG-2026-05-25","3000000209226","Original On/Off Button Samsung Galaxy A52 5G A526/Galaxy A72 4G A725/Galaxy A72 5G A726/Galaxy A52 4G A525/Galaxy A52s 5G A528 GH98-46285C Awesome Violet","Samsung","Flat Cable","A","Galaxy A52 4G A525","","","Galaxy A52 4G A525 | Galaxy A52 5G A526 | Galaxy A72 4G A725 | Galaxy A72 5G A726","4","0","draft","candidate_needs_technical_confirmation_not_current_supplier_catalog"
"2026-07-19","historical Mobilax-derived catalog snapshot (supplier label scrubbed)","SAMSUNG-2026-05-25","3000000209233","Original On/Off Button Samsung Galaxy A52 5G A526/Galaxy A72 4G A725/Galaxy A72 5G A726/Galaxy A52 4G A525/Galaxy A52s 5G A528 GH98-46285D Awesome White","Samsung","Flat Cable","A","Galaxy A52 4G A525","","","Galaxy A52 4G A525 | Galaxy A52 5G A526 | Galaxy A72 4G A725 | Galaxy A72 5G A726","4","0","draft","candidate_needs_technical_confirmation_not_current_supplier_catalog"
"2026-07-19","historical Mobilax-derived catalog snapshot (supplier label scrubbed)","SAMSUNG-2026-05-25","3000000209240","Original Volume Button Samsung Galaxy A52 5G A526/Galaxy A72 4G A725/Galaxy A72 5G A726/Galaxy A52 4G A525/Galaxy A52s 5G A528 GH98-46399A Awesome Black","Samsung","Flat Cable","A","Galaxy A52 4G A525","","","Galaxy A52 4G A525 | Galaxy A52 5G A526 | Galaxy A72 4G A725 | Galaxy A72 5G A726","4","0","draft","candidate_needs_technical_confirmation_not_current_supplier_catalog"
"2026-07-19","historical Mobilax-derived catalog snapshot (supplier label scrubbed)","SAMSUNG-2026-05-25","3000000209257","Original Volume Button Samsung Galaxy A52 5G A526/Galaxy A72 4G A725/Galaxy A72 5G A726/Galaxy A52 4G A525/Galaxy A52s 5G A528 GH98-46399B Awesome Blue","Samsung","Flat Cable","A","Galaxy A52 4G A525","","","Galaxy A52 4G A525 | Galaxy A52 5G A526 | Galaxy A72 4G A725 | Galaxy A72 5G A726","4","0","draft","candidate_needs_technical_confirmation_not_current_supplier_catalog"
"2026-07-19","historical Mobilax-derived catalog snapshot (supplier label scrubbed)","SAMSUNG-2026-05-25","3000000209264","Original Volume Button Samsung Galaxy A52 5G A526/Galaxy A72 4G A725/Galaxy A72 5G A726/Galaxy A52 4G A525/Galaxy A52s 5G A528 GH98-46399C Awesome Violet","Samsung","Flat Cable","A","Galaxy A52 4G A525","","","Galaxy A52 4G A525 | Galaxy A52 5G A526 | Galaxy A72 4G A725 | Galaxy A72 5G A726","4","0","draft","candidate_needs_technical_confirmation_not_current_supplier_catalog"
"2026-07-19","historical Mobilax-derived catalog snapshot (supplier label scrubbed)","SAMSUNG-2026-05-25","3000000209271","Original Volume Button Samsung Galaxy A52 5G A526/Galaxy A72 4G A725/Galaxy A72 5G A726/Galaxy A52 4G A525/Galaxy A52s 5G A528 GH98-46399D Awesome White","Samsung","Flat Cable","A","Galaxy A52 4G A525","","","Galaxy A52 4G A525 | Galaxy A52 5G A526 | Galaxy A72 4G A725 | Galaxy A72 5G A726","4","0","draft","candidate_needs_technical_confirmation_not_current_supplier_catalog"
"2026-07-19","historical Mobilax-derived catalog snapshot (supplier label scrubbed)","SAMSUNG-2026-05-25","3000000209288","Original Loudspeaker Samsung Galaxy A72 4G A725/Galaxy A72 5G A726 GH96-14149A","Samsung","Speaker","A","Galaxy A72 4G A725","","","Galaxy A72 4G A725 | Galaxy A72 5G A726","2","0","draft","candidate_needs_technical_confirmation_not_current_supplier_catalog"
"2026-07-19","historical Mobilax-derived catalog snapshot (supplier label scrubbed)","SAMSUNG-2026-05-25","3000000209295","Premium Loudspeaker Samsung Galaxy A72 4G A725/Galaxy A72 5G A726","Samsung","Speaker","A","Galaxy A72 4G A725","","","Galaxy A72 4G A725 | Galaxy A72 5G A726","2","0","draft","candidate_needs_technical_confirmation_not_current_supplier_catalog"
"2026-07-19","historical Mobilax-derived catalog snapshot (supplier label scrubbed)","SAMSUNG-2026-05-25","3000000209318","Premium Main Camera Samsung Galaxy A52 5G A526/Galaxy A72 4G A725/Galaxy A72 5G A726/Galaxy A52 4G A525/Galaxy A52s 5G A528 64MP","Samsung","Fotocamere","A","Galaxy A52 4G A525","","","Galaxy A52 4G A525 | Galaxy A52 5G A526 | Galaxy A72 4G A725 | Galaxy A72 5G A726","4","0","draft","candidate_needs_technical_confirmation_not_current_supplier_catalog"
"2026-07-19","historical Mobilax-derived catalog snapshot (supplier label scrubbed)","SAMSUNG-2026-05-25","3000000209349","Original Lens Samsung Galaxy A52 4G A525/Galaxy A52 5G A526/Galaxy A52s 5G A528/Galaxy A72 4G A725/Galaxy A72 5G A726 Telephoto GH64-08449A","Samsung","Fotocamere","A","Galaxy A52 4G A525","","","Galaxy A52 4G A525 | Galaxy A52 5G A526 | Galaxy A72 4G A725 | Galaxy A72 5G A726","4","0","draft","candidate_needs_technical_confirmation_not_current_supplier_catalog"
"2026-07-19","historical Mobilax-derived catalog snapshot (supplier label scrubbed)","SAMSUNG-2026-05-25","3000000209356","Original Connection Flex Cable Samsung Galaxy A72 4G A725/Galaxy A72 5G A726 GH59-15429A","Samsung","Flat Cable","A","Galaxy A72 4G A725","","","Galaxy A72 4G A725 | Galaxy A72 5G A726","2","0","draft","candidate_needs_technical_confirmation_not_current_supplier_catalog"
"2026-07-19","historical Mobilax-derived catalog snapshot (supplier label scrubbed)","SAMSUNG-2026-05-25","3000000209363","Premium Connection Flex Cable Samsung Galaxy A72 4G A725/Galaxy A72 5G A726","Samsung","Flat Cable","A","Galaxy A72 4G A725","","","Galaxy A72 4G A725 | Galaxy A72 5G A726","2","0","draft","candidate_needs_technical_confirmation_not_current_supplier_catalog"
"2026-07-19","historical Mobilax-derived catalog snapshot (supplier label scrubbed)","SAMSUNG-2026-05-25","3000000209370","Original SIM Tray Samsung Galaxy A52 5G A526/Galaxy A72 4G A725/Galaxy A72 5G A726/Galaxy A52 4G A525/Galaxy A52s 5G A528 GH98-46290D Awesome White","Samsung","Flat Cable","A","Galaxy A52 4G A525","","","Galaxy A52 4G A525 | Galaxy A52 5G A526 | Galaxy A72 4G A725 | Galaxy A72 5G A726","4","0","draft","candidate_needs_technical_confirmation_not_current_supplier_catalog"
"2026-07-19","historical Mobilax-derived catalog snapshot (supplier label scrubbed)","SAMSUNG-2026-05-25","3000000209387","Original SIM Tray Samsung Galaxy A52 5G A526/Galaxy A72 4G A725/Galaxy A72 5G A726/Galaxy A52 4G A525/Galaxy A52s 5G A528 GH98-46290A Awesome Black","Samsung","Flat Cable","A","Galaxy A52 4G A525","","","Galaxy A52 4G A525 | Galaxy A52 5G A526 | Galaxy A72 4G A725 | Galaxy A72 5G A726","4","0","draft","candidate_needs_technical_confirmation_not_current_supplier_catalog"
"2026-07-19","historical Mobilax-derived catalog snapshot (supplier label scrubbed)","SAMSUNG-2026-05-25","3000000209394","Original SIM Tray Samsung Galaxy A52 5G A526/Galaxy A72 4G A725/Galaxy A72 5G A726/Galaxy A52 4G A525 GH98-46290B Awesome Blue","Samsung","Flat Cable","A","Galaxy A52 4G A525","","","Galaxy A52 4G A525 | Galaxy A52 5G A526 | Galaxy A72 4G A725 | Galaxy A72 5G A726","4","0","draft","candidate_needs_technical_confirmation_not_current_supplier_catalog"
"2026-07-19","historical Mobilax-derived catalog snapshot (supplier label scrubbed)","SAMSUNG-2026-05-25","3000000209400","Original SIM Tray Samsung Galaxy A52 5G A526/Galaxy A72 4G A725/Galaxy A72 5G A726/Galaxy A52 4G A525/Galaxy A52s 5G A528 GH98-46290C Awesome Violet","Samsung","Flat Cable","A","Galaxy A52 4G A525","","","Galaxy A52 4G A525 | Galaxy A52 5G A526 | Galaxy A72 4G A725 | Galaxy A72 5G A726","4","0","draft","candidate_needs_technical_confirmation_not_current_supplier_catalog"
"2026-07-19","historical Mobilax-derived catalog snapshot (supplier label scrubbed)","SAMSUNG-2026-05-25","3000000209417","Original Antenna Samsung Galaxy A72 4G A725/Galaxy A72 5G A726 GH97-26259A","Samsung","Flat Cable","A","Galaxy A72 4G A725","","","Galaxy A72 4G A725 | Galaxy A72 5G A726","2","0","draft","candidate_needs_technical_confirmation_not_current_supplier_catalog"
"2026-07-19","historical Mobilax-derived catalog snapshot (supplier label scrubbed)","SAMSUNG-2026-05-25","3000000209424","Premium Antenna Samsung Galaxy A72 4G A725/Galaxy A72 5G A726","Samsung","Flat Cable","A","Galaxy A72 4G A725","","","Galaxy A72 4G A725 | Galaxy A72 5G A726","2","0","draft","candidate_needs_technical_confirmation_not_current_supplier_catalog"
"2026-07-19","historical Mobilax-derived catalog snapshot (supplier label scrubbed)","SAMSUNG-2026-05-25","3000000209639","Premium Loudspeaker Samsung Galaxy A52 5G A526/Galaxy A52 4G A525/Galaxy A52s 5G A528","Samsung","Speaker","A","Galaxy A52 4G A525","","","Galaxy A52 4G A525 | Galaxy A52 5G A526","2","0","draft","candidate_needs_technical_confirmation_not_current_supplier_catalog"
"2026-07-19","historical Mobilax-derived catalog snapshot (supplier label scrubbed)","SAMSUNG-2026-05-25","3000000209653","Premium Inner Earpiece Samsung Galaxy A52 5G A526/Galaxy A52 4G A525/Galaxy A52s 5G A528 NFC","Samsung","Speaker","A","Galaxy A52 4G A525","","","Galaxy A52 4G A525 | Galaxy A52 5G A526","2","0","draft","candidate_needs_technical_confirmation_not_current_supplier_catalog"
"2026-07-19","historical Mobilax-derived catalog snapshot (supplier label scrubbed)","SAMSUNG-2026-05-25","3000000209677","Premium Connection Flex Cable Samsung Galaxy A52 5G A526/Galaxy A52 4G A525","Samsung","Flat Cable","A","Galaxy A52 4G A525","","","Galaxy A52 4G A525 | Galaxy A52 5G A526","2","0","draft","candidate_needs_technical_confirmation_not_current_supplier_catalog"
"2026-07-19","historical Mobilax-derived catalog snapshot (supplier label scrubbed)","SAMSUNG-2026-05-25","3000000209684","Premium Battery Samsung Galaxy A53 5G A536/Galaxy A33 5G A336 EB-BA336ABY EB-BA536ABY","Samsung","Batterie","A","Galaxy A33 5G A336","","","Galaxy A33 5G A336 | Galaxy A53 5G A536","2","0","draft","candidate_needs_technical_confirmation_not_current_supplier_catalog"
"2026-07-19","historical Mobilax-derived catalog snapshot (supplier label scrubbed)","SAMSUNG-2026-05-25","3000000209875","Premium Lens Samsung Galaxy A33 5G A336/Galaxy A53 5G A536 Ultra Wide Angle","Samsung","Fotocamere","A","Galaxy A33 5G A336","","","Galaxy A33 5G A336 | Galaxy A53 5G A536","2","0","draft","candidate_needs_technical_confirmation_not_current_supplier_catalog"
"2026-07-19","historical Mobilax-derived catalog snapshot (supplier label scrubbed)","SAMSUNG-2026-05-25","3000000210017","Original Power and Volume Flex Cable Samsung Galaxy A51 A515/Galaxy A71 A715 GH59-15155A","Samsung","Flat Cable","A","Galaxy A51 A515","","","Galaxy A51 A515 | Galaxy A71 A715","2","0","draft","candidate_needs_technical_confirmation_not_current_supplier_catalog"
"2026-07-19","historical Mobilax-derived catalog snapshot (supplier label scrubbed)","SAMSUNG-2026-05-25","3000000210291","Original Vibrator Samsung Galaxy A51 5G A516/Galaxy A41 A415/Galaxy A31 A315 GH31-00782A","Samsung","Flat Cable","A","Galaxy A31 A315","","","Galaxy A31 A315 | Galaxy A41 A415 | Galaxy A51 5G A516","3","0","draft","candidate_needs_technical_confirmation_not_current_supplier_catalog"
"2026-07-19","historical Mobilax-derived catalog snapshot (supplier label scrubbed)","SAMSUNG-2026-05-25","3000000210376","Original Power and Volume Flex Cable Samsung Galaxy A42 5G A426/Galaxy A32 4G A325 GH96-13878A","Samsung","Flat Cable","A","Galaxy A32 4G A325","","","Galaxy A32 4G A325 | Galaxy A42 5G A426","2","0","draft","candidate_needs_technical_confirmation_not_current_supplier_catalog"
"2026-07-19","historical Mobilax-derived catalog snapshot (supplier label scrubbed)","SAMSUNG-2026-05-25","3000000210574","Original Power and Volume Flex Cable Samsung Galaxy A31 A315/Galaxy A41 A415 GH59-15261A","Samsung","Flat Cable","A","Galaxy A31 A315","","","Galaxy A31 A315 | Galaxy A41 A415","2","0","draft","candidate_needs_technical_confirmation_not_current_supplier_catalog"
"2026-07-19","historical Mobilax-derived catalog snapshot (supplier label scrubbed)","SAMSUNG-2026-05-25","3000000210710","Premium Power and Volume Flex Cable Samsung Galaxy A33 5G A336/Galaxy A73 5G A736","Samsung","Flat Cable","A","Galaxy A33 5G A336","","","Galaxy A33 5G A336 | Galaxy A73 5G A736","2","0","draft","candidate_needs_technical_confirmation_not_current_supplier_catalog"
"2026-07-19","historical Mobilax-derived catalog snapshot (supplier label scrubbed)","SAMSUNG-2026-05-25","3000000210772","Premium Main Camera Samsung Galaxy A22 4G A225/Galaxy A33 5G A336/Galaxy A34 5G A346 48MP","Samsung","Fotocamere","A","Galaxy A22 4G A225","","","Galaxy A22 4G A225 | Galaxy A33 5G A336 | Galaxy A34 5G A346","3","0","draft","candidate_needs_technical_confirmation_not_current_supplier_catalog"
"2026-07-19","historical Mobilax-derived catalog snapshot (supplier label scrubbed)","SAMSUNG-2026-05-25","3000000210826","Premium Ultra Wide Angle Camera Samsung Galaxy A32 5G A326/Galaxy A32 4G A325 8MP","Samsung","Fotocamere","A","Galaxy A32 4G A325","","","Galaxy A32 4G A325 | Galaxy A32 5G A326","2","0","draft","candidate_needs_technical_confirmation_not_current_supplier_catalog"
"2026-07-19","historical Mobilax-derived catalog snapshot (supplier label scrubbed)","SAMSUNG-2026-05-25","3000000210857","Original Lens Samsung Galaxy A32 5G A326/Galaxy A32 4G A325 Main Sensor GH64-08394A","Samsung","Fotocamere","A","Galaxy A32 4G A325","","","Galaxy A32 4G A325 | Galaxy A32 5G A326","2","0","draft","candidate_needs_technical_confirmation_not_current_supplier_catalog"
"2026-07-19","historical Mobilax-derived catalog snapshot (supplier label scrubbed)","SAMSUNG-2026-05-25","3000000210994","Original Lens Samsung Galaxy A32 4G A325/Galaxy A32 5G A326 (Depth Sensor) GH64-08397A","Samsung","Fotocamere","A","Galaxy A32 4G A325","","","Galaxy A32 4G A325 | Galaxy A32 5G A326","2","0","draft","candidate_needs_technical_confirmation_not_current_supplier_catalog"
"2026-07-19","historical Mobilax-derived catalog snapshot (supplier label scrubbed)","SAMSUNG-2026-05-25","3000000211007","Original Lens Samsung Galaxy A32 4G A325/Galaxy A32 5G A326 GH64-08396A Mode Macro","Samsung","Fotocamere","A","Galaxy A32 4G A325","","","Galaxy A32 4G A325 | Galaxy A32 5G A326","2","0","draft","candidate_needs_technical_confirmation_not_current_supplier_catalog"
"2026-07-19","historical Mobilax-derived catalog snapshot (supplier label scrubbed)","SAMSUNG-2026-05-25","3000000211397","Original Power and Volume Flex Cable Samsung Galaxy A22 4G A225/Galaxy M53 5G M536 GH59-15473A","Samsung","Flat Cable","A","Galaxy A22 4G A225","","","Galaxy A22 4G A225 | Galaxy M53 5G M536","2","0","draft","candidate_needs_technical_confirmation_not_current_supplier_catalog"
"2026-07-19","historical Mobilax-derived catalog snapshot (supplier label scrubbed)","SAMSUNG-2026-05-25","3000000211649","Premium Main Camera Samsung Galaxy A13 5G A136/Galaxy M13 5G M136 50MP","Samsung","Fotocamere","A","Galaxy A13 5G A136","","","Galaxy A13 5G A136 | Galaxy M13 5G M136","2","0","draft","candidate_needs_technical_confirmation_not_current_supplier_catalog"
"2026-07-19","historical Mobilax-derived catalog snapshot (supplier label scrubbed)","SAMSUNG-2026-05-25","3000000211670","Premium Lens Samsung Galaxy A13 5G A136/Galaxy A13 4G A137 Ultra Wide Angle","Samsung","Fotocamere","A","Galaxy A13 4G A137","","","Galaxy A13 4G A137 | Galaxy A13 5G A136","2","0","draft","candidate_needs_technical_confirmation_not_current_supplier_catalog"
"2026-07-19","historical Mobilax-derived catalog snapshot (supplier label scrubbed)","SAMSUNG-2026-05-25","3000000211748","Premium Antenna Samsung Galaxy A13 4G A135/Galaxy A13 4G A137","Samsung","Flat Cable","A","Galaxy A13 4G A135","","","Galaxy A13 4G A135 | Galaxy A13 4G A137","2","0","draft","candidate_needs_technical_confirmation_not_current_supplier_catalog"
"2026-07-19","historical Mobilax-derived catalog snapshot (supplier label scrubbed)","SAMSUNG-2026-05-25","3000000211755","Premium Volume Button Samsung Galaxy A13 4G A135/Galaxy A13 4G A137 White","Samsung","Flat Cable","A","Galaxy A13 4G A135","","","Galaxy A13 4G A135 | Galaxy A13 4G A137","2","0","draft","candidate_needs_technical_confirmation_not_current_supplier_catalog"
"2026-07-19","historical Mobilax-derived catalog snapshot (supplier label scrubbed)","SAMSUNG-2026-05-25","3000000211762","Premium Volume Button Samsung Galaxy A13 4G A135/Galaxy A13 4G A137 Blue","Samsung","Flat Cable","A","Galaxy A13 4G A135","","","Galaxy A13 4G A135 | Galaxy A13 4G A137","2","0","draft","candidate_needs_technical_confirmation_not_current_supplier_catalog"
"2026-07-19","historical Mobilax-derived catalog snapshot (supplier label scrubbed)","SAMSUNG-2026-05-25","3000000211779","Premium Volume Button Samsung Galaxy A13 4G A135/Galaxy A13 4G A137 Black","Samsung","Flat Cable","A","Galaxy A13 4G A135","","","Galaxy A13 4G A135 | Galaxy A13 4G A137","2","0","draft","candidate_needs_technical_confirmation_not_current_supplier_catalog"
"2026-07-19","historical Mobilax-derived catalog snapshot (supplier label scrubbed)","SAMSUNG-2026-05-25","3000000211786","Premium Macro Sensor Samsung Galaxy A13 4G A135/Galaxy A13 4G A137 2MP","Samsung","Flat Cable","A","Galaxy A13 4G A135","","","Galaxy A13 4G A135 | Galaxy A13 4G A137","2","0","draft","candidate_needs_technical_confirmation_not_current_supplier_catalog"
"2026-07-19","historical Mobilax-derived catalog snapshot (supplier label scrubbed)","SAMSUNG-2026-05-25","3000000211816","Premium Lens Samsung Galaxy A13 4G A135/Galaxy A13 4G A137 Depth Sensor Black","Samsung","Fotocamere","A","Galaxy A13 4G A135","","","Galaxy A13 4G A135 | Galaxy A13 4G A137","2","0","draft","candidate_needs_technical_confirmation_not_current_supplier_catalog"
"2026-07-19","historical Mobilax-derived catalog snapshot (supplier label scrubbed)","SAMSUNG-2026-05-25","3000000211823","Premium Sim Tray Samsung Galaxy A13 4G A135/Galaxy A13 4G A137 Black","Samsung","Flat Cable","A","Galaxy A13 4G A135","","","Galaxy A13 4G A135 | Galaxy A13 4G A137","2","0","draft","candidate_needs_technical_confirmation_not_current_supplier_catalog"
"2026-07-19","historical Mobilax-derived catalog snapshot (supplier label scrubbed)","SAMSUNG-2026-05-25","3000000211878","Premium Sim Tray Samsung Galaxy A13 4G A135/Galaxy A13 4G A137 Blue","Samsung","Flat Cable","A","Galaxy A13 4G A135","","","Galaxy A13 4G A135 | Galaxy A13 4G A137","2","0","draft","candidate_needs_technical_confirmation_not_current_supplier_catalog"
"2026-07-19","historical Mobilax-derived catalog snapshot (supplier label scrubbed)","SAMSUNG-2026-05-25","3000000211885","Premium Sim Tray Samsung Galaxy A13 4G A135/Galaxy A13 4G A137 White","Samsung","Flat Cable","A","Galaxy A13 4G A135","","","Galaxy A13 4G A135 | Galaxy A13 4G A137","2","0","draft","candidate_needs_technical_confirmation_not_current_supplier_catalog"
"2026-07-19","historical Mobilax-derived catalog snapshot (supplier label scrubbed)","SAMSUNG-2026-05-25","3000000211892","Premium Volume Button Samsung Galaxy A12 A125/Galaxy A12 Nacho A127 Black","Samsung","Flat Cable","A","Galaxy A12 A125","","","Galaxy A12 A125 | Galaxy A12 Nacho A127","2","0","draft","candidate_needs_technical_confirmation_not_current_supplier_catalog"
"2026-07-19","historical Mobilax-derived catalog snapshot (supplier label scrubbed)","SAMSUNG-2026-05-25","3000000211908","Premium Volume Button Samsung Galaxy A12 A125/Galaxy A12 Nacho A127 White","Samsung","Flat Cable","A","Galaxy A12 A125","","","Galaxy A12 A125 | Galaxy A12 Nacho A127","2","0","draft","candidate_needs_technical_confirmation_not_current_supplier_catalog"
"2026-07-19","historical Mobilax-derived catalog snapshot (supplier label scrubbed)","SAMSUNG-2026-05-25","3000000211915","Premium On/Off and Volume Buttons Samsung Galaxy A12 A125/Galaxy A12 Nacho A127 Blue","Samsung","Flat Cable","A","Galaxy A12 A125","","","Galaxy A12 A125 | Galaxy A12 Nacho A127","2","0","draft","candidate_needs_technical_confirmation_not_current_supplier_catalog"
"2026-07-19","historical Mobilax-derived catalog snapshot (supplier label scrubbed)","SAMSUNG-2026-05-25","3000000211939","Premium Antenna Samsung Galaxy A12 A125/Galaxy A12 Nacho A127","Samsung","Flat Cable","A","Galaxy A12 A125","","","Galaxy A12 A125 | Galaxy A12 Nacho A127","2","0","draft","candidate_needs_technical_confirmation_not_current_supplier_catalog"
"2026-07-19","historical Mobilax-derived catalog snapshot (supplier label scrubbed)","SAMSUNG-2026-05-25","3000000211946","Premium NFC Flex Cable Samsung Galaxy A12 A125/Galaxy A12 Nacho A127","Samsung","Flat Cable","A","Galaxy A12 A125","","","Galaxy A12 A125 | Galaxy A12 Nacho A127","2","0","draft","candidate_needs_technical_confirmation_not_current_supplier_catalog"
"2026-07-19","historical Mobilax-derived catalog snapshot (supplier label scrubbed)","SAMSUNG-2026-05-25","3000000211953","Premium Sim Tray Samsung Galaxy A12 A125/Galaxy A12 Nacho A127 Black","Samsung","Flat Cable","A","Galaxy A12 A125","","","Galaxy A12 A125 | Galaxy A12 Nacho A127","2","0","draft","candidate_needs_technical_confirmation_not_current_supplier_catalog"
"2026-07-19","historical Mobilax-derived catalog snapshot (supplier label scrubbed)","SAMSUNG-2026-05-25","3000000211960","Premium Sim Tray Samsung Galaxy A12 A125/Galaxy A12 Nacho A127 White","Samsung","Flat Cable","A","Galaxy A12 A125","","","Galaxy A12 A125 | Galaxy A12 Nacho A127","2","0","draft","candidate_needs_technical_confirmation_not_current_supplier_catalog"
"2026-07-19","historical Mobilax-derived catalog snapshot (supplier label scrubbed)","SAMSUNG-2026-05-25","3000000211977","Premium Sim Tray Samsung Galaxy A12 A125/Galaxy A12 Nacho A127 Blue","Samsung","Flat Cable","A","Galaxy A12 A125","","","Galaxy A12 A125 | Galaxy A12 Nacho A127","2","0","draft","candidate_needs_technical_confirmation_not_current_supplier_catalog"
"2026-07-19","historical Mobilax-derived catalog snapshot (supplier label scrubbed)","SAMSUNG-2026-05-25","3000000211991","Original Ultra Wide Angle Camera Samsung Galaxy A11 A115/Galaxy M11 M115 GH81-18767A 5MP","Samsung","Fotocamere","A","Galaxy A11 A115","","","Galaxy A11 A115 | Galaxy M11 M115","2","0","draft","candidate_needs_technical_confirmation_not_current_supplier_catalog"
"2026-07-19","historical Mobilax-derived catalog snapshot (supplier label scrubbed)","SAMSUNG-2026-05-25","3000000212011","Original Power and Volume Flex Cable Samsung Galaxy A11 A115/Galaxy M11 M115 GH81-18782A","Samsung","Flat Cable","A","Galaxy A11 A115","","","Galaxy A11 A115 | Galaxy M11 M115","2","0","draft","candidate_needs_technical_confirmation_not_current_supplier_catalog"
"2026-07-19","historical Mobilax-derived catalog snapshot (supplier label scrubbed)","SAMSUNG-2026-05-25","3000000213353","Premium Vibrator Samsung Galaxy Z Flip 3 5G F711/Galaxy Z Flip 4 5G F721/Galaxy Z Flip 5 5G F731","Samsung","Flat Cable","A","Galaxy Z Flip 3 5G F711","","","Galaxy Z Flip 3 5G F711 | Galaxy Z Flip 4 5G F721 | Galaxy Z Flip 5 5G F731","3","0","draft","candidate_needs_technical_confirmation_not_current_supplier_catalog"
"2026-07-19","historical Mobilax-derived catalog snapshot (supplier label scrubbed)","SAMSUNG-2026-05-25","3000000214039","Premium Inner Earpiece Samsung Galaxy Z Fold 3 5G F926/Galaxy Z Fold 4 5G F936","Samsung","Speaker","A","Galaxy Z Fold 3 5G F926","","","Galaxy Z Fold 3 5G F926 | Galaxy Z Fold 4 5G F936","2","0","draft","candidate_needs_technical_confirmation_not_current_supplier_catalog"
"2026-07-19","historical Mobilax-derived catalog snapshot (supplier label scrubbed)","SAMSUNG-2026-05-25","3000000214046","Premium Front Camera Samsung Galaxy Z Fold 3 5G F926/Galaxy Z Fold 4 5G F936 (Inside Side) 4MP","Samsung","Fotocamere","A","Galaxy Z Fold 3 5G F926","","","Galaxy Z Fold 3 5G F926 | Galaxy Z Fold 4 5G F936","2","0","draft","candidate_needs_technical_confirmation_not_current_supplier_catalog"
"2026-07-19","historical Mobilax-derived catalog snapshot (supplier label scrubbed)","SAMSUNG-2026-05-25","3000000214268","Premium Vibrator Samsung Galaxy Z Fold 3 5G F926/Galaxy Z Fold 4 5G F936/Galaxy Z Fold 5 5G F946","Samsung","Flat Cable","A","Galaxy Z Fold 3 5G F926","","","Galaxy Z Fold 3 5G F926 | Galaxy Z Fold 4 5G F936 | Galaxy Z Fold 5 5G F946","3","0","draft","candidate_needs_technical_confirmation_not_current_supplier_catalog"
"2026-07-19","historical Mobilax-derived catalog snapshot (supplier label scrubbed)","OPPO-2026-05-27","3000000215036","Original Display Touchscreen OPPO Reno6 Z 5G/Reno8 Lite 5G/Reno7 Lite 5G 4130035 Black","OPPO","Schermi","A","RENO6 Z 5G","","","RENO6 Z 5G | RENO7 Lite 5G | RENO8 Lite 5G","3","0","draft","candidate_needs_technical_confirmation_not_current_supplier_catalog"
"2026-07-19","historical Mobilax-derived catalog snapshot (supplier label scrubbed)","MOTOROLA-2026-05-27","3000000215203","Original Display Touchscreen Motorola Moto E30/Moto E40 5D68C19697 5D68C19697RR Black","Motorola","Schermi","A","Moto E30","","","Moto E30 | Moto E40","2","0","draft","candidate_needs_technical_confirmation_not_current_supplier_catalog"
"2026-07-19","historical Mobilax-derived catalog snapshot (supplier label scrubbed)","MOTOROLA-2026-05-27","3000000215234","Original Display Touchscreen Motorola Moto E22i/Moto E22 5D68C21594 Black","Motorola","Schermi","A","Moto E22","","","Moto E22 | Moto E22I","2","0","draft","candidate_needs_technical_confirmation_not_current_supplier_catalog"
"2026-07-19","historical Mobilax-derived catalog snapshot (supplier label scrubbed)","XIAOMI-2026-05-27","3000000215289","Premium Ultra Wide Angle Camera Xiaomi Mi 10T Lite 5G/Redmi Note 9 Pro 5G 8MP","Xiaomi","Fotocamere","A","Mi 10T Lite 5G","","","Mi 10T Lite 5G | Redmi Note 9 Pro 5G","2","0","draft","candidate_needs_technical_confirmation_not_current_supplier_catalog"
"2026-07-19","historical Mobilax-derived catalog snapshot (supplier label scrubbed)","MOTOROLA-2026-05-27","3000000215395","Original Pulled Display Touchscreen Motorola Edge 40/Edge 40 Neo Black","Motorola","Schermi","A","Edge 40","","","Edge 40 | Edge 40 Neo","2","0","draft","candidate_needs_technical_confirmation_not_current_supplier_catalog"
"2026-07-19","historical Mobilax-derived catalog snapshot (supplier label scrubbed)","XIAOMI-2026-05-27","3000000215425","Original Display Touchscreen Xiaomi Mi 10T Lite 5G/Redmi Note 9 Pro 5G 5600030J1700 5600090J1700 Azure Blue","Xiaomi","Schermi","A","Mi 10T Lite 5G","","","Mi 10T Lite 5G | Redmi Note 9 Pro 5G","2","0","draft","candidate_needs_technical_confirmation_not_current_supplier_catalog"
"2026-07-19","historical Mobilax-derived catalog snapshot (supplier label scrubbed)","XIAOMI-2026-05-27","3000000215432","Original Display Touchscreen Xiaomi Mi 10T Lite 5G/Redmi Note 9 Pro 5G 5600040J1700 56000E0J1700 Pearl Grey","Xiaomi","Schermi","A","Mi 10T Lite 5G","","","Mi 10T Lite 5G | Redmi Note 9 Pro 5G","2","0","draft","candidate_needs_technical_confirmation_not_current_supplier_catalog"
"2026-07-19","historical Mobilax-derived catalog snapshot (supplier label scrubbed)","HONOR-2026-05-27","3000000216552","Original Battery Huawei Nova/Y5 2018/Y5 2019/Y6 2019/Y6S Honor 6A/6C/8A 24022116  24022965  24022837   24022332  24022610  HB405979ECW","Honor","Batterie","A","6A","","","6A | 6C | 8A","3","0","draft","candidate_needs_technical_confirmation_not_current_supplier_catalog"
"2026-07-19","historical Mobilax-derived catalog snapshot (supplier label scrubbed)","HONOR-2026-05-27","3000000217405","Premium Macro Sensor Honor X7/70 Lite/X7a/X6/90 Lite/X8a/X8b 2MP","Honor","Flat Cable","A","70 Lite","","","70 Lite | 90 Lite | X6 | X7 | X7A | X8A | X8B","7","0","draft","candidate_needs_technical_confirmation_not_current_supplier_catalog"
"2026-07-19","historical Mobilax-derived catalog snapshot (supplier label scrubbed)","XIAOMI-2026-05-27","3000000217870","Premium Power and Volume Flex Cable Xiaomi Poco M4 5G/Poco M5","Xiaomi","Flat Cable","A","Poco M4 5G","","","Poco M5 | Poco M4 5G","2","0","draft","candidate_needs_technical_confirmation_not_current_supplier_catalog"
"2026-07-19","historical Mobilax-derived catalog snapshot (supplier label scrubbed)","OPPO-2026-05-27","3000000218112","Original Back Cover OPPO A74 5G/A54 5G  3202380 3202383 Twilight Black","OPPO","Back Cover","A","A54 5G","","","A54 5G | A74 5G","2","0","draft","candidate_needs_technical_confirmation_not_current_supplier_catalog"
"2026-07-19","historical Mobilax-derived catalog snapshot (supplier label scrubbed)","OPPO-2026-05-27","3000000218136","Original Back Cover OPPO A74 5G/A54 5G 3202382 Fantastic Violet","OPPO","Back Cover","A","A54 5G","","","A54 5G | A74 5G","2","0","draft","candidate_needs_technical_confirmation_not_current_supplier_catalog"
"2026-07-19","historical Mobilax-derived catalog snapshot (supplier label scrubbed)","OPPO-2026-05-27","3000000218204","Premium Loudspeaker OPPO A78 5G (CPH2483)/A98 5G (CPH2529)","OPPO","Speaker","A","A78 5G CPH2483","","","A78 5G CPH2483 | A98 5G CPH2529","2","0","draft","candidate_needs_technical_confirmation_not_current_supplier_catalog"
"2026-07-19","historical Mobilax-derived catalog snapshot (supplier label scrubbed)","REALME-2026-05-27","3000000218426","Premium Main Camera Realme Narzo 50i Prime/C30 8MP","Realme","Fotocamere","A","C30","","","C30 | Narzo 50I Prime","2","0","draft","candidate_needs_technical_confirmation_not_current_supplier_catalog"
"2026-07-19","historical Mobilax-derived catalog snapshot (supplier label scrubbed)","XIAOMI-2026-05-27","3000000218624","Premium Display Touchscreen with Frame Xiaomi 12 5G/12X Blue","Xiaomi","Schermi","A","12 5G","","","12 5G | 12X","2","0","draft","candidate_needs_technical_confirmation_not_current_supplier_catalog"
"2026-07-19","historical Mobilax-derived catalog snapshot (supplier label scrubbed)","XIAOMI-2026-05-27","3000000218631","Original Pulled Display Touchscreen with Frame Xiaomi 12X/12 5G Purple","Xiaomi","Schermi","A","12 5G","","","12 5G | 12X","2","0","draft","candidate_needs_technical_confirmation_not_current_supplier_catalog"
"2026-07-19","historical Mobilax-derived catalog snapshot (supplier label scrubbed)","XIAOMI-2026-05-27","3000000218648","Premium Display Touchscreen with Frame Xiaomi 12 5G/12X Grey","Xiaomi","Schermi","A","12 5G","","","12 5G | 12X","2","0","draft","candidate_needs_technical_confirmation_not_current_supplier_catalog"
"2026-07-19","historical Mobilax-derived catalog snapshot (supplier label scrubbed)","XIAOMI-2026-05-27","3000000218884","OEM Display Touchscreen with Frame Xiaomi Redmi A1/Redmi A1+/Redmi A2 Black","Xiaomi","Schermi","A","Redmi A1","","","Redmi A1 | Redmi A1+ | Redmi A2","3","0","draft","candidate_needs_technical_confirmation_not_current_supplier_catalog"
"2026-07-19","historical Mobilax-derived catalog snapshot (supplier label scrubbed)","HONOR-2026-05-27","3000000218907","Premium Fingerprint Reader Honor X6/X7b Midnight Schwarz","Honor","Flat Cable","A","X6","","","X6 | X7B","2","0","draft","candidate_needs_technical_confirmation_not_current_supplier_catalog"
"2026-07-19","historical Mobilax-derived catalog snapshot (supplier label scrubbed)","XIAOMI-2026-05-27","3000000219461","Premium Ultra Wide Angle Camera Xiaomi Redmi Note 12 5G/Poco X5 5G/Poco F5 Pro 5G 8MP","Xiaomi","Fotocamere","A","Poco F5 Pro 5G","","","Poco X5 5G | Poco F5 Pro 5G","2","0","draft","candidate_needs_technical_confirmation_not_current_supplier_catalog"
"2026-07-19","historical Mobilax-derived catalog snapshot (supplier label scrubbed)","XIAOMI-2026-05-27","3000000219522","Premium Inner Earpiece Xiaomi 12 Lite/12T/12T Pro/13T","Xiaomi","Speaker","A","12 Lite","","","12 Lite | 12T | 12T Pro | 13T","4","0","draft","candidate_needs_technical_confirmation_not_current_supplier_catalog"
"2026-07-19","historical Mobilax-derived catalog snapshot (supplier label scrubbed)","HONOR-2026-05-27","3000000220160","Premium Fingerprint Reader Honor X8 5G/X6/70 Lite Ocean Blue","Honor","Flat Cable","A","70 Lite","","","70 Lite | X6 | X8 5G","3","0","draft","candidate_needs_technical_confirmation_not_current_supplier_catalog"
"2026-07-19","historical Mobilax-derived catalog snapshot (supplier label scrubbed)","HONOR-2026-05-27","3000000220504","Premium Vibrator Honor 50/50 Lite/X8/X8b/Magic 4 Lite 4G/X8 5G/70/Magic 5 Lite/X8a/70 Lite/90 Lite/90 5G/Magic 6 Lite 5G","Honor","Flat Cable","A","50","","","50 | 50 Lite | 70 | 70 Lite | 90 5G | 90 Lite | Magic 4 Lite 4G | Magic 5 Lite | Magic 6 Lite 5G | X8 | X8 5G | X8A | X8B","13","0","draft","candidate_needs_technical_confirmation_not_current_supplier_catalog"
"2026-07-19","historical Mobilax-derived catalog snapshot (supplier label scrubbed)","HONOR-2026-05-27","3000000220610","Original Complete Screen Block with Frame and Battery Honor X8a/90 Lite 0235AEUH Midnight Schwarz","Honor","Schermi","A","90 Lite","","","90 Lite | X8A","2","0","draft","candidate_needs_technical_confirmation_not_current_supplier_catalog"
"2026-07-19","historical Mobilax-derived catalog snapshot (supplier label scrubbed)","HONOR-2026-05-27","3000000220627","Original Complete Screen Block with Frame and Battery Honor X8a/90 Lite 0235AEUJ Cyan Lake","Honor","Schermi","A","90 Lite","","","90 Lite | X8A","2","0","draft","candidate_needs_technical_confirmation_not_current_supplier_catalog"
"2026-07-19","historical Mobilax-derived catalog snapshot (supplier label scrubbed)","HONOR-2026-05-27","3000000220634","Original Complete Screen Block with Frame and Battery Honor X8a/90 Lite 0235AEUK Titanium Silver","Honor","Schermi","A","90 Lite","","","90 Lite | X8A","2","0","draft","candidate_needs_technical_confirmation_not_current_supplier_catalog"
"2026-07-19","historical Mobilax-derived catalog snapshot (supplier label scrubbed)","REALME-2026-05-27","3000000221402","Premium Fingerprint Reader Realme C55/11 5G Rainy Night","Realme","Flat Cable","A","11 5G","","","11 5G | C55","2","0","draft","candidate_needs_technical_confirmation_not_current_supplier_catalog"
"2026-07-19","historical Mobilax-derived catalog snapshot (supplier label scrubbed)","REALME-2026-05-27","3000000221778","Premium Fingerprint Reader Realme C25Y/C21-Y Chopped Blue","Realme","Flat Cable","A","C21 Y","","","C21 Y | C25Y","2","0","draft","candidate_needs_technical_confirmation_not_current_supplier_catalog"
"2026-07-19","historical Mobilax-derived catalog snapshot (supplier label scrubbed)","HONOR-2026-05-27","3000000221822","Premium Inner Earpiece Honor Magic 5 Lite/90 5G","Honor","Speaker","A","90 5G","","","90 5G | Magic 5 Lite","2","0","draft","candidate_needs_technical_confirmation_not_current_supplier_catalog"
"2026-07-19","historical Mobilax-derived catalog snapshot (supplier label scrubbed)","HONOR-2026-05-27","3000000221860","Premium Front Camera Honor Magic 4 Pro/Magic 5 Pro 12MP (Ultra Wide Angle)","Honor","Fotocamere","A","Magic 4 Pro","","","Magic 4 Pro | Magic 5 Pro","2","0","draft","candidate_needs_technical_confirmation_not_current_supplier_catalog"
"2026-07-19","historical Mobilax-derived catalog snapshot (supplier label scrubbed)","HONOR-2026-05-27","3000000221877","ToF Premium Sensor Honor Magic 4 Pro/Magic 5 Pro 3D (depth)","Honor","Flat Cable","A","Magic 4 Pro","","","Magic 4 Pro | Magic 5 Pro","2","0","draft","candidate_needs_technical_confirmation_not_current_supplier_catalog"
"2026-07-19","historical Mobilax-derived catalog snapshot (supplier label scrubbed)","SAMSUNG-2026-05-25","3000000221976","Original Front Camera Samsung Galaxy A13 5G A136/Galaxy M13 5G M136 GH96-14243A 5MP","Samsung","Fotocamere","A","Galaxy A13 5G A136","","","Galaxy A13 5G A136 | Galaxy M13 5G M136","2","0","draft","candidate_needs_technical_confirmation_not_current_supplier_catalog"
"2026-07-19","historical Mobilax-derived catalog snapshot (supplier label scrubbed)","SAMSUNG-2026-05-25","3000000221983","Premium Front Camera Samsung Galaxy A13 5G A136/Galaxy M13 5G M136 5MP","Samsung","Fotocamere","A","Galaxy A13 5G A136","","","Galaxy A13 5G A136 | Galaxy M13 5G M136","2","0","draft","candidate_needs_technical_confirmation_not_current_supplier_catalog"
"2026-07-19","historical Mobilax-derived catalog snapshot (supplier label scrubbed)","SAMSUNG-2026-05-25","3000000222225","Premium lens holder Samsung Galaxy A13 4G A135/Galaxy A13 4G A137 Black","Samsung","Fotocamere","A","Galaxy A13 4G A135","","","Galaxy A13 4G A135 | Galaxy A13 4G A137","2","0","draft","candidate_needs_technical_confirmation_not_current_supplier_catalog"
"2026-07-19","historical Mobilax-derived catalog snapshot (supplier label scrubbed)","2026-05-25","3000000225455","Original Pulled Camera Apple iPhone SE (2nd Gen)/iPhone SE (3e Gen) 12MP","Apple","Fotocamere","A","iPhone SE 2nd Gen","","","iPhone SE 2nd Gen | iPhone SE 3rd Gen","2","0","draft","candidate_needs_technical_confirmation_not_current_supplier_catalog"
"2026-07-19","historical Mobilax-derived catalog snapshot (supplier label scrubbed)","2026-05-25","3000000226308","GPS Flex Cable Apple iPhone 14 Pro/iPhone 14 Pro Max","Apple","Flat Cable","A","iPhone 14 Pro","","","iPhone 14 Pro | iPhone 14 Pro Max","2","0","draft","candidate_needs_technical_confirmation_not_current_supplier_catalog"
"2026-07-19","historical Mobilax-derived catalog snapshot (supplier label scrubbed)","2026-05-25","3000000227077","OEM Display Touchscreen Apple iPhone 12/iPhone 12 Pro Black","Apple","Schermi","A","iPhone 12","","","iPhone 12 | iPhone 12 Pro","2","0","draft","candidate_needs_technical_confirmation_not_current_supplier_catalog"
"2026-07-19","historical Mobilax-derived catalog snapshot (supplier label scrubbed)","2026-05-25","3000000227602","Home Button Apple iPhone 7/iPhone 7 Plus/iPhone 8/iPhone 8 Plus/iPhone SE (2nd Gen)/iPhone SE (3e Gen) (Dummy) Black","Apple","Flat Cable","A","iPhone 7","","","iPhone 7 | iPhone 7 Plus | iPhone 8 | iPhone 8 Plus | iPhone SE 2nd Gen | iPhone SE 3rd Gen","6","0","draft","candidate_needs_technical_confirmation_not_current_supplier_catalog"
"2026-07-19","historical Mobilax-derived catalog snapshot (supplier label scrubbed)","2026-05-25","3000000227619","Home Button Apple iPhone 7/iPhone 7 Plus/iPhone 8/iPhone 8 Plus (Dummy) White","Apple","Flat Cable","A","iPhone 7","","","iPhone 7 | iPhone 7 Plus | iPhone 8 | iPhone 8 Plus","4","0","draft","candidate_needs_technical_confirmation_not_current_supplier_catalog"
"2026-07-19","historical Mobilax-derived catalog snapshot (supplier label scrubbed)","SAMSUNG-2026-05-27","3000000227633","Soft Oled Touch Screen with Frame Samsung Galaxy S20 G980/Galaxy S20 5G G981 Pink","Samsung","Schermi","A","Galaxy S20 5G G981","","","Galaxy S20 5G G981 | Galaxy S20 G980","2","0","draft","candidate_needs_technical_confirmation_not_current_supplier_catalog"
"2026-07-19","historical Mobilax-derived catalog snapshot (supplier label scrubbed)","SAMSUNG-2026-05-27","3000000227640","Soft Oled Touch Screen with Frame Samsung Galaxy S20 G980/Galaxy S20 5G G981 Blue","Samsung","Schermi","A","Galaxy S20 5G G981","","","Galaxy S20 5G G981 | Galaxy S20 G980","2","0","draft","candidate_needs_technical_confirmation_not_current_supplier_catalog"
"2026-07-19","historical Mobilax-derived catalog snapshot (supplier label scrubbed)","SAMSUNG-2026-05-27","3000000227657","Soft Oled Touch Screen with Frame Samsung Galaxy S20 G980/Galaxy S20 5G G981 White","Samsung","Schermi","A","Galaxy S20 5G G981","","","Galaxy S20 5G G981 | Galaxy S20 G980","2","0","draft","candidate_needs_technical_confirmation_not_current_supplier_catalog"
"2026-07-19","historical Mobilax-derived catalog snapshot (supplier label scrubbed)","SAMSUNG-2026-05-27","3000000227749","Oled Display Touchscreen with Frame Samsung Galaxy S20 FE 5G G781/Galaxy S20 FE 4G G780 Cloud Orange","Samsung","Schermi","A","Galaxy S20 FE 4G G780","","","Galaxy S20 FE 4G G780 | Galaxy S20 FE 5G G781","2","0","draft","candidate_needs_technical_confirmation_not_current_supplier_catalog"
"2026-07-19","historical Mobilax-derived catalog snapshot (supplier label scrubbed)","SAMSUNG-2026-05-27","3000000227756","Oled Display Touchscreen with Frame Samsung Galaxy S20 FE 5G G781/Galaxy S20 FE 4G G780 Cloud Red","Samsung","Schermi","A","Galaxy S20 FE 4G G780","","","Galaxy S20 FE 4G G780 | Galaxy S20 FE 5G G781","2","0","draft","candidate_needs_technical_confirmation_not_current_supplier_catalog"
"2026-07-19","historical Mobilax-derived catalog snapshot (supplier label scrubbed)","SAMSUNG-2026-05-27","3000000227763","Oled Display Touchscreen with Frame Samsung Galaxy S20 FE 5G G781/Galaxy S20 FE 4G G780 Cloud Mint","Samsung","Schermi","A","Galaxy S20 FE 4G G780","","","Galaxy S20 FE 4G G780 | Galaxy S20 FE 5G G781","2","0","draft","candidate_needs_technical_confirmation_not_current_supplier_catalog"
"2026-07-19","historical Mobilax-derived catalog snapshot (supplier label scrubbed)","SAMSUNG-2026-05-27","3000000227770","Oled Display Touchscreen with Frame Samsung Galaxy S20 FE 5G G781/Galaxy S20 FE 4G G780 Cloud Lavender","Samsung","Schermi","A","Galaxy S20 FE 4G G780","","","Galaxy S20 FE 4G G780 | Galaxy S20 FE 5G G781","2","0","draft","candidate_needs_technical_confirmation_not_current_supplier_catalog"
"2026-07-19","historical Mobilax-derived catalog snapshot (supplier label scrubbed)","SAMSUNG-2026-05-27","3000000227787","Oled Display Touchscreen with Frame Samsung Galaxy S20 FE 5G G781/Galaxy S20 FE 4G G780 Cloud White","Samsung","Schermi","A","Galaxy S20 FE 4G G780","","","Galaxy S20 FE 4G G780 | Galaxy S20 FE 5G G781","2","0","draft","candidate_needs_technical_confirmation_not_current_supplier_catalog"
"2026-07-19","historical Mobilax-derived catalog snapshot (supplier label scrubbed)","SAMSUNG-2026-05-27","3000000227794","Oled Display Touchscreen with Frame Samsung Galaxy S20 FE 5G G781/Galaxy S20 FE 4G G780 Cloud Navy","Samsung","Schermi","A","Galaxy S20 FE 4G G780","","","Galaxy S20 FE 4G G780 | Galaxy S20 FE 5G G781","2","0","draft","candidate_needs_technical_confirmation_not_current_supplier_catalog"
"2026-07-19","historical Mobilax-derived catalog snapshot (supplier label scrubbed)","SAMSUNG-2026-05-25","3000000227800","Oled Display Touchscreen with Frame Samsung Galaxy A52 5G A526/Galaxy A52 4G A525 Awesome White","Samsung","Schermi","A","Galaxy A52 4G A525","","","Galaxy A52 4G A525 | Galaxy A52 5G A526","2","0","draft","candidate_needs_technical_confirmation_not_current_supplier_catalog"
"2026-07-19","historical Mobilax-derived catalog snapshot (supplier label scrubbed)","SAMSUNG-2026-05-25","3000000227817","Oled Display Touchscreen with Frame Samsung Galaxy A52 5G A526/Galaxy A52 4G A525 Awesome Violet","Samsung","Schermi","A","Galaxy A52 4G A525","","","Galaxy A52 4G A525 | Galaxy A52 5G A526","2","0","draft","candidate_needs_technical_confirmation_not_current_supplier_catalog"
"2026-07-19","historical Mobilax-derived catalog snapshot (supplier label scrubbed)","SAMSUNG-2026-05-25","3000000227824","Oled Display Touchscreen with Frame Samsung Galaxy A52 5G A526/Galaxy A52 4G A525 Awesome Blue","Samsung","Schermi","A","Galaxy A52 4G A525","","","Galaxy A52 4G A525 | Galaxy A52 5G A526","2","0","draft","candidate_needs_technical_confirmation_not_current_supplier_catalog"
"2026-07-19","historical Mobilax-derived catalog snapshot (supplier label scrubbed)","SAMSUNG-2026-05-25","3000000227831","Oled Display Touchscreen with Frame Samsung Galaxy A52 5G A526/Galaxy A52 4G A525 Awesome Black","Samsung","Schermi","A","Galaxy A52 4G A525","","","Galaxy A52 4G A525 | Galaxy A52 5G A526","2","0","draft","candidate_needs_technical_confirmation_not_current_supplier_catalog"
"2026-07-19","historical Mobilax-derived catalog snapshot (supplier label scrubbed)","XIAOMI-2026-05-27","3000000231418","Premium Depth Sensor Xiaomi Redmi 12C/Redmi A2 0.08MP","Xiaomi","Flat Cable","A","Redmi 12C","","","Redmi 12C | Redmi A2","2","0","draft","candidate_needs_technical_confirmation_not_current_supplier_catalog"
"2026-07-19","historical Mobilax-derived catalog snapshot (supplier label scrubbed)","REALME-2026-05-27","3000000234426","Premium Display Touchscreen Realme 11 Pro/11 Pro+ Black","Realme","Schermi","A","11 Pro","","","11 Pro | 11 Pro+","2","0","draft","candidate_needs_technical_confirmation_not_current_supplier_catalog"
"2026-07-19","historical Mobilax-derived catalog snapshot (supplier label scrubbed)","REALME-2026-05-27","3000000234501","Premium Dock Connector Realme 11 Pro/11 Pro+","Realme","Connettori","A","11 Pro","","","11 Pro | 11 Pro+","2","0","draft","candidate_needs_technical_confirmation_not_current_supplier_catalog"
"2026-07-19","historical Mobilax-derived catalog snapshot (supplier label scrubbed)","REALME-2026-05-27","3000000234969","Premium Sim Tray Realme C55/11 5G Sun Shower","Realme","Flat Cable","A","11 5G","","","11 5G | C55","2","0","draft","candidate_needs_technical_confirmation_not_current_supplier_catalog"
"2026-07-19","historical Mobilax-derived catalog snapshot (supplier label scrubbed)","REALME-2026-05-27","3000000234976","Premium Sim Tray Realme C55/11 5G Rainy Night","Realme","Flat Cable","A","11 5G","","","11 5G | C55","2","0","draft","candidate_needs_technical_confirmation_not_current_supplier_catalog"
"2026-07-19","historical Mobilax-derived catalog snapshot (supplier label scrubbed)","HONOR-2026-05-27","3000000235096","Premium Loudspeaker Honor X6/70 Lite","Honor","Speaker","A","70 Lite","","","70 Lite | X6","2","0","draft","candidate_needs_technical_confirmation_not_current_supplier_catalog"
"2026-07-19","historical Mobilax-derived catalog snapshot (supplier label scrubbed)","REALME-2026-05-27","3000000236376","Premium Battery Realme C53/C67 4G/C65 4G/12 5G/12x 5G BLPA17","Realme","Batterie","A","12 5G","","","12 5G | 12X 5G | C53 | C65 4G | C67 4G","5","0","draft","candidate_needs_technical_confirmation_not_current_supplier_catalog"
"2026-07-19","historical Mobilax-derived catalog snapshot (supplier label scrubbed)","REALME-2026-05-27","3000000236383","OEM Display Touchscreen Realme C53/C51/Note 50 Black","Realme","Schermi","A","C51","","","C51 | C53 | Note 50","3","0","draft","candidate_needs_technical_confirmation_not_current_supplier_catalog"
"2026-07-19","historical Mobilax-derived catalog snapshot (supplier label scrubbed)","HONOR-2026-05-27","3000000238585","Premium Sim Tray Honor Magic 4 Lite 5G/Magic 4 Lite 4G Midnight Schwarz","Honor","Flat Cable","A","Magic 4 Lite 4G","","","Magic 4 Lite 4G | Magic 4 Lite 5G","2","0","draft","candidate_needs_technical_confirmation_not_current_supplier_catalog"
"2026-07-19","historical Mobilax-derived catalog snapshot (supplier label scrubbed)","HONOR-2026-05-27","3000000238622","OEM Display Touchscreen with Frame Honor Magic 4 Lite 5G/Magic 4 Lite 4G Midnight Schwarz","Honor","Schermi","A","Magic 4 Lite 4G","","","Magic 4 Lite 4G | Magic 4 Lite 5G","2","0","draft","candidate_needs_technical_confirmation_not_current_supplier_catalog"
"2026-07-19","historical Mobilax-derived catalog snapshot (supplier label scrubbed)","HONOR-2026-05-27","3000000238639","Premium Display Touchscreen with Frame Honor Magic 4 Lite 5G/Magic 4 Lite 4G Titanium Silver","Honor","Schermi","A","Magic 4 Lite 4G","","","Magic 4 Lite 4G | Magic 4 Lite 5G","2","0","draft","candidate_needs_technical_confirmation_not_current_supplier_catalog"
"2026-07-19","historical Mobilax-derived catalog snapshot (supplier label scrubbed)","HONOR-2026-05-27","3000000238646","OEM Display Touchscreen with Frame Honor Magic 4 Lite 5G/Magic 4 Lite 4G Ocean Blue","Honor","Schermi","A","Magic 4 Lite 4G","","","Magic 4 Lite 4G | Magic 4 Lite 5G","2","0","draft","candidate_needs_technical_confirmation_not_current_supplier_catalog"
"2026-07-19","historical Mobilax-derived catalog snapshot (supplier label scrubbed)","SAMSUNG-2026-05-25","3000000239070","Original Front Camera Samsung Galaxy Z Flip 5 5G F731/Galaxy Z Flip 6 5G F741 GH96-15978A 10MP","Samsung","Fotocamere","A","Galaxy Z Flip 5 5G F731","","","Galaxy Z Flip 5 5G F731 | Galaxy Z Flip 6 5G F741","2","0","draft","candidate_needs_technical_confirmation_not_current_supplier_catalog"
"2026-07-19","historical Mobilax-derived catalog snapshot (supplier label scrubbed)","SAMSUNG-2026-05-27","3000000239483","Soft Oled Touch Screen with Frame Samsung Galaxy S20 Plus G985/Galaxy S20 Plus 5G G986 (120Hz) Black","Samsung","Schermi","A","Galaxy S20 Plus 5G G986","","","Galaxy S20 Plus G985 | Galaxy S20 Plus 5G G986","2","0","draft","candidate_needs_technical_confirmation_not_current_supplier_catalog"
"2026-07-19","historical Mobilax-derived catalog snapshot (supplier label scrubbed)","SAMSUNG-2026-05-25","3000000239551","Soft Oled Touch Screen with Frame Samsung Galaxy Note 20 N980/Galaxy Note 20 5G N981 Grey","Samsung","Schermi","A","Galaxy Note 20 5G N981","","","Galaxy Note 20 5G N981 | Galaxy Note 20 N980","2","0","draft","candidate_needs_technical_confirmation_not_current_supplier_catalog"
"2026-07-19","historical Mobilax-derived catalog snapshot (supplier label scrubbed)","SAMSUNG-2026-05-27","3000000239650","Soft Oled Touch Screen with Frame Samsung Galaxy S20 Plus 5G G986/Galaxy S20 Plus G985 (120Hz) Blue","Samsung","Schermi","A","Galaxy S20 Plus 5G G986","","","Galaxy S20 Plus G985 | Galaxy S20 Plus 5G G986","2","0","draft","candidate_needs_technical_confirmation_not_current_supplier_catalog"
"2026-07-19","historical Mobilax-derived catalog snapshot (supplier label scrubbed)","XIAOMI-2026-05-27","3000000240557","Premium Inner Earpiece Xiaomi 13 Pro/14T Pro","Xiaomi","Speaker","A","13 Pro","","","13 Pro | 14T Pro","2","0","draft","candidate_needs_technical_confirmation_not_current_supplier_catalog"
"2026-07-19","historical Mobilax-derived catalog snapshot (supplier label scrubbed)","SAMSUNG-2026-05-25","3000000241318","Premium Front Camera Samsung Galaxy Z Flip 5 5G F731/Galaxy Z Flip 6 5G F741 10MP","Samsung","Fotocamere","A","Galaxy Z Flip 5 5G F731","","","Galaxy Z Flip 5 5G F731 | Galaxy Z Flip 6 5G F741","2","0","draft","candidate_needs_technical_confirmation_not_current_supplier_catalog"
"2026-07-19","historical Mobilax-derived catalog snapshot (supplier label scrubbed)","REALME-2026-05-27","3000000244876","Premium Fingerprint Reader Realme C55/11 5G Sun Shower","Realme","Flat Cable","A","11 5G","","","11 5G | C55","2","0","draft","candidate_needs_technical_confirmation_not_current_supplier_catalog"
"2026-07-19","historical Mobilax-derived catalog snapshot (supplier label scrubbed)","XIAOMI-2026-05-27","3000000244883","Premium Loudspeaker Xiaomi Redmi 12 4G/Redmi 12 5G","Xiaomi","Speaker","A","Redmi 12 4G","","","Redmi 12 4G | Redmi 12 5G","2","0","draft","candidate_needs_technical_confirmation_not_current_supplier_catalog"
"2026-07-19","historical Mobilax-derived catalog snapshot (supplier label scrubbed)","REALME-2026-05-27","3000000244906","Premium Fingerprint Reader Realme C35/Narzo 50A Prime Luminous Black","Realme","Flat Cable","A","C35","","","C35 | Narzo 50A Prime","2","0","draft","candidate_needs_technical_confirmation_not_current_supplier_catalog"
"2026-07-19","historical Mobilax-derived catalog snapshot (supplier label scrubbed)","HONOR-2026-05-27","3000000245101","Premium Macro Sensor Honor Magic 5 Lite/Magic 6 Lite 5G 2MP","Honor","Flat Cable","A","Magic 5 Lite","","","Magic 5 Lite | Magic 6 Lite 5G","2","0","draft","candidate_needs_technical_confirmation_not_current_supplier_catalog"
"2026-07-19","historical Mobilax-derived catalog snapshot (supplier label scrubbed)","HONOR-2026-05-27","3000000245118","Premium Loudspeaker Honor Magic 5 Lite/Magic 6 Lite 5G","Honor","Speaker","A","Magic 5 Lite","","","Magic 5 Lite | Magic 6 Lite 5G","2","0","draft","candidate_needs_technical_confirmation_not_current_supplier_catalog"
"2026-07-19","historical Mobilax-derived catalog snapshot (supplier label scrubbed)","REALME-2026-05-27","3000000245378","Premium Inner Earpiece Realme Narzo 50i Prime/C30","Realme","Speaker","A","C30","","","C30 | Narzo 50I Prime","2","0","draft","candidate_needs_technical_confirmation_not_current_supplier_catalog"
"2026-07-19","historical Mobilax-derived catalog snapshot (supplier label scrubbed)","HONOR-2026-05-27","3000000246740","Premium Battery Honor X6a/X6b/200 Smart HB476594EGW","Honor","Batterie","A","X6A","","","X6A | X6B","2","0","draft","candidate_needs_technical_confirmation_not_current_supplier_catalog"
"2026-07-19","historical Mobilax-derived catalog snapshot (supplier label scrubbed)","HONOR-2026-05-27","3000000250259","Premium Front Camera Honor Magic 5 Lite/X8a/90 Lite/Magic 6 Lite 5G 16MP","Honor","Fotocamere","A","90 Lite","","","90 Lite | Magic 5 Lite | Magic 6 Lite 5G | X8A","4","0","draft","candidate_needs_technical_confirmation_not_current_supplier_catalog"
"2026-07-19","historical Mobilax-derived catalog snapshot (supplier label scrubbed)","OPPO-2026-05-27","3000000251805","Oled Display Touchscreen with Frame OPPO Reno8 Lite 5G/Reno6 Z 5G/Reno7 Lite 5G Black","OPPO","Schermi","A","RENO6 Z 5G","","","RENO6 Z 5G | RENO7 Lite 5G | RENO8 Lite 5G","3","0","draft","candidate_needs_technical_confirmation_not_current_supplier_catalog"
"2026-07-19","historical Mobilax-derived catalog snapshot (supplier label scrubbed)","XIAOMI-2026-05-27","3000000252185","Premium Main Camera Xiaomi Redmi 12 4G/Redmi 12 5G 50MP","Xiaomi","Fotocamere","A","Redmi 12 4G","","","Redmi 12 4G | Redmi 12 5G","2","0","draft","candidate_needs_technical_confirmation_not_current_supplier_catalog"
"2026-07-19","historical Mobilax-derived catalog snapshot (supplier label scrubbed)","OPPO-2026-05-27","3000000252321","Original Back Cover OPPO Reno3 Pro/Find X2 Neo 4150210 Star Blue","OPPO","Back Cover","A","Find X2 Neo","","","Find X2 Neo | RENO3 Pro","2","0","draft","candidate_needs_technical_confirmation_not_current_supplier_catalog"
"2026-07-19","historical Mobilax-derived catalog snapshot (supplier label scrubbed)","XIAOMI-2026-05-27","3000000252581","Premium Inner Earpiece Xiaomi Mi 11 Lite 5G/11 Lite 5G NE","Xiaomi","Speaker","A","11 Lite 5G NE","","","11 Lite 5G NE | Mi 11 Lite 5G","2","0","draft","candidate_needs_technical_confirmation_not_current_supplier_catalog"
"2026-07-19","historical Mobilax-derived catalog snapshot (supplier label scrubbed)","XIAOMI-2026-05-27","3000000252598","Premium Inner Earpiece Xiaomi Redmi Note 12 Pro 5G/Poco X5 Pro 5G/Poco F5 Pro 5G/Poco F6 Pro 5G","Xiaomi","Speaker","A","Poco F5 Pro 5G","","","Poco X5 Pro 5G | Poco F6 Pro 5G | Poco F5 Pro 5G","3","0","draft","candidate_needs_technical_confirmation_not_current_supplier_catalog"
"2026-07-19","historical Mobilax-derived catalog snapshot (supplier label scrubbed)","MOTOROLA-2026-05-27","3000000253571","Premium Battery Motorola Moto G14/Moto E14 PC50","Motorola","Batterie","A","Moto E14","","","Moto E14 | Moto G14","2","0","draft","candidate_needs_technical_confirmation_not_current_supplier_catalog"
"2026-07-19","historical Mobilax-derived catalog snapshot (supplier label scrubbed)","XIAOMI-2026-05-27","3000000253991","Premium Proximity Flex Cable Xiaomi Redmi Note 8/Redmi Note 8 2021","Xiaomi","Flat Cable","A","Redmi Note 8","","","Redmi Note 8 | Redmi Note 8 2021","2","0","draft","candidate_needs_technical_confirmation_not_current_supplier_catalog"
"2026-07-19","historical Mobilax-derived catalog snapshot (supplier label scrubbed)","XIAOMI-2026-05-27","3000000254738","Original Pulled Display Touchscreen Xiaomi Redmi 12 4G/Redmi 12 5G Black","Xiaomi","Schermi","A","Redmi 12 4G","","","Redmi 12 4G | Redmi 12 5G","2","0","draft","candidate_needs_technical_confirmation_not_current_supplier_catalog"
"2026-07-19","historical Mobilax-derived catalog snapshot (supplier label scrubbed)","SAMSUNG-2026-05-25","3000000254783","Premium Battery Samsung Galaxy M14 5G M146/Galaxy M54 5G M546/Galaxy M34 5G M346 EB-BM146ABY","Samsung","Batterie","A","Galaxy M14 5G M146","","","Galaxy M14 5G M146 | Galaxy M34 5G M346 | Galaxy M54 5G M546","3","0","draft","candidate_needs_technical_confirmation_not_current_supplier_catalog"
"2026-07-19","historical Mobilax-derived catalog snapshot (supplier label scrubbed)","XIAOMI-2026-05-27","3000000256039","OEM Display Touchscreen with Frame Xiaomi Redmi 12 4G/Redmi 12 5G Black","Xiaomi","Schermi","A","Redmi 12 4G","","","Redmi 12 4G | Redmi 12 5G","2","0","draft","candidate_needs_technical_confirmation_not_current_supplier_catalog"
"2026-07-19","historical Mobilax-derived catalog snapshot (supplier label scrubbed)","REALME-2026-05-27","3000000256398","Premium Connection Flex Cable Realme C53/C51","Realme","Flat Cable","A","C51","","","C51 | C53","2","0","draft","candidate_needs_technical_confirmation_not_current_supplier_catalog"
"2026-07-19","historical Mobilax-derived catalog snapshot (supplier label scrubbed)","SAMSUNG-2026-05-27","3000000258200","Original Camera Samsung Galaxy S8 G950/Galaxy S8 Plus G955 GH96-10638A 12MP","Samsung","Fotocamere","A","Galaxy S8 G950","","","Galaxy S8 Plus G955 | Galaxy S8 G950","2","0","draft","candidate_needs_technical_confirmation_not_current_supplier_catalog"
"2026-07-19","historical Mobilax-derived catalog snapshot (supplier label scrubbed)","MOTOROLA-2026-05-27","3000000258361","Premium Display Touchscreen Motorola Edge 40/Edge 40 Neo Black","Motorola","Schermi","A","Edge 40","","","Edge 40 | Edge 40 Neo","2","0","draft","candidate_needs_technical_confirmation_not_current_supplier_catalog"
"2026-07-19","historical Mobilax-derived catalog snapshot (supplier label scrubbed)","OPPO-2026-05-27","3000000259108","Premium Inner Earpiece OnePlus Nord CE 3 Lite 5G OPPO A58 4G (CPH2577)/A79 5G (CPH2553)","OPPO","Speaker","A","A58 4G CPH2577","","","A58 4G CPH2577 | A79 5G CPH2553","2","0","draft","candidate_needs_technical_confirmation_not_current_supplier_catalog"
"2026-07-19","historical Mobilax-derived catalog snapshot (supplier label scrubbed)","XIAOMI-2026-05-27","3000000259528","Original Battery Xiaomi Redmi Note 10 5G/Poco M3 Pro 5G 460200006L5Z 460200008SLM BN5A","Xiaomi","Batterie","A","Poco M3 Pro 5G","","","Poco M3 | Poco M3 Pro 5G","2","0","draft","candidate_needs_technical_confirmation_not_current_supplier_catalog"
"2026-07-19","historical Mobilax-derived catalog snapshot (supplier label scrubbed)","XIAOMI-2026-05-27","3000000259542","Original Battery Xiaomi Redmi Note 9/Redmi 9 460200001J1G  460200003P1G BN54","Xiaomi","Batterie","A","Redmi 9","","","Redmi 9 | Redmi Note 9","2","0","draft","candidate_needs_technical_confirmation_not_current_supplier_catalog"
"2026-07-19","historical Mobilax-derived catalog snapshot (supplier label scrubbed)","XIAOMI-2026-05-27","3000000259566","Original Battery Xiaomi Redmi Note 9T/Redmi Note 9 5G 46020000491Y BM54","Xiaomi","Batterie","A","Redmi Note 9 5G","","","Redmi Note 9 5G | Redmi Note 9T","2","0","draft","candidate_needs_technical_confirmation_not_current_supplier_catalog"
"2026-07-19","historical Mobilax-derived catalog snapshot (supplier label scrubbed)","HONOR-2026-05-27","3000000260036","Premium Lens Honor X8a/X6a Black","Honor","Fotocamere","A","X6A","","","X6A | X8A","2","0","draft","candidate_needs_technical_confirmation_not_current_supplier_catalog"
"2026-07-19","historical Mobilax-derived catalog snapshot (supplier label scrubbed)","HONOR-2026-05-27","3000000260074","Premium Loudspeaker Honor X8a/90 Lite","Honor","Speaker","A","90 Lite","","","90 Lite | X8A","2","0","draft","candidate_needs_technical_confirmation_not_current_supplier_catalog"
"2026-07-19","historical Mobilax-derived catalog snapshot (supplier label scrubbed)","REALME-2026-05-27","3000000260197","Premium Sim Tray Realme 9 5G/9 4G Starry White","Realme","Flat Cable","A","9 4G","","","9 4G | 9 5G","2","0","draft","candidate_needs_technical_confirmation_not_current_supplier_catalog"
"2026-07-19","historical Mobilax-derived catalog snapshot (supplier label scrubbed)","REALME-2026-05-27","3000000260203","Premium Sim Tray Realme 9 5G/9 4G Meteorite Black","Realme","Flat Cable","A","9 4G","","","9 4G | 9 5G","2","0","draft","candidate_needs_technical_confirmation_not_current_supplier_catalog"
"2026-07-19","historical Mobilax-derived catalog snapshot (supplier label scrubbed)","XIAOMI-2026-05-27","3000000260470","Original Pulled Display Touchscreen Xiaomi 13T/13T Pro Black","Xiaomi","Schermi","A","13T","","","13T | 13T Pro","2","0","draft","candidate_needs_technical_confirmation_not_current_supplier_catalog"
"2026-07-19","historical Mobilax-derived catalog snapshot (supplier label scrubbed)","2026-05-25","3000000260951","Lens Apple iPhone 15/iPhone 15 Plus Black","Apple","Fotocamere","A","iPhone 15","","","iPhone 15 | iPhone 15 Plus","2","0","draft","candidate_needs_technical_confirmation_not_current_supplier_catalog"
"2026-07-19","historical Mobilax-derived catalog snapshot (supplier label scrubbed)","XIAOMI-2026-05-27","3000000261187","Original Pulled Display Touchscreen with Frame Xiaomi 13T/13T Pro Black","Xiaomi","Schermi","A","13T","","","13T | 13T Pro","2","0","draft","candidate_needs_technical_confirmation_not_current_supplier_catalog"
"2026-07-19","historical Mobilax-derived catalog snapshot (supplier label scrubbed)","HONOR-2026-05-27","3000000261392","Premium Main Camera Honor X6/70 Lite 50MP","Honor","Fotocamere","A","70 Lite","","","70 Lite | X6","2","0","draft","candidate_needs_technical_confirmation_not_current_supplier_catalog"
"2026-07-19","historical Mobilax-derived catalog snapshot (supplier label scrubbed)","XIAOMI-2026-05-27","3000000261613","Premium Sim Tray Xiaomi 13T/13T Pro Black","Xiaomi","Flat Cable","A","13T","","","13T | 13T Pro","2","0","draft","candidate_needs_technical_confirmation_not_current_supplier_catalog"
"2026-07-19","historical Mobilax-derived catalog snapshot (supplier label scrubbed)","XIAOMI-2026-05-27","3000000261620","Premium Sim Tray Xiaomi 13T/13T Pro Green","Xiaomi","Flat Cable","A","13T","","","13T | 13T Pro","2","0","draft","candidate_needs_technical_confirmation_not_current_supplier_catalog"
"2026-07-19","historical Mobilax-derived catalog snapshot (supplier label scrubbed)","OPPO-2026-05-27","3000000261897","Premium Lens OPPO A58 4G (CPH2577)/A78 4G (CPH2565) Black","OPPO","Fotocamere","A","A58 4G CPH2577","","","A58 4G CPH2577 | A78 4G CPH2565","2","0","draft","candidate_needs_technical_confirmation_not_current_supplier_catalog"
"2026-07-19","historical Mobilax-derived catalog snapshot (supplier label scrubbed)","XIAOMI-2026-05-27","3000000264096","Premium Main Camera Xiaomi 13T/13T Pro 50MP","Xiaomi","Fotocamere","A","13T","","","13T | 13T Pro","2","0","draft","candidate_needs_technical_confirmation_not_current_supplier_catalog"
"2026-07-19","historical Mobilax-derived catalog snapshot (supplier label scrubbed)","2026-05-25","3000000264126","On/Off and Volume Button Apple iPhone 12/iPhone 12 Mini White","Apple","Flat Cable","A","iPhone 12","","","iPhone 12 | iPhone 12 Mini","2","0","draft","candidate_needs_technical_confirmation_not_current_supplier_catalog"
"2026-07-19","historical Mobilax-derived catalog snapshot (supplier label scrubbed)","2026-05-25","3000000264133","On/Off and Volume Button Apple iPhone 12/iPhone 12 Mini Blue","Apple","Flat Cable","A","iPhone 12","","","iPhone 12 | iPhone 12 Mini","2","0","draft","candidate_needs_technical_confirmation_not_current_supplier_catalog"
"2026-07-19","historical Mobilax-derived catalog snapshot (supplier label scrubbed)","2026-05-25","3000000264140","On/Off and Volume Button Apple iPhone 12/iPhone 12 Mini Mauve","Apple","Flat Cable","A","iPhone 12","","","iPhone 12 | iPhone 12 Mini","2","0","draft","candidate_needs_technical_confirmation_not_current_supplier_catalog"
"2026-07-19","historical Mobilax-derived catalog snapshot (supplier label scrubbed)","2026-05-25","3000000264157","On/Off and Volume Button Apple iPhone 12/iPhone 12 Mini Black","Apple","Flat Cable","A","iPhone 12","","","iPhone 12 | iPhone 12 Mini","2","0","draft","candidate_needs_technical_confirmation_not_current_supplier_catalog"
"2026-07-19","historical Mobilax-derived catalog snapshot (supplier label scrubbed)","2026-05-25","3000000264164","On/Off and Volume Button Apple iPhone 12/iPhone 12 Mini Red","Apple","Flat Cable","A","iPhone 12","","","iPhone 12 | iPhone 12 Mini","2","0","draft","candidate_needs_technical_confirmation_not_current_supplier_catalog"
"2026-07-19","historical Mobilax-derived catalog snapshot (supplier label scrubbed)","2026-05-25","3000000264171","On/Off and Volume Button Apple iPhone 12 Pro/iPhone 12 Pro Max Silver","Apple","Flat Cable","A","iPhone 12 Pro","","","iPhone 12 Pro | iPhone 12 Pro Max","2","0","draft","candidate_needs_technical_confirmation_not_current_supplier_catalog"
"2026-07-19","historical Mobilax-derived catalog snapshot (supplier label scrubbed)","2026-05-25","3000000264188","On/Off and Volume Button Apple iPhone 12 Pro/iPhone 12 Pro Max Graphite","Apple","Flat Cable","A","iPhone 12 Pro","","","iPhone 12 Pro | iPhone 12 Pro Max","2","0","draft","candidate_needs_technical_confirmation_not_current_supplier_catalog"
"2026-07-19","historical Mobilax-derived catalog snapshot (supplier label scrubbed)","2026-05-25","3000000264195","On/Off and Volume Button Apple iPhone 12 Pro/iPhone 12 Pro Max Gold","Apple","Flat Cable","A","iPhone 12 Pro","","","iPhone 12 Pro | iPhone 12 Pro Max","2","0","draft","candidate_needs_technical_confirmation_not_current_supplier_catalog"
"2026-07-19","historical Mobilax-derived catalog snapshot (supplier label scrubbed)","2026-05-25","3000000264201","On/Off and Volume Button Apple iPhone 12 Pro/iPhone 12 Pro Max Pacific Blue","Apple","Flat Cable","A","iPhone 12 Pro","","","iPhone 12 Pro | iPhone 12 Pro Max","2","0","draft","candidate_needs_technical_confirmation_not_current_supplier_catalog"
"2026-07-19","historical Mobilax-derived catalog snapshot (supplier label scrubbed)","2026-05-25","3000000264218","On/Off and Volume Button Apple iPhone 13 Mini/iPhone 13 Blue","Apple","Flat Cable","A","iPhone 13","","","iPhone 13 | iPhone 13 Mini","2","0","draft","candidate_needs_technical_confirmation_not_current_supplier_catalog"
"2026-07-19","historical Mobilax-derived catalog snapshot (supplier label scrubbed)","2026-05-25","3000000264225","On/Off and Volume Button Apple iPhone 13 Mini/iPhone 13 Starlight","Apple","Flat Cable","A","iPhone 13","","","iPhone 13 | iPhone 13 Mini","2","0","draft","candidate_needs_technical_confirmation_not_current_supplier_catalog"
"2026-07-19","historical Mobilax-derived catalog snapshot (supplier label scrubbed)","2026-05-25","3000000264232","On/Off and Volume Button Apple iPhone 13 Mini/iPhone 13 Black","Apple","Flat Cable","A","iPhone 13","","","iPhone 13 | iPhone 13 Mini","2","0","draft","candidate_needs_technical_confirmation_not_current_supplier_catalog"
"2026-07-19","historical Mobilax-derived catalog snapshot (supplier label scrubbed)","2026-05-25","3000000264249","On/Off and Volume Button Apple iPhone 13 Mini/iPhone 13 Pink","Apple","Flat Cable","A","iPhone 13","","","iPhone 13 | iPhone 13 Mini","2","0","draft","candidate_needs_technical_confirmation_not_current_supplier_catalog"
"2026-07-19","historical Mobilax-derived catalog snapshot (supplier label scrubbed)","2026-05-25","3000000264256","On/Off and Volume Button Apple iPhone 13 Mini/iPhone 13 Red","Apple","Flat Cable","A","iPhone 13","","","iPhone 13 | iPhone 13 Mini","2","0","draft","candidate_needs_technical_confirmation_not_current_supplier_catalog"
"2026-07-19","historical Mobilax-derived catalog snapshot (supplier label scrubbed)","2026-05-25","3000000264263","On/Off and Volume Button Apple iPhone 13 Pro/iPhone 13 Pro Max Silver","Apple","Flat Cable","A","iPhone 13 Pro","","","iPhone 13 Pro | iPhone 13 Pro Max","2","0","draft","candidate_needs_technical_confirmation_not_current_supplier_catalog"
"2026-07-19","historical Mobilax-derived catalog snapshot (supplier label scrubbed)","2026-05-25","3000000264270","On/Off and Volume Button Apple iPhone 13 Pro/iPhone 13 Pro Max Gold","Apple","Flat Cable","A","iPhone 13 Pro","","","iPhone 13 Pro | iPhone 13 Pro Max","2","0","draft","candidate_needs_technical_confirmation_not_current_supplier_catalog"
"2026-07-19","historical Mobilax-derived catalog snapshot (supplier label scrubbed)","2026-05-25","3000000264287","On/Off and Volume Button Apple iPhone 13 Pro/iPhone 13 Pro Max Graphite","Apple","Flat Cable","A","iPhone 13 Pro","","","iPhone 13 Pro | iPhone 13 Pro Max","2","0","draft","candidate_needs_technical_confirmation_not_current_supplier_catalog"
"2026-07-19","historical Mobilax-derived catalog snapshot (supplier label scrubbed)","2026-05-25","3000000264294","On/Off and Volume Button Apple iPhone 13 Pro/iPhone 13 Pro Max Alpine Blue","Apple","Flat Cable","A","iPhone 13 Pro","","","iPhone 13 Pro | iPhone 13 Pro Max","2","0","draft","candidate_needs_technical_confirmation_not_current_supplier_catalog"
"2026-07-19","historical Mobilax-derived catalog snapshot (supplier label scrubbed)","2026-05-25","3000000264317","On/Off and Volume Button Apple iPhone 13 Pro/iPhone 13 Pro Max Alpine Green","Apple","Flat Cable","A","iPhone 13 Pro","","","iPhone 13 Pro | iPhone 13 Pro Max","2","0","draft","candidate_needs_technical_confirmation_not_current_supplier_catalog"
"2026-07-19","historical Mobilax-derived catalog snapshot (supplier label scrubbed)","SAMSUNG-2026-05-27","3000000264461","Premium Main Camera Samsung Galaxy S23 FE S711/Galaxy S24 FE S721B 50MP","Samsung","Fotocamere","A","Galaxy S23 FE S711","","","Galaxy S24 FE S721B | Galaxy S23 FE S711","2","0","draft","candidate_needs_technical_confirmation_not_current_supplier_catalog"
"2026-07-19","historical Mobilax-derived catalog snapshot (supplier label scrubbed)","XIAOMI-2026-05-27","3000000265758","Original Dock Connector Xiaomi Poco M3 Pro 5G 560001K19P00","Xiaomi","Connettori","A","Poco M3 Pro 5G","","","Poco M3 | Poco M3 Pro 5G","2","0","draft","candidate_needs_technical_confirmation_not_current_supplier_catalog"
"2026-07-19","historical Mobilax-derived catalog snapshot (supplier label scrubbed)","SAMSUNG-2026-05-25","3000000265987","Original Dock Connector Samsung Galaxy A3 2017 A320/Galaxy A5 2017 A520/Galaxy A7 2017 A720 3722-004060","Samsung","Connettori","A","Galaxy A3 2017 A320","","","Galaxy A3 2017 A320 | Galaxy A5 2017 A520","2","0","draft","candidate_needs_technical_confirmation_not_current_supplier_catalog"
"2026-07-19","historical Mobilax-derived catalog snapshot (supplier label scrubbed)","SAMSUNG-2026-05-25","3000000266304","Original Main Camera Samsung Galaxy  A24 4G A245/Galaxy A25 5G A256/Galaxy A23 4G A235/Galaxy M34 5G M346 GH96-15109A 50MP","Samsung","Fotocamere","A","Galaxy A23 4G A235","","","Galaxy A23 4G A235 | Galaxy A24 4G A245 | Galaxy A25 5G A256 | Galaxy M34 5G M346","4","0","draft","candidate_needs_technical_confirmation_not_current_supplier_catalog"
"2026-07-19","historical Mobilax-derived catalog snapshot (supplier label scrubbed)","HONOR-2026-05-27","3000000266984","Original Pulled Battery Honor X6/X7 HB496590EFW","Honor","Batterie","A","X6","","","X6 | X7","2","0","draft","candidate_needs_technical_confirmation_not_current_supplier_catalog"
"2026-07-19","historical Mobilax-derived catalog snapshot (supplier label scrubbed)","SAMSUNG-2026-05-25","3000000267271","Original Battery Samsung Galaxy M34 5G M346/Galaxy M54 5G M546/Galaxy M14 5G M146 GH82-32103A GH82-31341A GH82-34704A   EB-BM146ABY","Samsung","Batterie","A","Galaxy M14 5G M146","","","Galaxy M14 5G M146 | Galaxy M34 5G M346 | Galaxy M54 5G M546","3","0","draft","candidate_needs_technical_confirmation_not_current_supplier_catalog"
"2026-07-19","historical Mobilax-derived catalog snapshot (supplier label scrubbed)","2026-05-25","3000000267387","Original Screen Adhesive Sticker Apple iPhone 11/iPhone XR 923-02660 923-03566 (Service Pack)","Apple","Schermi","A","iPhone 11","","","iPhone 11 | iPhone XR","2","0","draft","candidate_needs_technical_confirmation_not_current_supplier_catalog"
"2026-07-19","historical Mobilax-derived catalog snapshot (supplier label scrubbed)","XIAOMI-2026-05-27","3000000267721","Premium Front Camera Xiaomi 13T/13T Pro 20MP","Xiaomi","Fotocamere","A","13T","","","13T | 13T Pro","2","0","draft","candidate_needs_technical_confirmation_not_current_supplier_catalog"
"2026-07-19","historical Mobilax-derived catalog snapshot (supplier label scrubbed)","XIAOMI-2026-05-27","3000000267738","Premium Ultra Wide Angle Camera Xiaomi 13T/13T Pro 13MP","Xiaomi","Fotocamere","A","13T","","","13T | 13T Pro","2","0","draft","candidate_needs_technical_confirmation_not_current_supplier_catalog"
"2026-07-19","historical Mobilax-derived catalog snapshot (supplier label scrubbed)","XIAOMI-2026-05-27","3000000267745","Premium Telephoto Lens Xiaomi 13T/13T Pro 50MP","Xiaomi","Fotocamere","A","13T","","","13T | 13T Pro","2","0","draft","candidate_needs_technical_confirmation_not_current_supplier_catalog"
"2026-07-19","historical Mobilax-derived catalog snapshot (supplier label scrubbed)","HONOR-2026-05-27","3000000267783","Premium Ultra Wide Angle Camera Honor Magic 5 Lite/X8a/90 Lite 5MP","Honor","Fotocamere","A","90 Lite","","","90 Lite | Magic 5 Lite | X8A","3","0","draft","candidate_needs_technical_confirmation_not_current_supplier_catalog"
"2026-07-19","historical Mobilax-derived catalog snapshot (supplier label scrubbed)","SAMSUNG-2026-05-25","3000000268254","Original Ultra Wide Angle Camera Samsung Galaxy A34 5G A346/Galaxy M54 5G M546/Galaxy A25 5G A256/Galaxy M35 5G M356/Galaxy A26 5G A266/Galaxy M34 5G M346/Galaxy Xcover 7 Pro G766 GH96-15772A 8MP","Samsung","Fotocamere","A","Galaxy A25 5G A256","","","Galaxy A25 5G A256 | Galaxy A26 5G A266 | Galaxy A34 5G A346 | Galaxy M34 5G M346 | Galaxy M35 5G M356 | Galaxy M54 5G M546 | Galaxy XCover 7 Pro G766","7","0","draft","candidate_needs_technical_confirmation_not_current_supplier_catalog"
"2026-07-19","historical Mobilax-derived catalog snapshot (supplier label scrubbed)","SAMSUNG-2026-05-25","3000000268261","Premium Ultra Wide Angle Camera Samsung Galaxy A34 5G A346/Galaxy M54 5G M546/Galaxy A25 5G A256/Galaxy M35 5G M356/Galaxy A26 5G A266/Galaxy Xcover 7 Pro G766 8MP","Samsung","Fotocamere","A","Galaxy A25 5G A256","","","Galaxy A25 5G A256 | Galaxy A26 5G A266 | Galaxy A34 5G A346 | Galaxy M35 5G M356 | Galaxy M54 5G M546 | Galaxy XCover 7 Pro G766","6","0","draft","candidate_needs_technical_confirmation_not_current_supplier_catalog"
"2026-07-19","historical Mobilax-derived catalog snapshot (supplier label scrubbed)","XIAOMI-2026-05-27","3000000268414","Premium Macro Sensor Xiaomi Redmi 12 4G/Redmi 12 5G 2MP","Xiaomi","Flat Cable","A","Redmi 12 4G","","","Redmi 12 4G | Redmi 12 5G","2","0","draft","candidate_needs_technical_confirmation_not_current_supplier_catalog"
"2026-07-19","historical Mobilax-derived catalog snapshot (supplier label scrubbed)","OPPO-2026-05-27","3000000268438","Premium Front Camera OPPO A38 (CPH2579)/A18 Realme C51/Note 50 5MP","OPPO","Fotocamere","A","A18","","","A18 | A38 CPH2579","2","0","draft","candidate_needs_technical_confirmation_not_current_supplier_catalog"
"2026-07-19","historical Mobilax-derived catalog snapshot (supplier label scrubbed)","OPPO-2026-05-27","3000000268445","Premium Connection Flex Cable OPPO A38 (CPH2579)/A18/A79 5G (CPH2553)","OPPO","Flat Cable","A","A18","","","A18 | A38 CPH2579 | A79 5G CPH2553","3","0","draft","candidate_needs_technical_confirmation_not_current_supplier_catalog"
"2026-07-19","historical Mobilax-derived catalog snapshot (supplier label scrubbed)","OPPO-2026-05-27","3000000268476","Premium Loudspeaker OPPO A38 (CPH2579)/A58 4G (CPH2577)/A18","OPPO","Speaker","A","A18","","","A18 | A38 CPH2579 | A58 4G CPH2577","3","0","draft","candidate_needs_technical_confirmation_not_current_supplier_catalog"
"2026-07-19","historical Mobilax-derived catalog snapshot (supplier label scrubbed)","SAMSUNG-2026-05-27","3000000268759","Premium Ultra Wide Angle Camera Samsung Galaxy S23 FE S711/Galaxy S24 FE S721B/Galaxy S25 FE S731 12MP","Samsung","Fotocamere","A","Galaxy S23 FE S711","","","Galaxy S25 FE S731 | Galaxy S24 FE S721B | Galaxy S23 FE S711","3","0","draft","candidate_needs_technical_confirmation_not_current_supplier_catalog"
"2026-07-19","historical Mobilax-derived catalog snapshot (supplier label scrubbed)","SAMSUNG-2026-05-27","3000000268766","Original Front Camera Samsung Galaxy S23 FE S711/Galaxy S24 FE S721B GH96-16212A 10MP","Samsung","Fotocamere","A","Galaxy S23 FE S711","","","Galaxy S24 FE S721B | Galaxy S23 FE S711","2","0","draft","candidate_needs_technical_confirmation_not_current_supplier_catalog"
"2026-07-19","historical Mobilax-derived catalog snapshot (supplier label scrubbed)","SAMSUNG-2026-05-27","3000000268773","Premium Front Camera Samsung Galaxy S23 FE S711/Galaxy S24 FE S721B 10MP","Samsung","Fotocamere","A","Galaxy S23 FE S711","","","Galaxy S24 FE S721B | Galaxy S23 FE S711","2","0","draft","candidate_needs_technical_confirmation_not_current_supplier_catalog"
"2026-07-19","historical Mobilax-derived catalog snapshot (supplier label scrubbed)","SAMSUNG-2026-05-27","3000000268780","Original Main Camera Samsung Galaxy S23 FE S711/Galaxy S24 FE S721B GH96-16211A 50MP","Samsung","Fotocamere","A","Galaxy S23 FE S711","","","Galaxy S24 FE S721B | Galaxy S23 FE S711","2","0","draft","candidate_needs_technical_confirmation_not_current_supplier_catalog"
"2026-07-19","historical Mobilax-derived catalog snapshot (supplier label scrubbed)","SAMSUNG-2026-05-27","3000000268797","Original Ultra Wide Angle Camera Samsung Galaxy S23 FE S711/Galaxy S24 FE S721B/Galaxy S25 FE S731 GH96-16210A 12MP","Samsung","Fotocamere","A","Galaxy S23 FE S711","","","Galaxy S25 FE S731 | Galaxy S24 FE S721B | Galaxy S23 FE S711","3","0","draft","candidate_needs_technical_confirmation_not_current_supplier_catalog"
"2026-07-19","historical Mobilax-derived catalog snapshot (supplier label scrubbed)","XIAOMI-2026-05-27","3000000269190","Premium Fingerprint Reader Xiaomi Redmi 12 4G/Redmi 12 5G Midnight Schwarz","Xiaomi","Flat Cable","A","Redmi 12 4G","","","Redmi 12 4G | Redmi 12 5G","2","0","draft","candidate_needs_technical_confirmation_not_current_supplier_catalog"
"2026-07-19","historical Mobilax-derived catalog snapshot (supplier label scrubbed)","XIAOMI-2026-05-27","3000000269206","Premium Fingerprint Reader Xiaomi Redmi 12 4G/Redmi 12 5G Polar Silver","Xiaomi","Flat Cable","A","Redmi 12 4G","","","Redmi 12 4G | Redmi 12 5G","2","0","draft","candidate_needs_technical_confirmation_not_current_supplier_catalog"
"2026-07-19","historical Mobilax-derived catalog snapshot (supplier label scrubbed)","REALME-2026-05-27","3000000269367","Premium Loudspeaker Realme 11 Pro/11 Pro+","Realme","Speaker","A","11 Pro","","","11 Pro | 11 Pro+","2","0","draft","candidate_needs_technical_confirmation_not_current_supplier_catalog"
"2026-07-19","historical Mobilax-derived catalog snapshot (supplier label scrubbed)","XIAOMI-2026-05-27","3000000270226","Premium Front Camera Xiaomi Redmi 12 4G/Redmi 12 5G 8MP","Xiaomi","Fotocamere","A","Redmi 12 4G","","","Redmi 12 4G | Redmi 12 5G","2","0","draft","candidate_needs_technical_confirmation_not_current_supplier_catalog"
"2026-07-19","historical Mobilax-derived catalog snapshot (supplier label scrubbed)","XIAOMI-2026-05-27","3000000270899","Premium Loudspeaker Xiaomi 13T/13T Pro","Xiaomi","Speaker","A","13T","","","13T | 13T Pro","2","0","draft","candidate_needs_technical_confirmation_not_current_supplier_catalog"
"2026-07-19","historical Mobilax-derived catalog snapshot (supplier label scrubbed)","2026-05-25","3000000272084","On/Off and Volume Button Apple iPhone 15/iPhone 15 Plus Pink","Apple","Flat Cable","A","iPhone 15","","","iPhone 15 | iPhone 15 Plus","2","0","draft","candidate_needs_technical_confirmation_not_current_supplier_catalog"
"2026-07-19","historical Mobilax-derived catalog snapshot (supplier label scrubbed)","2026-05-25","3000000272091","On/Off and Volume Button Apple iPhone 15/iPhone 15 Plus Green","Apple","Flat Cable","A","iPhone 15","","","iPhone 15 | iPhone 15 Plus","2","0","draft","candidate_needs_technical_confirmation_not_current_supplier_catalog"
"2026-07-19","historical Mobilax-derived catalog snapshot (supplier label scrubbed)","2026-05-25","3000000272107","On/Off and Volume Button Apple iPhone 15/iPhone 15 Plus Yellow","Apple","Flat Cable","A","iPhone 15","","","iPhone 15 | iPhone 15 Plus","2","0","draft","candidate_needs_technical_confirmation_not_current_supplier_catalog"
"2026-07-19","historical Mobilax-derived catalog snapshot (supplier label scrubbed)","2026-05-25","3000000272114","On/Off and Volume Button Apple iPhone 15/iPhone 15 Plus Blue","Apple","Flat Cable","A","iPhone 15","","","iPhone 15 | iPhone 15 Plus","2","0","draft","candidate_needs_technical_confirmation_not_current_supplier_catalog"
"2026-07-19","historical Mobilax-derived catalog snapshot (supplier label scrubbed)","2026-05-25","3000000272121","On/Off and Volume Button Apple iPhone 15/iPhone 15 Plus Black","Apple","Flat Cable","A","iPhone 15","","","iPhone 15 | iPhone 15 Plus","2","0","draft","candidate_needs_technical_confirmation_not_current_supplier_catalog"
"2026-07-19","historical Mobilax-derived catalog snapshot (supplier label scrubbed)","TCL-2026-05-27","3000000272213","Premium Battery TCL 40R 5G/405/408 TLP048A7","TCL","Batterie","A","40R 5G","","","40R 5G | 405","2","0","draft","candidate_needs_technical_confirmation_not_current_supplier_catalog"
"2026-07-19","historical Mobilax-derived catalog snapshot (supplier label scrubbed)","REALME-2026-05-27","3000000272626","Premium Vibrator Realme GT NEO 2/GT NEO 3","Realme","Flat Cable","A","GT Neo 2","","","GT Neo 2 | GT Neo 3","2","0","draft","candidate_needs_technical_confirmation_not_current_supplier_catalog"
"2026-07-19","historical Mobilax-derived catalog snapshot (supplier label scrubbed)","REALME-2026-05-27","3000000273616","Premium LCD Flex Cable Realme 11 Pro/11 Pro+","Realme","Schermi","A","11 Pro","","","11 Pro | 11 Pro+","2","0","draft","candidate_needs_technical_confirmation_not_current_supplier_catalog"
"2026-07-19","historical Mobilax-derived catalog snapshot (supplier label scrubbed)","OPPO-2026-05-27","3000000275108","Premium Front Camera OPPO Reno12 F 5G (CPH2637)/Reno11 F 5G/Reno12 FS 5G Realme GT 7 5G/11 Pro+/GT 7T/GT 6 5G/GT 6T 32MP","OPPO","Fotocamere","A","RENO11 F 5G","","","RENO11 F 5G | RENO12 F 5G CPH2637","2","0","draft","candidate_needs_technical_confirmation_not_current_supplier_catalog"
"2026-07-19","historical Mobilax-derived catalog snapshot (supplier label scrubbed)","XIAOMI-2026-05-27","3000000275115","Original Pulled Display Touchscreen with Frame Xiaomi 13T/13T Pro Green","Xiaomi","Schermi","A","13T","","","13T | 13T Pro","2","0","draft","candidate_needs_technical_confirmation_not_current_supplier_catalog"
"2026-07-19","historical Mobilax-derived catalog snapshot (supplier label scrubbed)","XIAOMI-2026-05-27","3000000275122","Original Pulled Display Touchscreen with Frame Xiaomi 13T/13T Pro Alpine Blue","Xiaomi","Schermi","A","13T","","","13T | 13T Pro","2","0","draft","candidate_needs_technical_confirmation_not_current_supplier_catalog"
"2026-07-19","historical Mobilax-derived catalog snapshot (supplier label scrubbed)","SAMSUNG-2026-05-25","3000000275450","Original Front Camera Samsung Galaxy Z Fold 4 5G F936/Galaxy Z Fold 5 5G F946 GH96-15260A (Exterior Side) 10MP","Samsung","Fotocamere","A","Galaxy Z Fold 4 5G F936","","","Galaxy Z Fold 4 5G F936 | Galaxy Z Fold 5 5G F946","2","0","draft","candidate_needs_technical_confirmation_not_current_supplier_catalog"
"2026-07-19","historical Mobilax-derived catalog snapshot (supplier label scrubbed)","SAMSUNG-2026-05-25","3000000275467","Premium Front Camera Samsung Galaxy Z Fold 4 5G F936/Galaxy Z Fold 5 5G F946 (Exterior Side) 10MP","Samsung","Fotocamere","A","Galaxy Z Fold 4 5G F936","","","Galaxy Z Fold 4 5G F936 | Galaxy Z Fold 5 5G F946","2","0","draft","candidate_needs_technical_confirmation_not_current_supplier_catalog"
"2026-07-19","historical Mobilax-derived catalog snapshot (supplier label scrubbed)","REALME-2026-05-27","3000000275511","Premium Ultra Wide Angle Camera Realme 11 Pro+/GT 7 Pro/14 Pro+ 8MP","Realme","Fotocamere","A","11 Pro+","","","11 Pro+ | 14 Pro+ | GT 7 Pro","3","0","draft","candidate_needs_technical_confirmation_not_current_supplier_catalog"
"2026-07-19","historical Mobilax-derived catalog snapshot (supplier label scrubbed)","XIAOMI-2026-05-27","3000000275573","Premium Lens Xiaomi 13T/13T Pro Black","Xiaomi","Fotocamere","A","13T","","","13T | 13T Pro","2","0","draft","candidate_needs_technical_confirmation_not_current_supplier_catalog"
"2026-07-19","historical Mobilax-derived catalog snapshot (supplier label scrubbed)","XIAOMI-2026-05-27","3000000279052","Premium Proximity Flex Cable Xiaomi 12T/12T Pro","Xiaomi","Flat Cable","A","12T","","","12T | 12T Pro","2","0","draft","candidate_needs_technical_confirmation_not_current_supplier_catalog"
"2026-07-19","historical Mobilax-derived catalog snapshot (supplier label scrubbed)","REALME-2026-05-27","3000000279373","Premium Power and Volume Flex Cable Realme 11 Pro/11 Pro+","Realme","Flat Cable","A","11 Pro","","","11 Pro | 11 Pro+","2","0","draft","candidate_needs_technical_confirmation_not_current_supplier_catalog"
"2026-07-19","historical Mobilax-derived catalog snapshot (supplier label scrubbed)","OPPO-2026-05-27","3000000279410","Premium Power and Volume Flex Cable OPPO A38 (CPH2579)/A18","OPPO","Flat Cable","A","A18","","","A18 | A38 CPH2579","2","0","draft","candidate_needs_technical_confirmation_not_current_supplier_catalog"
"2026-07-19","historical Mobilax-derived catalog snapshot (supplier label scrubbed)","SAMSUNG-2026-05-25","3000000279441","Premium Depth Sensor Samsung Galaxy A04 A045/Galaxy A04e A042 2MP","Samsung","Flat Cable","A","Galaxy A04 A045","","","Galaxy A04 A045 | Galaxy A04E A042","2","0","draft","candidate_needs_technical_confirmation_not_current_supplier_catalog"
"2026-07-19","historical Mobilax-derived catalog snapshot (supplier label scrubbed)","2026-05-25","3000000280751","Premium Dock Connector Apple iPhone 12/iPhone 12 Pro Red","Apple","Connettori","A","iPhone 12","","","iPhone 12 | iPhone 12 Pro","2","0","draft","candidate_needs_technical_confirmation_not_current_supplier_catalog"
"2026-07-19","historical Mobilax-derived catalog snapshot (supplier label scrubbed)","2026-05-25","3000000280782","Premium Dock Connector Apple iPhone 12/iPhone 12 Pro Silver","Apple","Connettori","A","iPhone 12","","","iPhone 12 | iPhone 12 Pro","2","0","draft","candidate_needs_technical_confirmation_not_current_supplier_catalog"
"2026-07-19","historical Mobilax-derived catalog snapshot (supplier label scrubbed)","SAMSUNG-2026-05-25","3000000281048","Original Vibrator Samsung Galaxy A12 A125/Galaxy M12 M127/Galaxy A12 Nacho A127 GH31-00788A","Samsung","Flat Cable","A","Galaxy A12 A125","","","Galaxy A12 A125 | Galaxy A12 Nacho A127 | Galaxy M12 M127","3","0","draft","candidate_needs_technical_confirmation_not_current_supplier_catalog"
"2026-07-19","historical Mobilax-derived catalog snapshot (supplier label scrubbed)","XIAOMI-2026-05-27","3000000281765","Premium Power and Volume Flex Cable Xiaomi 13T/13T Pro","Xiaomi","Flat Cable","A","13T","","","13T | 13T Pro","2","0","draft","candidate_needs_technical_confirmation_not_current_supplier_catalog"
"2026-07-19","historical Mobilax-derived catalog snapshot (supplier label scrubbed)","SAMSUNG-2026-05-27","3000000281772","Original Display Touchscreen without Frame Samsung Galaxy S20 FE 5G G781/Galaxy S20 FE 4G G780 GH96-13911B GH96-13911D Black","Samsung","Schermi","A","Galaxy S20 FE 4G G780","","","Galaxy S20 FE 4G G780 | Galaxy S20 FE 5G G781","2","0","draft","candidate_needs_technical_confirmation_not_current_supplier_catalog"
"2026-07-19","historical Mobilax-derived catalog snapshot (supplier label scrubbed)","SAMSUNG-2026-05-25","3000000281949","Battery Stickers Samsung Galaxy M14 5G M146/Galaxy M54 5G M546/Galaxy M34 5G M346","Samsung","Batterie","A","Galaxy M14 5G M146","","","Galaxy M14 5G M146 | Galaxy M34 5G M346 | Galaxy M54 5G M546","3","0","draft","candidate_needs_technical_confirmation_not_current_supplier_catalog"
"2026-07-19","historical Mobilax-derived catalog snapshot (supplier label scrubbed)","SAMSUNG-2026-05-27","3000000282427","Premium Sim Tray Samsung Galaxy S24 5G S921/Galaxy S24 Plus 5G S926 Silver","Samsung","Flat Cable","A","Galaxy S24 5G S921","","","Galaxy S24 Plus 5G S926 | Galaxy S24 5G S921","2","0","draft","candidate_needs_technical_confirmation_not_current_supplier_catalog"
"2026-07-19","historical Mobilax-derived catalog snapshot (supplier label scrubbed)","SAMSUNG-2026-05-27","3000000282458","Premium Sim Tray Samsung Galaxy S24 5G S921/Galaxy S24 Plus 5G S926 Blue","Samsung","Flat Cable","A","Galaxy S24 5G S921","","","Galaxy S24 Plus 5G S926 | Galaxy S24 5G S921","2","0","draft","candidate_needs_technical_confirmation_not_current_supplier_catalog"
"2026-07-19","historical Mobilax-derived catalog snapshot (supplier label scrubbed)","SAMSUNG-2026-05-27","3000000282465","Premium Sim Tray Samsung Galaxy S24 5G S921/Galaxy S24 Plus 5G S926 Cream","Samsung","Flat Cable","A","Galaxy S24 5G S921","","","Galaxy S24 Plus 5G S926 | Galaxy S24 5G S921","2","0","draft","candidate_needs_technical_confirmation_not_current_supplier_catalog"
"2026-07-19","historical Mobilax-derived catalog snapshot (supplier label scrubbed)","SAMSUNG-2026-05-27","3000000282472","Premium Sim Tray Samsung Galaxy S24 5G S921/Galaxy S24 Plus 5G S926 Indigo","Samsung","Flat Cable","A","Galaxy S24 5G S921","","","Galaxy S24 Plus 5G S926 | Galaxy S24 5G S921","2","0","draft","candidate_needs_technical_confirmation_not_current_supplier_catalog"
"2026-07-19","historical Mobilax-derived catalog snapshot (supplier label scrubbed)","SAMSUNG-2026-05-27","3000000282489","Premium Sim Tray Samsung Galaxy S24 5G S921/Galaxy S24 Plus 5G S926 Orange","Samsung","Flat Cable","A","Galaxy S24 5G S921","","","Galaxy S24 Plus 5G S926 | Galaxy S24 5G S921","2","0","draft","candidate_needs_technical_confirmation_not_current_supplier_catalog"
"2026-07-19","historical Mobilax-derived catalog snapshot (supplier label scrubbed)","SAMSUNG-2026-05-27","3000000282502","Premium Sim Tray Samsung Galaxy S24 5G S921/Galaxy S24 Plus 5G S926 Black","Samsung","Flat Cable","A","Galaxy S24 5G S921","","","Galaxy S24 Plus 5G S926 | Galaxy S24 5G S921","2","0","draft","candidate_needs_technical_confirmation_not_current_supplier_catalog"
"2026-07-19","historical Mobilax-derived catalog snapshot (supplier label scrubbed)","SAMSUNG-2026-05-27","3000000282519","Premium Sim Tray Samsung Galaxy S24 5G S921/Galaxy S24 Plus 5G S926 Green","Samsung","Flat Cable","A","Galaxy S24 5G S921","","","Galaxy S24 Plus 5G S926 | Galaxy S24 5G S921","2","0","draft","candidate_needs_technical_confirmation_not_current_supplier_catalog"
"2026-07-19","historical Mobilax-derived catalog snapshot (supplier label scrubbed)","MOTOROLA-2026-05-27","3000000282526","Premium Power and Volume Flex Cable Motorola Moto E30/Moto E40","Motorola","Flat Cable","A","Moto E30","","","Moto E30 | Moto E40","2","0","draft","candidate_needs_technical_confirmation_not_current_supplier_catalog"
"2026-07-19","historical Mobilax-derived catalog snapshot (supplier label scrubbed)","SAMSUNG-2026-05-25","3000000282885","Premium Main Camera Samsung Galaxy A15 5G A156B/Galaxy A15 4G A155/Galaxy M15 5G M156 50MP","Samsung","Fotocamere","A","Galaxy A15 4G A155","","","Galaxy A15 4G A155 | Galaxy A15 5G A156B | Galaxy M15 5G M156","3","0","draft","candidate_needs_technical_confirmation_not_current_supplier_catalog"
"2026-07-19","historical Mobilax-derived catalog snapshot (supplier label scrubbed)","SAMSUNG-2026-05-25","3000000282892","Original Main Camera Samsung Galaxy A15 4G A155/Galaxy A15 5G A156B GH96-16591A 50MP","Samsung","Fotocamere","A","Galaxy A15 4G A155","","","Galaxy A15 4G A155 | Galaxy A15 5G A156B","2","0","draft","candidate_needs_technical_confirmation_not_current_supplier_catalog"
"2026-07-19","historical Mobilax-derived catalog snapshot (supplier label scrubbed)","SAMSUNG-2026-05-25","3000000282908","Original Ultra Wide Angle Camera Samsung Galaxy A15 4G A155/Galaxy A15 5G A156B/Galaxy M15 5G M156 GH96-16605A 5MP","Samsung","Fotocamere","A","Galaxy A15 4G A155","","","Galaxy A15 4G A155 | Galaxy A15 5G A156B | Galaxy M15 5G M156","3","0","draft","candidate_needs_technical_confirmation_not_current_supplier_catalog"
"2026-07-19","historical Mobilax-derived catalog snapshot (supplier label scrubbed)","SAMSUNG-2026-05-25","3000000282915","Premium Ultra Wide Angle Camera Samsung Galaxy A15 5G A156B/Galaxy A15 4G A155/Galaxy M15 5G M156 5MP","Samsung","Fotocamere","A","Galaxy A15 4G A155","","","Galaxy A15 4G A155 | Galaxy A15 5G A156B | Galaxy M15 5G M156","3","0","draft","candidate_needs_technical_confirmation_not_current_supplier_catalog"
"2026-07-19","historical Mobilax-derived catalog snapshot (supplier label scrubbed)","SAMSUNG-2026-05-25","3000000282922","Original Front Camera Samsung Galaxy A15 5G A156B/Galaxy A15 4G A155/Galaxy M15 5G M156 GH96-16606A 13MP","Samsung","Fotocamere","A","Galaxy A15 4G A155","","","Galaxy A15 4G A155 | Galaxy A15 5G A156B | Galaxy M15 5G M156","3","0","draft","candidate_needs_technical_confirmation_not_current_supplier_catalog"
"2026-07-19","historical Mobilax-derived catalog snapshot (supplier label scrubbed)","SAMSUNG-2026-05-25","3000000282939","Premium Front Camera Samsung Galaxy A15 5G A156B/Galaxy A15 4G A155/Galaxy M15 5G M156 13MP","Samsung","Fotocamere","A","Galaxy A15 4G A155","","","Galaxy A15 4G A155 | Galaxy A15 5G A156B | Galaxy M15 5G M156","3","0","draft","candidate_needs_technical_confirmation_not_current_supplier_catalog"
"2026-07-19","historical Mobilax-derived catalog snapshot (supplier label scrubbed)","SAMSUNG-2026-05-25","3000000282946","Original Battery Samsung Galaxy A15 4G A155/Galaxy A15 5G A156B GH82-33639A EB-BA156ABY","Samsung","Batterie","A","Galaxy A15 4G A155","","","Galaxy A15 4G A155 | Galaxy A15 5G A156B","2","0","draft","candidate_needs_technical_confirmation_not_current_supplier_catalog"
"2026-07-19","historical Mobilax-derived catalog snapshot (supplier label scrubbed)","SAMSUNG-2026-05-25","3000000282953","Original Dock Connector Samsung Galaxy A15 5G A156B/Galaxy A15 4G A155/Galaxy M15 5G M156 GH96-16630A","Samsung","Connettori","A","Galaxy A15 4G A155","","","Galaxy A15 4G A155 | Galaxy A15 5G A156B | Galaxy M15 5G M156","3","0","draft","candidate_needs_technical_confirmation_not_current_supplier_catalog"
"2026-07-19","historical Mobilax-derived catalog snapshot (supplier label scrubbed)","SAMSUNG-2026-05-25","3000000283554","Premium Dock Connector Samsung Galaxy M23 5G M236/Galaxy M33 5G M336","Samsung","Connettori","A","Galaxy M23 5G M236","","","Galaxy M23 5G M236 | Galaxy M33 5G M336","2","0","draft","candidate_needs_technical_confirmation_not_current_supplier_catalog"
"2026-07-19","historical Mobilax-derived catalog snapshot (supplier label scrubbed)","SAMSUNG-2026-05-27","3000000283912","Original Front Camera Samsung Galaxy S24 5G S921/Galaxy S24 Plus 5G S926 GH96-16298A 12MP","Samsung","Fotocamere","A","Galaxy S24 5G S921","","","Galaxy S24 Plus 5G S926 | Galaxy S24 5G S921","2","0","draft","candidate_needs_technical_confirmation_not_current_supplier_catalog"
"2026-07-19","historical Mobilax-derived catalog snapshot (supplier label scrubbed)","SAMSUNG-2026-05-27","3000000283929","Premium Ultra Wide Angle Camera Samsung Galaxy S24 5G S921/Galaxy S24 Plus 5G S926/Galaxy S25 S931/Galaxy S25 Plus S936 12MP","Samsung","Fotocamere","A","Galaxy S24 5G S921","","","Galaxy S25 S931 | Galaxy S24 Plus 5G S926 | Galaxy S25 Plus S936 | Galaxy S24 5G S921","4","0","draft","candidate_needs_technical_confirmation_not_current_supplier_catalog"
"2026-07-19","historical Mobilax-derived catalog snapshot (supplier label scrubbed)","SAMSUNG-2026-05-27","3000000283936","Original On/Off Button Samsung Galaxy S24 5G S921/Galaxy S24 Plus 5G S926 GH98-48904D Cream","Samsung","Flat Cable","A","Galaxy S24 5G S921","","","Galaxy S24 Plus 5G S926 | Galaxy S24 5G S921","2","0","draft","candidate_needs_technical_confirmation_not_current_supplier_catalog"
"2026-07-19","historical Mobilax-derived catalog snapshot (supplier label scrubbed)","SAMSUNG-2026-05-27","3000000283943","Original On/Off Button Samsung Galaxy S24 5G S921/Galaxy S24 Plus 5G S926 GH98-48904F Blue","Samsung","Flat Cable","A","Galaxy S24 5G S921","","","Galaxy S24 Plus 5G S926 | Galaxy S24 5G S921","2","0","draft","candidate_needs_technical_confirmation_not_current_supplier_catalog"
"2026-07-19","historical Mobilax-derived catalog snapshot (supplier label scrubbed)","SAMSUNG-2026-05-27","3000000283950","Original On/Off Button Samsung Galaxy S24 5G S921/Galaxy S24 Plus 5G S926 GH98-48904C Indigo","Samsung","Flat Cable","A","Galaxy S24 5G S921","","","Galaxy S24 Plus 5G S926 | Galaxy S24 5G S921","2","0","draft","candidate_needs_technical_confirmation_not_current_supplier_catalog"
"2026-07-19","historical Mobilax-derived catalog snapshot (supplier label scrubbed)","SAMSUNG-2026-05-27","3000000283967","Original On/Off Button Samsung Galaxy S24 5G S921/Galaxy S24 Plus 5G S926 GH98-48904E Green","Samsung","Flat Cable","A","Galaxy S24 5G S921","","","Galaxy S24 Plus 5G S926 | Galaxy S24 5G S921","2","0","draft","candidate_needs_technical_confirmation_not_current_supplier_catalog"
"2026-07-19","historical Mobilax-derived catalog snapshot (supplier label scrubbed)","SAMSUNG-2026-05-27","3000000283974","Original On/Off Button Samsung Galaxy S24 5G S921/Galaxy S24 Plus 5G S926 GH98-48904B Silver","Samsung","Flat Cable","A","Galaxy S24 5G S921","","","Galaxy S24 Plus 5G S926 | Galaxy S24 5G S921","2","0","draft","candidate_needs_technical_confirmation_not_current_supplier_catalog"
"2026-07-19","historical Mobilax-derived catalog snapshot (supplier label scrubbed)","SAMSUNG-2026-05-27","3000000283981","Original On/Off Button Samsung Galaxy S24 5G S921/Galaxy S24 Plus 5G S926 GH98-48904A Black","Samsung","Flat Cable","A","Galaxy S24 5G S921","","","Galaxy S24 Plus 5G S926 | Galaxy S24 5G S921","2","0","draft","candidate_needs_technical_confirmation_not_current_supplier_catalog"
"2026-07-19","historical Mobilax-derived catalog snapshot (supplier label scrubbed)","SAMSUNG-2026-05-27","3000000283998","Original On/Off Button Samsung Galaxy S24 5G S921/Galaxy S24 Plus 5G S926 GH98-48904G Orange","Samsung","Flat Cable","A","Galaxy S24 5G S921","","","Galaxy S24 Plus 5G S926 | Galaxy S24 5G S921","2","0","draft","candidate_needs_technical_confirmation_not_current_supplier_catalog"
"2026-07-19","historical Mobilax-derived catalog snapshot (supplier label scrubbed)","SAMSUNG-2026-05-27","3000000284070","Original SIM Tray Samsung Galaxy S24 5G S921/Galaxy S24 Plus 5G S926 GH98-48906D Cream","Samsung","Flat Cable","A","Galaxy S24 5G S921","","","Galaxy S24 Plus 5G S926 | Galaxy S24 5G S921","2","0","draft","candidate_needs_technical_confirmation_not_current_supplier_catalog"
"2026-07-19","historical Mobilax-derived catalog snapshot (supplier label scrubbed)","SAMSUNG-2026-05-27","3000000284087","Original SIM Tray Samsung Galaxy S24 5G S921/Galaxy S24 Plus 5G S926 GH98-48906F Blue","Samsung","Flat Cable","A","Galaxy S24 5G S921","","","Galaxy S24 Plus 5G S926 | Galaxy S24 5G S921","2","0","draft","candidate_needs_technical_confirmation_not_current_supplier_catalog"
"2026-07-19","historical Mobilax-derived catalog snapshot (supplier label scrubbed)","SAMSUNG-2026-05-27","3000000284094","Original SIM Tray Samsung Galaxy S24 5G S921/Galaxy S24 Plus 5G S926 GH98-48906C Indigo","Samsung","Flat Cable","A","Galaxy S24 5G S921","","","Galaxy S24 Plus 5G S926 | Galaxy S24 5G S921","2","0","draft","candidate_needs_technical_confirmation_not_current_supplier_catalog"
"2026-07-19","historical Mobilax-derived catalog snapshot (supplier label scrubbed)","SAMSUNG-2026-05-27","3000000284100","Original SIM Tray Samsung Galaxy S24 5G S921/Galaxy S24 Plus 5G S926 GH98-48906E Green","Samsung","Flat Cable","A","Galaxy S24 5G S921","","","Galaxy S24 Plus 5G S926 | Galaxy S24 5G S921","2","0","draft","candidate_needs_technical_confirmation_not_current_supplier_catalog"
"2026-07-19","historical Mobilax-derived catalog snapshot (supplier label scrubbed)","SAMSUNG-2026-05-27","3000000284117","Original SIM Tray Samsung Galaxy S24 5G S921/Galaxy S24 Plus 5G S926 GH98-48906B Silver","Samsung","Flat Cable","A","Galaxy S24 5G S921","","","Galaxy S24 Plus 5G S926 | Galaxy S24 5G S921","2","0","draft","candidate_needs_technical_confirmation_not_current_supplier_catalog"
"2026-07-19","historical Mobilax-derived catalog snapshot (supplier label scrubbed)","SAMSUNG-2026-05-27","3000000284124","Original SIM Tray Samsung Galaxy S24 5G S921/Galaxy S24 Plus 5G S926 GH98-48906A Black","Samsung","Flat Cable","A","Galaxy S24 5G S921","","","Galaxy S24 Plus 5G S926 | Galaxy S24 5G S921","2","0","draft","candidate_needs_technical_confirmation_not_current_supplier_catalog"
"2026-07-19","historical Mobilax-derived catalog snapshot (supplier label scrubbed)","SAMSUNG-2026-05-27","3000000284131","Original SIM Tray Samsung Galaxy S24 5G S921/Galaxy S24 Plus 5G S926 GH98-48906G Orange","Samsung","Flat Cable","A","Galaxy S24 5G S921","","","Galaxy S24 Plus 5G S926 | Galaxy S24 5G S921","2","0","draft","candidate_needs_technical_confirmation_not_current_supplier_catalog"
"2026-07-19","historical Mobilax-derived catalog snapshot (supplier label scrubbed)","SAMSUNG-2026-05-27","3000000284148","Original Volume Button Samsung Galaxy S24 5G S921/Galaxy S24 Plus 5G S926 GH98-48903D Cream","Samsung","Flat Cable","A","Galaxy S24 5G S921","","","Galaxy S24 Plus 5G S926 | Galaxy S24 5G S921","2","0","draft","candidate_needs_technical_confirmation_not_current_supplier_catalog"
"2026-07-19","historical Mobilax-derived catalog snapshot (supplier label scrubbed)","SAMSUNG-2026-05-27","3000000284155","Original Volume Button Samsung Galaxy S24 5G S921/Galaxy S24 Plus 5G S926 GH98-48903F Blue","Samsung","Flat Cable","A","Galaxy S24 5G S921","","","Galaxy S24 Plus 5G S926 | Galaxy S24 5G S921","2","0","draft","candidate_needs_technical_confirmation_not_current_supplier_catalog"
"2026-07-19","historical Mobilax-derived catalog snapshot (supplier label scrubbed)","SAMSUNG-2026-05-27","3000000284162","Original Volume Button Samsung Galaxy S24 5G S921/Galaxy S24 Plus 5G S926 GH98-48903C Indigo","Samsung","Flat Cable","A","Galaxy S24 5G S921","","","Galaxy S24 Plus 5G S926 | Galaxy S24 5G S921","2","0","draft","candidate_needs_technical_confirmation_not_current_supplier_catalog"
"2026-07-19","historical Mobilax-derived catalog snapshot (supplier label scrubbed)","SAMSUNG-2026-05-27","3000000284179","Original Volume Button Samsung Galaxy S24 5G S921/Galaxy S24 Plus 5G S926 GH98-48903E Green","Samsung","Flat Cable","A","Galaxy S24 5G S921","","","Galaxy S24 Plus 5G S926 | Galaxy S24 5G S921","2","0","draft","candidate_needs_technical_confirmation_not_current_supplier_catalog"
"2026-07-19","historical Mobilax-derived catalog snapshot (supplier label scrubbed)","SAMSUNG-2026-05-27","3000000284186","Original Volume Button Samsung Galaxy S24 5G S921/Galaxy S24 Plus 5G S926 GH98-48903B Silver","Samsung","Flat Cable","A","Galaxy S24 5G S921","","","Galaxy S24 Plus 5G S926 | Galaxy S24 5G S921","2","0","draft","candidate_needs_technical_confirmation_not_current_supplier_catalog"
"2026-07-19","historical Mobilax-derived catalog snapshot (supplier label scrubbed)","SAMSUNG-2026-05-27","3000000284193","Original Volume Button Samsung Galaxy S24 5G S921/Galaxy S24 Plus 5G S926 GH98-48903A Black","Samsung","Flat Cable","A","Galaxy S24 5G S921","","","Galaxy S24 Plus 5G S926 | Galaxy S24 5G S921","2","0","draft","candidate_needs_technical_confirmation_not_current_supplier_catalog"
"2026-07-19","historical Mobilax-derived catalog snapshot (supplier label scrubbed)","SAMSUNG-2026-05-27","3000000284209","Original Volume Button Samsung Galaxy S24 5G S921/Galaxy S24 Plus 5G S926 GH98-48903G Orange","Samsung","Flat Cable","A","Galaxy S24 5G S921","","","Galaxy S24 Plus 5G S926 | Galaxy S24 5G S921","2","0","draft","candidate_needs_technical_confirmation_not_current_supplier_catalog"
"2026-07-19","historical Mobilax-derived catalog snapshot (supplier label scrubbed)","SAMSUNG-2026-05-27","3000000285589","Premium On/Off and Volume Buttons Samsung Galaxy S24 5G S921/Galaxy S24 Plus 5G S926 Silver","Samsung","Flat Cable","A","Galaxy S24 5G S921","","","Galaxy S24 Plus 5G S926 | Galaxy S24 5G S921","2","0","draft","candidate_needs_technical_confirmation_not_current_supplier_catalog"
"2026-07-19","historical Mobilax-derived catalog snapshot (supplier label scrubbed)","SAMSUNG-2026-05-27","3000000285596","Premium On/Off and Volume Buttons Samsung Galaxy S24 5G S921/Galaxy S24 Plus 5G S926 Blue","Samsung","Flat Cable","A","Galaxy S24 5G S921","","","Galaxy S24 Plus 5G S926 | Galaxy S24 5G S921","2","0","draft","candidate_needs_technical_confirmation_not_current_supplier_catalog"
"2026-07-19","historical Mobilax-derived catalog snapshot (supplier label scrubbed)","SAMSUNG-2026-05-27","3000000285602","Premium On/Off and Volume Buttons Samsung Galaxy S24 5G S921/Galaxy S24 Plus 5G S926 Cream","Samsung","Flat Cable","A","Galaxy S24 5G S921","","","Galaxy S24 Plus 5G S926 | Galaxy S24 5G S921","2","0","draft","candidate_needs_technical_confirmation_not_current_supplier_catalog"
"2026-07-19","historical Mobilax-derived catalog snapshot (supplier label scrubbed)","SAMSUNG-2026-05-27","3000000285619","Premium On/Off and Volume Buttons Samsung Galaxy S24 5G S921/Galaxy S24 Plus 5G S926 Indigo","Samsung","Flat Cable","A","Galaxy S24 5G S921","","","Galaxy S24 Plus 5G S926 | Galaxy S24 5G S921","2","0","draft","candidate_needs_technical_confirmation_not_current_supplier_catalog"
"2026-07-19","historical Mobilax-derived catalog snapshot (supplier label scrubbed)","SAMSUNG-2026-05-27","3000000285626","Premium On/Off and Volume Buttons Samsung Galaxy S24 5G S921/Galaxy S24 Plus 5G S926 Black","Samsung","Flat Cable","A","Galaxy S24 5G S921","","","Galaxy S24 Plus 5G S926 | Galaxy S24 5G S921","2","0","draft","candidate_needs_technical_confirmation_not_current_supplier_catalog"
"2026-07-19","historical Mobilax-derived catalog snapshot (supplier label scrubbed)","SAMSUNG-2026-05-27","3000000285633","Premium On/Off and Volume Buttons Samsung Galaxy S24 5G S921/Galaxy S24 Plus 5G S926 Orange","Samsung","Flat Cable","A","Galaxy S24 5G S921","","","Galaxy S24 Plus 5G S926 | Galaxy S24 5G S921","2","0","draft","candidate_needs_technical_confirmation_not_current_supplier_catalog"
"2026-07-19","historical Mobilax-derived catalog snapshot (supplier label scrubbed)","SAMSUNG-2026-05-27","3000000285640","Premium On/Off and Volume Buttons Samsung Galaxy S24 5G S921/Galaxy S24 Plus 5G S926 Green","Samsung","Flat Cable","A","Galaxy S24 5G S921","","","Galaxy S24 Plus 5G S926 | Galaxy S24 5G S921","2","0","draft","candidate_needs_technical_confirmation_not_current_supplier_catalog"
"2026-07-19","historical Mobilax-derived catalog snapshot (supplier label scrubbed)","SAMSUNG-2026-05-25","3000000285923","Premium Connection Flex Cable Samsung Galaxy A15 5G A156B/Galaxy A15 4G A155","Samsung","Flat Cable","A","Galaxy A15 4G A155","","","Galaxy A15 4G A155 | Galaxy A15 5G A156B","2","0","draft","candidate_needs_technical_confirmation_not_current_supplier_catalog"
"2026-07-19","historical Mobilax-derived catalog snapshot (supplier label scrubbed)","SAMSUNG-2026-05-25","3000000285930","Premium Volume Flex Cable Samsung Galaxy A15 5G A156B/Galaxy A15 4G A155/Galaxy M15 5G M156","Samsung","Flat Cable","A","Galaxy A15 4G A155","","","Galaxy A15 4G A155 | Galaxy A15 5G A156B | Galaxy M15 5G M156","3","0","draft","candidate_needs_technical_confirmation_not_current_supplier_catalog"
"2026-07-19","historical Mobilax-derived catalog snapshot (supplier label scrubbed)","SAMSUNG-2026-05-27","3000000286197","Original Ultra Wide Angle Camera Samsung Galaxy S24 5G S921/Galaxy S24 Plus 5G S926/Galaxy S25 S931/Galaxy S25 Plus S936 GH96-15528A 12MP","Samsung","Fotocamere","A","Galaxy S24 5G S921","","","Galaxy S25 S931 | Galaxy S24 Plus 5G S926 | Galaxy S25 Plus S936 | Galaxy S24 5G S921","4","0","draft","candidate_needs_technical_confirmation_not_current_supplier_catalog"
"2026-07-19","historical Mobilax-derived catalog snapshot (supplier label scrubbed)","SAMSUNG-2026-05-27","3000000286203","Premium Front Camera Samsung Galaxy S24 5G S921/Galaxy S24 Plus 5G S926 12MP","Samsung","Fotocamere","A","Galaxy S24 5G S921","","","Galaxy S24 Plus 5G S926 | Galaxy S24 5G S921","2","0","draft","candidate_needs_technical_confirmation_not_current_supplier_catalog"
"2026-07-19","historical Mobilax-derived catalog snapshot (supplier label scrubbed)","SAMSUNG-2026-05-25","3000000286777","Original Vibrator Samsung Galaxy A15 5G A156B/Galaxy A15 4G A155/Galaxy M15 5G M156/Galaxy M35 5G M356/Galaxy A16 5G A166/Galaxy A16 4G A165/Galaxy A26 5G A266/Galaxy A17 5G A176/Galaxy A17 4G A175 GH31-00800A","Samsung","Flat Cable","A","Galaxy A15 4G A155","","","Galaxy A15 4G A155 | Galaxy A15 5G A156B | Galaxy A16 4G A165 | Galaxy A16 5G A166 | Galaxy A17 4G A175 | Galaxy A17 5G A176 | Galaxy A26 5G A266 | Galaxy M15 5G M156 | Galaxy M35 5G M356","9","0","draft","candidate_needs_technical_confirmation_not_current_supplier_catalog"
"2026-07-19","historical Mobilax-derived catalog snapshot (supplier label scrubbed)","SAMSUNG-2026-05-25","3000000286784","Premium Vibrator Samsung Galaxy A15 5G A156B/Galaxy A15 4G A155/Galaxy M15 5G M156/Galaxy M35 5G M356/Galaxy A16 5G A166/Galaxy A16 4G A165/Galaxy A26 5G A266/Galaxy A17 5G A176/Galaxy A17 4G A175","Samsung","Flat Cable","A","Galaxy A15 4G A155","","","Galaxy A15 4G A155 | Galaxy A15 5G A156B | Galaxy A16 4G A165 | Galaxy A16 5G A166 | Galaxy A17 4G A175 | Galaxy A17 5G A176 | Galaxy A26 5G A266 | Galaxy M15 5G M156 | Galaxy M35 5G M356","9","0","draft","candidate_needs_technical_confirmation_not_current_supplier_catalog"
"2026-07-19","historical Mobilax-derived catalog snapshot (supplier label scrubbed)","SAMSUNG-2026-05-25","3000000286791","Original Connection Flex Cable Samsung Galaxy A15 5G A156B/Galaxy A15 4G A155 GH82-33640A","Samsung","Flat Cable","A","Galaxy A15 4G A155","","","Galaxy A15 4G A155 | Galaxy A15 5G A156B","2","0","draft","candidate_needs_technical_confirmation_not_current_supplier_catalog"
"2026-07-19","historical Mobilax-derived catalog snapshot (supplier label scrubbed)","SAMSUNG-2026-05-25","3000000286814","Original Volume Flex Cable Samsung Galaxy A15 5G A156B/Galaxy A15 4G A155/Galaxy M15 5G M156 GH59-15750A","Samsung","Flat Cable","A","Galaxy A15 4G A155","","","Galaxy A15 4G A155 | Galaxy A15 5G A156B | Galaxy M15 5G M156","3","0","draft","candidate_needs_technical_confirmation_not_current_supplier_catalog"
"2026-07-19","historical Mobilax-derived catalog snapshot (supplier label scrubbed)","SAMSUNG-2026-05-25","3000000286852","Original Lens Samsung Galaxy A15 5G A156B/Galaxy A15 4G A155/Galaxy M15 5G M156 Main Camera GH81-24895A","Samsung","Fotocamere","A","Galaxy A15 4G A155","","","Galaxy A15 4G A155 | Galaxy A15 5G A156B | Galaxy M15 5G M156","3","0","draft","candidate_needs_technical_confirmation_not_current_supplier_catalog"
"2026-07-19","historical Mobilax-derived catalog snapshot (supplier label scrubbed)","SAMSUNG-2026-05-25","3000000286876","Original Lens Samsung Galaxy A15 5G A156B/Galaxy M15 5G M156 Ultra Wide Angle Camera GH81-24894A Black","Samsung","Fotocamere","A","Galaxy A15 5G A156B","","","Galaxy A15 5G A156B | Galaxy M15 5G M156","2","0","draft","candidate_needs_technical_confirmation_not_current_supplier_catalog"
"2026-07-19","historical Mobilax-derived catalog snapshot (supplier label scrubbed)","SAMSUNG-2026-05-25","3000000286883","Original Lens Samsung Galaxy A15 4G A155/Galaxy A15 5G A156B Sensor Macro GH81-24893A","Samsung","Fotocamere","A","Galaxy A15 4G A155","","","Galaxy A15 4G A155 | Galaxy A15 5G A156B","2","0","draft","candidate_needs_technical_confirmation_not_current_supplier_catalog"
"2026-07-19","historical Mobilax-derived catalog snapshot (supplier label scrubbed)","SAMSUNG-2026-05-27","3000000287095","Original Back Cover Samsung Galaxy S20 Plus 5G G986/Galaxy S20 Plus G985 GH82-21634G Red","Samsung","Back Cover","A","Galaxy S20 Plus 5G G986","","","Galaxy S20 Plus G985 | Galaxy S20 Plus 5G G986","2","0","draft","candidate_needs_technical_confirmation_not_current_supplier_catalog"
"2026-07-19","historical Mobilax-derived catalog snapshot (supplier label scrubbed)","REALME-2026-05-27","3000000287385","Original Pulled Display Touchscreen OnePlus 12R 5G Realme GT 6 5G/GT 6T Black","Realme","Schermi","A","GT 6 5G","","","GT 6 5G | GT 6T","2","0","draft","candidate_needs_technical_confirmation_not_current_supplier_catalog"
"2026-07-19","historical Mobilax-derived catalog snapshot (supplier label scrubbed)","SAMSUNG-2026-05-25","3000000287514","Original Display Touchscreen Samsung Galaxy A15 4G A155/Galaxy A15 5G A156B GH82-33638A GH82-33637A GH82-33831A Black","Samsung","Schermi","A","Galaxy A15 4G A155","","","Galaxy A15 4G A155 | Galaxy A15 5G A156B","2","0","draft","candidate_needs_technical_confirmation_not_current_supplier_catalog"
"2026-07-19","historical Mobilax-derived catalog snapshot (supplier label scrubbed)","XIAOMI-2026-05-27","3000000287545","Premium Macro Sensor Xiaomi Redmi Note 13 Pro 5G/Redmi Note 13 Pro+ 5G 2MP","Xiaomi","Flat Cable","A","Redmi Note 13 Pro 5G","","","Redmi Note 13 Pro 5G | Redmi Note 13 Pro+ 5G","2","0","draft","candidate_needs_technical_confirmation_not_current_supplier_catalog"
"2026-07-19","historical Mobilax-derived catalog snapshot (supplier label scrubbed)","XIAOMI-2026-05-27","3000000287699","Premium Flash Flex Cable Xiaomi 13T/13T Pro","Xiaomi","Flat Cable","A","13T","","","13T | 13T Pro","2","0","draft","candidate_needs_technical_confirmation_not_current_supplier_catalog"
"2026-07-19","historical Mobilax-derived catalog snapshot (supplier label scrubbed)","XIAOMI-2026-05-27","3000000288245","Premium Battery Xiaomi Redmi Note 13 5G/Redmi Note 13 4G BN5P","Xiaomi","Batterie","A","Redmi Note 13 4G","","","Redmi Note 13 4G | Redmi Note 13 5G","2","0","draft","candidate_needs_technical_confirmation_not_current_supplier_catalog"
"2026-07-19","historical Mobilax-derived catalog snapshot (supplier label scrubbed)","SAMSUNG-2026-05-25","3000000288306","Oled Display Touchscreen Samsung Galaxy A15 5G A156B/Galaxy A15 4G A155 Black","Samsung","Schermi","A","Galaxy A15 4G A155","","","Galaxy A15 4G A155 | Galaxy A15 5G A156B","2","0","draft","candidate_needs_technical_confirmation_not_current_supplier_catalog"
"2026-07-19","historical Mobilax-derived catalog snapshot (supplier label scrubbed)","SAMSUNG-2026-05-25","3000000288870","Original Macro Sensor Samsung Galaxy M34 5G M346/Galaxy A15 5G A156B/Galaxy A15 4G A155/Galaxy M15 5G M156/Galaxy M35 5G M356 GH96-15963A 2MP","Samsung","Flat Cable","A","Galaxy A15 4G A155","","","Galaxy A15 4G A155 | Galaxy A15 5G A156B | Galaxy M15 5G M156 | Galaxy M34 5G M346 | Galaxy M35 5G M356","5","0","draft","candidate_needs_technical_confirmation_not_current_supplier_catalog"
"2026-07-19","historical Mobilax-derived catalog snapshot (supplier label scrubbed)","SAMSUNG-2026-05-25","3000000288887","Premium Macro Sensor Samsung Galaxy M34 5G M346/Galaxy A15 5G A156B/Galaxy A15 4G A155/Galaxy M15 5G M156/Galaxy M35 5G M356 2MP","Samsung","Flat Cable","A","Galaxy A15 4G A155","","","Galaxy A15 4G A155 | Galaxy A15 5G A156B | Galaxy M15 5G M156 | Galaxy M34 5G M346 | Galaxy M35 5G M356","5","0","draft","candidate_needs_technical_confirmation_not_current_supplier_catalog"
"2026-07-19","historical Mobilax-derived catalog snapshot (supplier label scrubbed)","XIAOMI-2026-05-27","3000000288894","Premium Loudspeaker Xiaomi Redmi Note 8 2021/Redmi Note 8","Xiaomi","Speaker","A","Redmi Note 8","","","Redmi Note 8 | Redmi Note 8 2021","2","0","draft","candidate_needs_technical_confirmation_not_current_supplier_catalog"
"2026-07-19","historical Mobilax-derived catalog snapshot (supplier label scrubbed)","SAMSUNG-2026-05-25","3000000289068","Original Display Touchscreen without Frame Samsung Galaxy A35 5G A356/Galaxy A55 5G A556 GH82-34224A GH82-34308A Black","Samsung","Schermi","A","Galaxy A35 5G A356","","","Galaxy A35 5G A356 | Galaxy A55 5G A556","2","0","draft","candidate_needs_technical_confirmation_not_current_supplier_catalog"
"2026-07-19","historical Mobilax-derived catalog snapshot (supplier label scrubbed)","OPPO-2026-05-27","3000000289426","Original Battery OPPO Find X2 Lite/Find X2 Neo/Reno3/Reno3 Pro 4909821 4903467 4903381 BLP755","OPPO","Batterie","A","Find X2 Lite","","","Find X2 Lite | Find X2 Neo | RENO3 | RENO3 Pro","4","0","draft","candidate_needs_technical_confirmation_not_current_supplier_catalog"
"2026-07-19","historical Mobilax-derived catalog snapshot (supplier label scrubbed)","OPPO-2026-05-27","3000000289433","Original Battery OPPO Find X5 Lite/Reno7 5G/Reno8 5G 4909928 4909886 4907595 4200006 BLP855","OPPO","Batterie","A","Find X5 Lite","","","Find X5 Lite | RENO7 5G | RENO8 5G","3","0","draft","candidate_needs_technical_confirmation_not_current_supplier_catalog"
"2026-07-19","historical Mobilax-derived catalog snapshot (supplier label scrubbed)","SAMSUNG-2026-05-25","3000000289815","Premium Inner Earpiece Samsung Galaxy Xcover 6 Pro G736/Galaxy Xcover 7 G556/Galaxy Tab Active 5 5G X306","Samsung","Speaker","A","Galaxy XCover 6 Pro G736","","","Galaxy XCover 6 Pro G736 | Galaxy XCover 7 G556","2","0","draft","candidate_needs_technical_confirmation_not_current_supplier_catalog"
"2026-07-19","historical Mobilax-derived catalog snapshot (supplier label scrubbed)","2026-05-25","3000000290392","Back Glass Adhesive 3M for Apple iPhone X/iPhone XS","Apple","Back Cover","A","iPhone X","","","iPhone X | iPhone XS","2","0","draft","candidate_needs_technical_confirmation_not_current_supplier_catalog"
"2026-07-19","historical Mobilax-derived catalog snapshot (supplier label scrubbed)","2026-05-25","3000000290408","Back Glass Adhesive 3M for Apple iPhone 12/iPhone 12 Pro","Apple","Back Cover","A","iPhone 12","","","iPhone 12 | iPhone 12 Pro","2","0","draft","candidate_needs_technical_confirmation_not_current_supplier_catalog"
"2026-07-19","historical Mobilax-derived catalog snapshot (supplier label scrubbed)","2026-05-25","3000000290415","Back Glass Adhesive 3M for Apple iPhone 12 Mini/iPhone 13 Mini","Apple","Back Cover","A","iPhone 12 Mini","","","iPhone 12 Mini | iPhone 13 Mini","2","0","draft","candidate_needs_technical_confirmation_not_current_supplier_catalog"
"2026-07-19","historical Mobilax-derived catalog snapshot (supplier label scrubbed)","2026-05-25","3000000290422","Back Glass Adhesive 3M for Apple iPhone 14 Pro/iPhone 15 Pro","Apple","Back Cover","A","iPhone 14 Pro","","","iPhone 14 Pro | iPhone 15 Pro","2","0","draft","candidate_needs_technical_confirmation_not_current_supplier_catalog"
"2026-07-19","historical Mobilax-derived catalog snapshot (supplier label scrubbed)","2026-05-25","3000000290453","Back Glass Adhesive 3M for Apple iPhone 14 Plus/iPhone 14 Pro Max/iPhone 15 Plus/iPhone 15 Pro Max","Apple","Back Cover","A","iPhone 14 Plus","","","iPhone 14 Plus | iPhone 14 Pro Max | iPhone 15 Plus | iPhone 15 Pro Max","4","0","draft","candidate_needs_technical_confirmation_not_current_supplier_catalog"
"2026-07-19","historical Mobilax-derived catalog snapshot (supplier label scrubbed)","HONOR-2026-05-27","3000000290620","Original Pulled Display Touchscreen Honor X8b/200 Lite Black","Honor","Schermi","A","200 Lite","","","200 Lite | X8B","2","0","draft","candidate_needs_technical_confirmation_not_current_supplier_catalog"
"2026-07-19","historical Mobilax-derived catalog snapshot (supplier label scrubbed)","SAMSUNG-2026-05-25","3000000291023","Original Battery Adhesive Stickers Samsung Galaxy A20 A205/Galaxy A50 A505 GH02-17979A","Samsung","Batterie","A","Galaxy A20 A205","","","Galaxy A20 A205 | Galaxy A50 A505","2","0","draft","candidate_needs_technical_confirmation_not_current_supplier_catalog"
"2026-07-19","historical Mobilax-derived catalog snapshot (supplier label scrubbed)","SAMSUNG-2026-05-27","3000000291030","Original Rear Cover Adhesive Stickers Samsung Galaxy S20 FE 5G G781/Galaxy S20 FE 4G G780 GH81-19848A","Samsung","Back Cover","A","Galaxy S20 FE 4G G780","","","Galaxy S20 FE 4G G780 | Galaxy S20 FE 5G G781","2","0","draft","candidate_needs_technical_confirmation_not_current_supplier_catalog"
"2026-07-19","historical Mobilax-derived catalog snapshot (supplier label scrubbed)","SAMSUNG-2026-05-27","3000000291047","Original Battery Adhesive Stickers Samsung Galaxy S20 FE 5G G781/Galaxy S20 FE 4G G780 GH02-21855A","Samsung","Batterie","A","Galaxy S20 FE 4G G780","","","Galaxy S20 FE 4G G780 | Galaxy S20 FE 5G G781","2","0","draft","candidate_needs_technical_confirmation_not_current_supplier_catalog"
"2026-07-19","historical Mobilax-derived catalog snapshot (supplier label scrubbed)","OPPO-2026-05-27","3000000291320","Original Battery OPPO A77 5G/A57 (CPH2387)/A57s 4G/A78 5G (CPH2483) OnePlus Nord N20 SE Realme C51 4909849 4909885 6060023 621035000023 BLP923","OPPO","Batterie","A","A57 CPH2387","","","A57 CPH2387 | A77 5G | A78 5G CPH2483","3","0","draft","candidate_needs_technical_confirmation_not_current_supplier_catalog"
"2026-07-19","historical Mobilax-derived catalog snapshot (supplier label scrubbed)","SAMSUNG-2026-05-27","3000000291337","Original SIM Tray Samsung Galaxy S20 Plus 5G G986/Galaxy S20 Plus G985 GH98-45005H Aurora Blue","Samsung","Flat Cable","A","Galaxy S20 Plus 5G G986","","","Galaxy S20 Plus G985 | Galaxy S20 Plus 5G G986","2","0","draft","candidate_needs_technical_confirmation_not_current_supplier_catalog"
"2026-07-19","historical Mobilax-derived catalog snapshot (supplier label scrubbed)","SAMSUNG-2026-05-27","3000000291344","Premium Sim Tray Samsung Galaxy S20 Plus 5G G986/Galaxy S20 Plus G985 Aurora Blue","Samsung","Flat Cable","A","Galaxy S20 Plus 5G G986","","","Galaxy S20 Plus G985 | Galaxy S20 Plus 5G G986","2","0","draft","candidate_needs_technical_confirmation_not_current_supplier_catalog"
"2026-07-19","historical Mobilax-derived catalog snapshot (supplier label scrubbed)","SAMSUNG-2026-05-27","3000000291351","Original SIM Tray Samsung Galaxy S20 Plus 5G G986/Galaxy S20 Plus G985 GH98-45005G Red","Samsung","Flat Cable","A","Galaxy S20 Plus 5G G986","","","Galaxy S20 Plus G985 | Galaxy S20 Plus 5G G986","2","0","draft","candidate_needs_technical_confirmation_not_current_supplier_catalog"
"2026-07-19","historical Mobilax-derived catalog snapshot (supplier label scrubbed)","SAMSUNG-2026-05-27","3000000291368","Premium Sim Tray Samsung Galaxy S20 Plus 5G G986/Galaxy S20 Plus G985 Red","Samsung","Flat Cable","A","Galaxy S20 Plus 5G G986","","","Galaxy S20 Plus G985 | Galaxy S20 Plus 5G G986","2","0","draft","candidate_needs_technical_confirmation_not_current_supplier_catalog"
"2026-07-19","historical Mobilax-derived catalog snapshot (supplier label scrubbed)","SAMSUNG-2026-05-25","3000000291429","Original Battery Adhesive Stickers Samsung Galaxy A12 A125/Galaxy M12 M127/Galaxy A12 Nacho A127 GH02-20934A","Samsung","Batterie","A","Galaxy A12 A125","","","Galaxy A12 A125 | Galaxy A12 Nacho A127 | Galaxy M12 M127","3","0","draft","candidate_needs_technical_confirmation_not_current_supplier_catalog"
"2026-07-19","historical Mobilax-derived catalog snapshot (supplier label scrubbed)","SAMSUNG-2026-05-27","3000000291436","Original Battery Adhesive Stickers Samsung Galaxy S20 G980/Galaxy S20 5G G981 GH02-20589A","Samsung","Batterie","A","Galaxy S20 5G G981","","","Galaxy S20 5G G981 | Galaxy S20 G980","2","0","draft","candidate_needs_technical_confirmation_not_current_supplier_catalog"
"2026-07-19","historical Mobilax-derived catalog snapshot (supplier label scrubbed)","SAMSUNG-2026-05-27","3000000291467","Original Battery Adhesive Stickers Samsung Galaxy S20 Plus 5G G986/Galaxy S20 Plus G985 GH02-19784A","Samsung","Batterie","A","Galaxy S20 Plus 5G G986","","","Galaxy S20 Plus G985 | Galaxy S20 Plus 5G G986","2","0","draft","candidate_needs_technical_confirmation_not_current_supplier_catalog"
"2026-07-19","historical Mobilax-derived catalog snapshot (supplier label scrubbed)","SAMSUNG-2026-05-27","3000000291474","Original Rear Cover Adhesive Stickers Samsung Galaxy S20 Plus 5G G986/Galaxy S20 Plus G985 GH02-19786A","Samsung","Back Cover","A","Galaxy S20 Plus 5G G986","","","Galaxy S20 Plus G985 | Galaxy S20 Plus 5G G986","2","0","draft","candidate_needs_technical_confirmation_not_current_supplier_catalog"
"2026-07-19","historical Mobilax-derived catalog snapshot (supplier label scrubbed)","SAMSUNG-2026-05-25","3000000291504","Original Battery Adhesive Stickers Samsung Galaxy A32 5G A326/Galaxy A32 4G A325/Galaxy A22 4G A225/Galaxy M32 M325/Galaxy M22 M225 GH02-22323A","Samsung","Batterie","A","Galaxy A22 4G A225","","","Galaxy A22 4G A225 | Galaxy A32 4G A325 | Galaxy A32 5G A326 | Galaxy M22 M225 | Galaxy M32 M325","5","0","draft","candidate_needs_technical_confirmation_not_current_supplier_catalog"
"2026-07-19","historical Mobilax-derived catalog snapshot (supplier label scrubbed)","SAMSUNG-2026-05-25","3000000291511","Original Rear Cover Adhesive Stickers Samsung Galaxy A52 5G A526/Galaxy A52 4G A525/Galaxy A52s 5G A528 GH02-22419A","Samsung","Back Cover","A","Galaxy A52 4G A525","","","Galaxy A52 4G A525 | Galaxy A52 5G A526","2","0","draft","candidate_needs_technical_confirmation_not_current_supplier_catalog"
"2026-07-19","historical Mobilax-derived catalog snapshot (supplier label scrubbed)","SAMSUNG-2026-05-25","3000000291528","Original Battery Adhesive Stickers Samsung Galaxy A52 5G A526/Galaxy A52 4G A525/Galaxy A52s 5G A528 GH02-22420A","Samsung","Batterie","A","Galaxy A52 4G A525","","","Galaxy A52 4G A525 | Galaxy A52 5G A526","2","0","draft","candidate_needs_technical_confirmation_not_current_supplier_catalog"
"2026-07-19","historical Mobilax-derived catalog snapshot (supplier label scrubbed)","SAMSUNG-2026-05-25","3000000291948","Original Vibrator Samsung Galaxy Xcover 7 G556/Galaxy Xcover 5 G525F/Galaxy Xcover 6 Pro G736/Galaxy Xcover 4s G398/Galaxy J5 2017 J530/Galaxy J7 2017 J730/Galaxy A5 2017 A520/Galaxy Xcover 7 Pro G766 GH31-00746A","Samsung","Flat Cable","A","Galaxy A5 2017 A520","","","Galaxy A5 2017 A520 | Galaxy J5 2017 J530 | Galaxy J7 2017 J730 | Galaxy XCover 5 G525F | Galaxy XCover 6 Pro G736 | Galaxy XCover 7 G556 | Galaxy XCover 7 Pro G766","7","0","draft","candidate_needs_technical_confirmation_not_current_supplier_catalog"
"2026-07-19","historical Mobilax-derived catalog snapshot (supplier label scrubbed)","SAMSUNG-2026-05-25","3000000292006","Premium Vibrator Samsung Galaxy J5 2017 J530/Galaxy J7 2017 J730/Galaxy A10 A105/Galaxy A5 2017 A520/Galaxy Xcover 7 G556/Galaxy Xcover 5 G525F/Galaxy Xcover 6 Pro G736/Galaxy Xcover 7 Pro G766","Samsung","Flat Cable","A","Galaxy A5 2017 A520","","","Galaxy A5 2017 A520 | Galaxy A10 A105 | Galaxy J5 2017 J530 | Galaxy J7 2017 J730 | Galaxy XCover 5 G525F | Galaxy XCover 6 Pro G736 | Galaxy XCover 7 G556 | Galaxy XCover 7 Pro G766","8","0","draft","candidate_needs_technical_confirmation_not_current_supplier_catalog"
"2026-07-19","historical Mobilax-derived catalog snapshot (supplier label scrubbed)","SAMSUNG-2026-05-25","3000000292242","Original Front Camera Samsung Galaxy A35 5G A356/Galaxy M35 5G M356 GH96-16674A 13MP","Samsung","Fotocamere","A","Galaxy A35 5G A356","","","Galaxy A35 5G A356 | Galaxy M35 5G M356","2","0","draft","candidate_needs_technical_confirmation_not_current_supplier_catalog"
"2026-07-19","historical Mobilax-derived catalog snapshot (supplier label scrubbed)","SAMSUNG-2026-05-25","3000000292259","Premium Front Camera Samsung Galaxy A35 5G A356/Galaxy M35 5G M356 13MP","Samsung","Fotocamere","A","Galaxy A35 5G A356","","","Galaxy A35 5G A356 | Galaxy M35 5G M356","2","0","draft","candidate_needs_technical_confirmation_not_current_supplier_catalog"
"2026-07-19","historical Mobilax-derived catalog snapshot (supplier label scrubbed)","SAMSUNG-2026-05-25","3000000292280","Original Ultra Wide Angle Camera Samsung Galaxy A35 5G A356/Galaxy A36 5G A366/Galaxy A37 5G A376 GH96-16673A 8MP","Samsung","Fotocamere","A","Galaxy A35 5G A356","","","Galaxy A35 5G A356 | Galaxy A36 5G A366 | Galaxy A37 5G A376","3","0","draft","candidate_needs_technical_confirmation_not_current_supplier_catalog"
"2026-07-19","historical Mobilax-derived catalog snapshot (supplier label scrubbed)","SAMSUNG-2026-05-25","3000000292297","Premium Ultra Wide Angle Camera Samsung Galaxy A35 5G A356/Galaxy A36 5G A366/Galaxy A37 5G A376 8MP","Samsung","Fotocamere","A","Galaxy A35 5G A356","","","Galaxy A35 5G A356 | Galaxy A36 5G A366 | Galaxy A37 5G A376","3","0","draft","candidate_needs_technical_confirmation_not_current_supplier_catalog"
"2026-07-19","historical Mobilax-derived catalog snapshot (supplier label scrubbed)","SAMSUNG-2026-05-25","3000000292303","Original Macro Sensor Samsung Galaxy A35 5G A356/Galaxy A55 5G A556 GH96-16604A 5MP","Samsung","Flat Cable","A","Galaxy A35 5G A356","","","Galaxy A35 5G A356 | Galaxy A55 5G A556","2","0","draft","candidate_needs_technical_confirmation_not_current_supplier_catalog"
"2026-07-19","historical Mobilax-derived catalog snapshot (supplier label scrubbed)","SAMSUNG-2026-05-25","3000000292310","Premium Macro Sensor Samsung Galaxy A35 5G A356/Galaxy A55 5G A556 5MP","Samsung","Flat Cable","A","Galaxy A35 5G A356","","","Galaxy A35 5G A356 | Galaxy A55 5G A556","2","0","draft","candidate_needs_technical_confirmation_not_current_supplier_catalog"
"2026-07-19","historical Mobilax-derived catalog snapshot (supplier label scrubbed)","SAMSUNG-2026-05-25","3000000292327","Original Connection Flex Cable Samsung Galaxy A35 5G A356/Galaxy A55 5G A556 GH82-34227A","Samsung","Flat Cable","A","Galaxy A35 5G A356","","","Galaxy A35 5G A356 | Galaxy A55 5G A556","2","0","draft","candidate_needs_technical_confirmation_not_current_supplier_catalog"
"2026-07-19","historical Mobilax-derived catalog snapshot (supplier label scrubbed)","SAMSUNG-2026-05-25","3000000292334","Premium Connection Flex Cable Samsung Galaxy A35 5G A356/Galaxy A55 5G A556","Samsung","Flat Cable","A","Galaxy A35 5G A356","","","Galaxy A35 5G A356 | Galaxy A55 5G A556","2","0","draft","candidate_needs_technical_confirmation_not_current_supplier_catalog"
"2026-07-19","historical Mobilax-derived catalog snapshot (supplier label scrubbed)","SAMSUNG-2026-05-25","3000000292372","Original Lens Samsung Galaxy A35 5G A356/Galaxy A55 5G A556 Sensor Macro GH64-09391A","Samsung","Fotocamere","A","Galaxy A35 5G A356","","","Galaxy A35 5G A356 | Galaxy A55 5G A556","2","0","draft","candidate_needs_technical_confirmation_not_current_supplier_catalog"
"2026-07-19","historical Mobilax-derived catalog snapshot (supplier label scrubbed)","SAMSUNG-2026-05-25","3000000292396","Original Lens Samsung Galaxy A35 5G A356/Galaxy A55 5G A556 Main Camera GH64-09390A Black","Samsung","Fotocamere","A","Galaxy A35 5G A356","","","Galaxy A35 5G A356 | Galaxy A55 5G A556","2","0","draft","candidate_needs_technical_confirmation_not_current_supplier_catalog"
"2026-07-19","historical Mobilax-derived catalog snapshot (supplier label scrubbed)","OPPO-2026-05-27","3000000292471","Premium Lens OPPO A74 5G/A54 5G Black","OPPO","Fotocamere","A","A54 5G","","","A54 5G | A74 5G","2","0","draft","candidate_needs_technical_confirmation_not_current_supplier_catalog"
"2026-07-19","historical Mobilax-derived catalog snapshot (supplier label scrubbed)","OPPO-2026-05-27","3000000292488","Premium Sim Tray OPPO A38 (CPH2579)/A18 Glowing Black","OPPO","Flat Cable","A","A18","","","A18 | A38 CPH2579","2","0","draft","candidate_needs_technical_confirmation_not_current_supplier_catalog"
"2026-07-19","historical Mobilax-derived catalog snapshot (supplier label scrubbed)","SAMSUNG-2026-05-25","3000000292839","Premium Loudspeaker Samsung Galaxy A13 4G A135/Galaxy A13 4G A137/Galaxy A15 5G A156B/Galaxy A15 4G A155/Galaxy M35 5G M356/Galaxy A16 5G A166/Galaxy A17 5G A176/Galaxy A17 4G A175","Samsung","Speaker","A","Galaxy A13 4G A135","","","Galaxy A13 4G A135 | Galaxy A13 4G A137 | Galaxy A15 4G A155 | Galaxy A15 5G A156B | Galaxy A16 5G A166 | Galaxy A17 4G A175 | Galaxy A17 5G A176 | Galaxy M35 5G M356","8","0","draft","candidate_needs_technical_confirmation_not_current_supplier_catalog"
"2026-07-19","historical Mobilax-derived catalog snapshot (supplier label scrubbed)","SAMSUNG-2026-05-25","3000000293164","Premium Vibrator Samsung Galaxy A12 A125/Galaxy M12 M127/Galaxy A12 Nacho A127","Samsung","Flat Cable","A","Galaxy A12 A125","","","Galaxy A12 A125 | Galaxy A12 Nacho A127 | Galaxy M12 M127","3","0","draft","candidate_needs_technical_confirmation_not_current_supplier_catalog"
"2026-07-19","historical Mobilax-derived catalog snapshot (supplier label scrubbed)","REALME-2026-05-27","3000000293393","Premium Inner Earpiece Realme C31/C35/Narzo 50A Prime","Realme","Speaker","A","C31","","","C31 | C35 | Narzo 50A Prime","3","0","draft","candidate_needs_technical_confirmation_not_current_supplier_catalog"
"2026-07-19","historical Mobilax-derived catalog snapshot (supplier label scrubbed)","XIAOMI-2026-05-27","3000000294017","Premium Sim Tray Xiaomi 13T/13T Pro Blue","Xiaomi","Flat Cable","A","13T","","","13T | 13T Pro","2","0","draft","candidate_needs_technical_confirmation_not_current_supplier_catalog"
"2026-07-19","historical Mobilax-derived catalog snapshot (supplier label scrubbed)","XIAOMI-2026-05-27","3000000294031","Premium Connection Flex Cable Xiaomi 13T/13T Pro","Xiaomi","Flat Cable","A","13T","","","13T | 13T Pro","2","0","draft","candidate_needs_technical_confirmation_not_current_supplier_catalog"
"2026-07-19","historical Mobilax-derived catalog snapshot (supplier label scrubbed)","SAMSUNG-2026-05-25","3000000294611","Original Ultra Wide Angle Camera Samsung Galaxy A55 5G A556/Galaxy A56 5G A566 GH96-16601A 12MP","Samsung","Fotocamere","A","Galaxy A55 5G A556","","","Galaxy A55 5G A556 | Galaxy A56 5G A566","2","0","draft","candidate_needs_technical_confirmation_not_current_supplier_catalog"
"2026-07-19","historical Mobilax-derived catalog snapshot (supplier label scrubbed)","SAMSUNG-2026-05-25","3000000294628","Premium Ultra Wide Angle Camera Samsung Galaxy A55 5G A556/Galaxy A56 5G A566 12MP","Samsung","Fotocamere","A","Galaxy A55 5G A556","","","Galaxy A55 5G A556 | Galaxy A56 5G A566","2","0","draft","candidate_needs_technical_confirmation_not_current_supplier_catalog"
"2026-07-19","historical Mobilax-derived catalog snapshot (supplier label scrubbed)","XIAOMI-2026-05-27","3000000294871","Premium Ultra Wide Angle Camera Xiaomi Redmi Note 13 5G/Redmi Note 13 4G 8MP","Xiaomi","Fotocamere","A","Redmi Note 13 4G","","","Redmi Note 13 4G | Redmi Note 13 5G","2","0","draft","candidate_needs_technical_confirmation_not_current_supplier_catalog"
"2026-07-19","historical Mobilax-derived catalog snapshot (supplier label scrubbed)","XIAOMI-2026-05-27","3000000294888","Premium Macro Sensor Xiaomi Redmi Note 13 5G/Redmi Note 13 4G 2MP","Xiaomi","Flat Cable","A","Redmi Note 13 4G","","","Redmi Note 13 4G | Redmi Note 13 5G","2","0","draft","candidate_needs_technical_confirmation_not_current_supplier_catalog"
"2026-07-19","historical Mobilax-derived catalog snapshot (supplier label scrubbed)","REALME-2026-05-27","3000000295717","Premium Battery Realme 12 Pro 5G/12 Pro+ BLPA35","Realme","Batterie","A","12 Pro 5G","","","12 Pro 5G | 12 Pro+","2","0","draft","candidate_needs_technical_confirmation_not_current_supplier_catalog"
"2026-07-19","historical Mobilax-derived catalog snapshot (supplier label scrubbed)","REALME-2026-05-27","3000000295748","Original Pulled Display Touchscreen Realme 12 Pro 5G/12 Pro+ Black","Realme","Schermi","A","12 Pro 5G","","","12 Pro 5G | 12 Pro+","2","0","draft","candidate_needs_technical_confirmation_not_current_supplier_catalog"
"2026-07-19","historical Mobilax-derived catalog snapshot (supplier label scrubbed)","REALME-2026-05-27","3000000295755","Premium Dock Connector Realme 12 Pro 5G/12 Pro+","Realme","Connettori","A","12 Pro 5G","","","12 Pro 5G | 12 Pro+","2","0","draft","candidate_needs_technical_confirmation_not_current_supplier_catalog"
"2026-07-19","historical Mobilax-derived catalog snapshot (supplier label scrubbed)","XIAOMI-2026-05-27","3000000295861","Premium Dock Connector Xiaomi Mi Note 10 Lite/Mi Note 10 Pro","Xiaomi","Connettori","A","Mi Note 10 Lite","","","Mi Note 10 Lite | Mi Note 10 Pro","2","0","draft","candidate_needs_technical_confirmation_not_current_supplier_catalog"
"2026-07-19","historical Mobilax-derived catalog snapshot (supplier label scrubbed)","MOTOROLA-2026-05-27","3000000296394","Premium Battery Motorola Moto G34 5G/Moto G24 Power/Moto G24 4G/Moto G04 QF50","Motorola","Batterie","A","Moto G04","","","Moto G04 | Moto G24 4G | Moto G24 Power | Moto G34 5G","4","0","draft","candidate_needs_technical_confirmation_not_current_supplier_catalog"
"2026-07-19","historical Mobilax-derived catalog snapshot (supplier label scrubbed)","HONOR-2026-05-27","3000000296776","Original Complete Screen Block with Frame and Battery Honor Magic 4 Lite 5G/Magic 4 Lite 4G 0235ABSS 0235ACGB Titanium Silver","Honor","Schermi","A","Magic 4 Lite 4G","","","Magic 4 Lite 4G | Magic 4 Lite 5G","2","0","draft","candidate_needs_technical_confirmation_not_current_supplier_catalog"
"2026-07-19","historical Mobilax-derived catalog snapshot (supplier label scrubbed)","SAMSUNG-2026-05-27","3000000297292","Soft Oled Touch Screen with Frame Samsung Galaxy S20 Plus G985/Galaxy S20 Plus 5G G986 (120Hz) Clear Blue","Samsung","Schermi","A","Galaxy S20 Plus 5G G986","","","Galaxy S20 Plus G985 | Galaxy S20 Plus 5G G986","2","0","draft","candidate_needs_technical_confirmation_not_current_supplier_catalog"
"2026-07-19","historical Mobilax-derived catalog snapshot (supplier label scrubbed)","SAMSUNG-2026-05-27","3000000297308","Soft Oled Touch Screen with Frame Samsung Galaxy S20 Plus G985/Galaxy S20 Plus 5G G986 (120Hz) Night Blue","Samsung","Schermi","A","Galaxy S20 Plus 5G G986","","","Galaxy S20 Plus G985 | Galaxy S20 Plus 5G G986","2","0","draft","candidate_needs_technical_confirmation_not_current_supplier_catalog"
"2026-07-19","historical Mobilax-derived catalog snapshot (supplier label scrubbed)","SAMSUNG-2026-05-25","3000000297322","Soft Oled Touch Screen with Frame Samsung Galaxy Note 20 5G N981/Galaxy Note 20 N980 Grey","Samsung","Schermi","A","Galaxy Note 20 5G N981","","","Galaxy Note 20 5G N981 | Galaxy Note 20 N980","2","0","draft","candidate_needs_technical_confirmation_not_current_supplier_catalog"
"2026-07-19","historical Mobilax-derived catalog snapshot (supplier label scrubbed)","SAMSUNG-2026-05-25","3000000297339","Soft Oled Touch Screen with Frame Samsung Galaxy Note 20 5G N981/Galaxy Note 20 N980 Mystic Bronze","Samsung","Schermi","A","Galaxy Note 20 5G N981","","","Galaxy Note 20 5G N981 | Galaxy Note 20 N980","2","0","draft","candidate_needs_technical_confirmation_not_current_supplier_catalog"
"2026-07-19","historical Mobilax-derived catalog snapshot (supplier label scrubbed)","XIAOMI-2026-05-27","3000000298251","Oled Display Touchscreen Xiaomi Mi 11i 5G/Poco F3/Poco F4 5G 2022 Black","Xiaomi","Schermi","A","Poco F3","","","Poco F4 5G 2022 | Poco F3","2","0","draft","candidate_needs_technical_confirmation_not_current_supplier_catalog"
"2026-07-19","historical Mobilax-derived catalog snapshot (supplier label scrubbed)","XIAOMI-2026-05-27","3000000298305","Original Pulled Display Touchscreen Xiaomi Mi 11 Lite 4G/Mi 11 Lite 5G Black","Xiaomi","Schermi","A","Mi 11 Lite 4G","","","Mi 11 Lite 4G | Mi 11 Lite 5G","2","0","draft","candidate_needs_technical_confirmation_not_current_supplier_catalog"
"2026-07-19","historical Mobilax-derived catalog snapshot (supplier label scrubbed)","HONOR-2026-05-27","3000000298749","Original Complete Screen Block with Frame and Battery Honor Magic 4 Lite 5G/Magic 4 Lite 4G 0235ABST 0235ACGC Ocean Blue","Honor","Schermi","A","Magic 4 Lite 4G","","","Magic 4 Lite 4G | Magic 4 Lite 5G","2","0","draft","candidate_needs_technical_confirmation_not_current_supplier_catalog"
"2026-07-19","historical Mobilax-derived catalog snapshot (supplier label scrubbed)","OPPO-2026-05-27","3000000299111","Original Battery OPPO A72 5G/A73 5G 4904889 BLP797","OPPO","Batterie","A","A72 5G","","","A72 5G | A73 5G","2","0","draft","candidate_needs_technical_confirmation_not_current_supplier_catalog"
"2026-07-19","historical Mobilax-derived catalog snapshot (supplier label scrubbed)","OPPO-2026-05-27","3000000299142","Premium Front Camera OPPO A58 4G (CPH2577)/A79 5G (CPH2553) 8MP","OPPO","Fotocamere","A","A58 4G CPH2577","","","A58 4G CPH2577 | A79 5G CPH2553","2","0","draft","candidate_needs_technical_confirmation_not_current_supplier_catalog"
"2026-07-19","historical Mobilax-derived catalog snapshot (supplier label scrubbed)","OPPO-2026-05-27","3000000299166","Premium Depth Sensor OPPO A38 (CPH2579)/A58 4G (CPH2577)/A18/A79 5G (CPH2553)/Reno13 5G Realme 11 5G 2MP","OPPO","Flat Cable","A","A18","","","A18 | A38 CPH2579 | A58 4G CPH2577 | A79 5G CPH2553 | RENO13 5G","5","0","draft","candidate_needs_technical_confirmation_not_current_supplier_catalog"
"2026-07-19","historical Mobilax-derived catalog snapshot (supplier label scrubbed)","2026-05-25","3000000299302","SIM Reader Apple iPhone 14 Pro/iPhone 14 Pro Max","Apple","Flat Cable","A","iPhone 14 Pro","","","iPhone 14 Pro | iPhone 14 Pro Max","2","0","draft","candidate_needs_technical_confirmation_not_current_supplier_catalog"
"2026-07-19","historical Mobilax-derived catalog snapshot (supplier label scrubbed)","OPPO-2026-05-27","3000000299500","Premium Front Camera OPPO A98 5G (CPH2529)/Reno8 T (CPH2481) 32MP","OPPO","Fotocamere","A","A98 5G CPH2529","","","A98 5G CPH2529 | RENO8 T CPH2481","2","0","draft","candidate_needs_technical_confirmation_not_current_supplier_catalog"
"2026-07-19","historical Mobilax-derived catalog snapshot (supplier label scrubbed)","REALME-2026-05-27","3000000299616","Premium Inner Earpiece Realme 12 Pro 5G/12 Pro+","Realme","Speaker","A","12 Pro 5G","","","12 Pro 5G | 12 Pro+","2","0","draft","candidate_needs_technical_confirmation_not_current_supplier_catalog"
"2026-07-19","historical Mobilax-derived catalog snapshot (supplier label scrubbed)","REALME-2026-05-27","3000000300381","Premium Depth Sensor Realme 9i/Narzo 50 5G 2MP","Realme","Flat Cable","A","9I","","","9I | Narzo 50 5G","2","0","draft","candidate_needs_technical_confirmation_not_current_supplier_catalog"
"2026-07-19","historical Mobilax-derived catalog snapshot (supplier label scrubbed)","REALME-2026-05-27","3000000300398","Premium Front Camera Realme Narzo 50i Prime/C30/C33 5MP","Realme","Fotocamere","A","C30","","","C30 | C33 | Narzo 50I Prime","3","0","draft","candidate_needs_technical_confirmation_not_current_supplier_catalog"
"2026-07-19","historical Mobilax-derived catalog snapshot (supplier label scrubbed)","REALME-2026-05-27","3000000300411","Premium Macro Sensor Realme C35/Narzo 50A Prime 2MP","Realme","Flat Cable","A","C35","","","C35 | Narzo 50A Prime","2","0","draft","candidate_needs_technical_confirmation_not_current_supplier_catalog"
"2026-07-19","historical Mobilax-derived catalog snapshot (supplier label scrubbed)","REALME-2026-05-27","3000000300428","Premium Depth Sensor Realme C35/Narzo 50A Prime 0.3MP","Realme","Flat Cable","A","C35","","","C35 | Narzo 50A Prime","2","0","draft","candidate_needs_technical_confirmation_not_current_supplier_catalog"
"2026-07-19","historical Mobilax-derived catalog snapshot (supplier label scrubbed)","XIAOMI-2026-05-27","3000000300466","Premium Power and Volume Flex Cable Xiaomi Redmi 12 4G/Redmi 12 5G","Xiaomi","Flat Cable","A","Redmi 12 4G","","","Redmi 12 4G | Redmi 12 5G","2","0","draft","candidate_needs_technical_confirmation_not_current_supplier_catalog"
"2026-07-19","historical Mobilax-derived catalog snapshot (supplier label scrubbed)","2026-05-25","3000000300473","Incell HD+ Display Touchscreen Apple iPhone 12/iPhone 12 Pro (IC Removable) Black","Apple","Schermi","A","iPhone 12","","","iPhone 12 | iPhone 12 Pro","2","0","draft","candidate_needs_technical_confirmation_not_current_supplier_catalog"
"2026-07-19","historical Mobilax-derived catalog snapshot (supplier label scrubbed)","VIVO-2026-05-27","3000000300527","Premium Macro Sensor Vivo V21 5G/V23 5G 2MP","Vivo","Flat Cable","A","V21 5G","","","V21 5G | V23 5G","2","0","draft","candidate_needs_technical_confirmation_not_current_supplier_catalog"
"2026-07-19","historical Mobilax-derived catalog snapshot (supplier label scrubbed)","REALME-2026-05-27","3000000300725","Premium Inner Earpiece Realme C53/C51/Note 50","Realme","Speaker","A","C51","","","C51 | C53 | Note 50","3","0","draft","candidate_needs_technical_confirmation_not_current_supplier_catalog"
"2026-07-19","historical Mobilax-derived catalog snapshot (supplier label scrubbed)","REALME-2026-05-27","3000000302927","Premium Depth Sensor Realme 8i/Narzo 50 4G 2MP","Realme","Flat Cable","A","8I","","","8I | Narzo 50 4G","2","0","draft","candidate_needs_technical_confirmation_not_current_supplier_catalog"
"2026-07-19","historical Mobilax-derived catalog snapshot (supplier label scrubbed)","XIAOMI-2026-05-27","3000000302996","Premium Ultra Wide Angle Camera Xiaomi 14 5G/15 5G 50MP","Xiaomi","Fotocamere","A","14 5G","","","14 5G | 15 5G","2","0","draft","candidate_needs_technical_confirmation_not_current_supplier_catalog"
"2026-07-19","historical Mobilax-derived catalog snapshot (supplier label scrubbed)","OPPO-2026-05-27","3000000303085","Premium Inner Earpiece OPPO A78 4G (CPH2565)/Reno8 T (CPH2481) OnePlus Nord CE 4 Lite 5G","OPPO","Speaker","A","A78 4G CPH2565","","","A78 4G CPH2565 | RENO8 T CPH2481","2","0","draft","candidate_needs_technical_confirmation_not_current_supplier_catalog"
"2026-07-19","historical Mobilax-derived catalog snapshot (supplier label scrubbed)","TCL-2026-05-27","3000000303139","Premium Battery TCL 50 5G/40 NXTPAPER 4G TLP049DA","TCL","Batterie","A","40 NXTPAPER 4G","","","40 NXTPAPER 4G | 50 5G","2","0","draft","candidate_needs_technical_confirmation_not_current_supplier_catalog"
"2026-07-19","historical Mobilax-derived catalog snapshot (supplier label scrubbed)","HONOR-2026-05-27","3000000303207","Premium Fingerprint Reader Honor X8 5G/X6/70 Lite/X7b Flowing Silver","Honor","Flat Cable","A","70 Lite","","","70 Lite | X6 | X7B | X8 5G","4","0","draft","candidate_needs_technical_confirmation_not_current_supplier_catalog"
"2026-07-19","historical Mobilax-derived catalog snapshot (supplier label scrubbed)","SAMSUNG-2026-05-25","3000000303320","Original Battery Samsung Galaxy M15 5G M156/Galaxy M35 5G M356 GH82-34686A GH82-35003A EB-BM156ABY","Samsung","Batterie","A","Galaxy M15 5G M156","","","Galaxy M15 5G M156 | Galaxy M35 5G M356","2","0","draft","candidate_needs_technical_confirmation_not_current_supplier_catalog"
"2026-07-19","historical Mobilax-derived catalog snapshot (supplier label scrubbed)","SAMSUNG-2026-05-25","3000000303337","Premium Battery Samsung Galaxy M15 5G M156/Galaxy M35 5G M356 EB-BM156ABY","Samsung","Batterie","A","Galaxy M15 5G M156","","","Galaxy M15 5G M156 | Galaxy M35 5G M356","2","0","draft","candidate_needs_technical_confirmation_not_current_supplier_catalog"
"2026-07-19","historical Mobilax-derived catalog snapshot (supplier label scrubbed)","MOTOROLA-2026-05-27","3000000304051","Original Dock Connector Motorola Moto G24 Power/Moto G24 4G 5P68C23807","Motorola","Connettori","A","Moto G24 4G","","","Moto G24 4G | Moto G24 Power","2","0","draft","candidate_needs_technical_confirmation_not_current_supplier_catalog"
"2026-07-19","historical Mobilax-derived catalog snapshot (supplier label scrubbed)","XIAOMI-2026-05-27","3000000304549","Premium Fingerprint Reader Xiaomi 14 5G/Redmi Note 13 Pro+ 5G","Xiaomi","Flat Cable","A","14 5G","","","14 5G | Redmi Note 13 Pro+ 5G","2","0","draft","candidate_needs_technical_confirmation_not_current_supplier_catalog"
"2026-07-19","historical Mobilax-derived catalog snapshot (supplier label scrubbed)","SAMSUNG-2026-05-25","3000000305140","Lenses Premium Samsung Galaxy A35 5G A356/Galaxy A55 5G A556 Black","Samsung","Fotocamere","A","Galaxy A35 5G A356","","","Galaxy A35 5G A356 | Galaxy A55 5G A556","2","0","draft","candidate_needs_technical_confirmation_not_current_supplier_catalog"
"2026-07-19","historical Mobilax-derived catalog snapshot (supplier label scrubbed)","OPPO-2026-05-27","3000000305225","Premium Inner Earpiece OPPO A38 (CPH2579)/A18","OPPO","Speaker","A","A18","","","A18 | A38 CPH2579","2","0","draft","candidate_needs_technical_confirmation_not_current_supplier_catalog"
"2026-07-19","historical Mobilax-derived catalog snapshot (supplier label scrubbed)","REALME-2026-05-27","3000000305386","Premium Auxiliary Lens Camera Realme C51/Note 50 0.08MP","Realme","Fotocamere","A","C51","","","C51 | Note 50","2","0","draft","candidate_needs_technical_confirmation_not_current_supplier_catalog"
"2026-07-19","historical Mobilax-derived catalog snapshot (supplier label scrubbed)","OPPO-2026-05-27","3000000305454","Premium Ultra Wide Angle Camera OPPO Reno11 F 5G/Reno12 5G/Reno12 FS 5G/Reno12 FS 4G/Reno12 F (CPH2687)/Reno12 F 5G (CPH2637) 8MP","OPPO","Fotocamere","A","RENO11 F 5G","","","RENO11 F 5G | RENO12 5G | RENO12 F 5G CPH2637 | RENO12 F CPH2687","4","0","draft","candidate_needs_technical_confirmation_not_current_supplier_catalog"
"2026-07-19","historical Mobilax-derived catalog snapshot (supplier label scrubbed)","REALME-2026-05-27","3000000305676","Premium Loudspeaker Realme C30/Narzo 50i Prime/9i 5G/C33","Realme","Speaker","A","9I 5G","","","9I 5G | C30 | C33 | Narzo 50I Prime","4","0","draft","candidate_needs_technical_confirmation_not_current_supplier_catalog"
"2026-07-19","historical Mobilax-derived catalog snapshot (supplier label scrubbed)","OPPO-2026-05-27","3000000305980","Original Display Touchscreen OPPO A38 (CPH2579)/A18 621029000099 Black","OPPO","Schermi","A","A18","","","A18 | A38 CPH2579","2","0","draft","candidate_needs_technical_confirmation_not_current_supplier_catalog"
"2026-07-19","historical Mobilax-derived catalog snapshot (supplier label scrubbed)","VIVO-2026-05-27","3000000306000","Premium Fingerprint Reader Vivo V21 5G/V23 5G","Vivo","Flat Cable","A","V21 5G","","","V21 5G | V23 5G","2","0","draft","candidate_needs_technical_confirmation_not_current_supplier_catalog"
"2026-07-19","historical Mobilax-derived catalog snapshot (supplier label scrubbed)","MOTOROLA-2026-05-27","3000000306154","Original Display Touchscreen Motorola Moto G24 4G/Moto G24 Power 5D68C23810 5D68C23812 Black","Motorola","Schermi","A","Moto G24 4G","","","Moto G24 4G | Moto G24 Power","2","0","draft","candidate_needs_technical_confirmation_not_current_supplier_catalog"
"2026-07-19","historical Mobilax-derived catalog snapshot (supplier label scrubbed)","SAMSUNG-2026-05-25","3000000306161","Lenses Premium Samsung Galaxy A15 5G A156B/Galaxy A15 4G A155/Galaxy M15 5G M156","Samsung","Fotocamere","A","Galaxy A15 4G A155","","","Galaxy A15 4G A155 | Galaxy A15 5G A156B | Galaxy M15 5G M156","3","0","draft","candidate_needs_technical_confirmation_not_current_supplier_catalog"
"2026-07-19","historical Mobilax-derived catalog snapshot (supplier label scrubbed)","HONOR-2026-05-27","3000000306703","Premium Fingerprint Reader Honor X8a/90 Lite Cyan Lake","Honor","Flat Cable","A","90 Lite","","","90 Lite | X8A","2","0","draft","candidate_needs_technical_confirmation_not_current_supplier_catalog"
"2026-07-19","historical Mobilax-derived catalog snapshot (supplier label scrubbed)","HONOR-2026-05-27","3000000306710","Premium Fingerprint Reader Honor X8a/90 Lite Titanium Silver","Honor","Flat Cable","A","90 Lite","","","90 Lite | X8A","2","0","draft","candidate_needs_technical_confirmation_not_current_supplier_catalog"
"2026-07-19","historical Mobilax-derived catalog snapshot (supplier label scrubbed)","HONOR-2026-05-27","3000000306727","Premium Fingerprint Reader Honor X8a/90 Lite Midnight Schwarz","Honor","Flat Cable","A","90 Lite","","","90 Lite | X8A","2","0","draft","candidate_needs_technical_confirmation_not_current_supplier_catalog"
"2026-07-19","historical Mobilax-derived catalog snapshot (supplier label scrubbed)","SAMSUNG-2026-05-27","3000000306918","Original Stickers Kit Samsung Galaxy S20 Plus 5G G986/Galaxy S20 Plus G985 GH82-22135A","Samsung","Flat Cable","A","Galaxy S20 Plus 5G G986","","","Galaxy S20 Plus G985 | Galaxy S20 Plus 5G G986","2","0","draft","candidate_needs_technical_confirmation_not_current_supplier_catalog"
"2026-07-19","historical Mobilax-derived catalog snapshot (supplier label scrubbed)","SAMSUNG-2026-05-27","3000000306932","Original Stickers Kit Samsung Galaxy S20 G980/Galaxy S20 5G G981 GH82-22124A","Samsung","Flat Cable","A","Galaxy S20 5G G981","","","Galaxy S20 5G G981 | Galaxy S20 G980","2","0","draft","candidate_needs_technical_confirmation_not_current_supplier_catalog"
"2026-07-19","historical Mobilax-derived catalog snapshot (supplier label scrubbed)","REALME-2026-05-27","3000000307199","Premium Battery Realme 12+ 5G/12 4G BLPA43","Realme","Batterie","A","12 4G","","","12 4G | 12+ 5G","2","0","draft","candidate_needs_technical_confirmation_not_current_supplier_catalog"
"2026-07-19","historical Mobilax-derived catalog snapshot (supplier label scrubbed)","XIAOMI-2026-05-27","3000000308059","Premium Main Camera Xiaomi Poco F6 5G/Poco M7 Pro 5G 50MP","Xiaomi","Fotocamere","A","Poco F6 5G","","","Poco M7 Pro 5G | Poco F6 5G","2","0","draft","candidate_needs_technical_confirmation_not_current_supplier_catalog"
"2026-07-19","historical Mobilax-derived catalog snapshot (supplier label scrubbed)","REALME-2026-05-27","3000000309315","Premium Fingerprint Reader Realme 11 Pro/11 Pro+","Realme","Flat Cable","A","11 Pro","","","11 Pro | 11 Pro+","2","0","draft","candidate_needs_technical_confirmation_not_current_supplier_catalog"
"2026-07-19","historical Mobilax-derived catalog snapshot (supplier label scrubbed)","SAMSUNG-2026-05-25","3000000309339","Lenses Premium Samsung Galaxy A52 5G A526/Galaxy A72 4G A725/Galaxy A52 4G A525 Black","Samsung","Fotocamere","A","Galaxy A52 4G A525","","","Galaxy A52 4G A525 | Galaxy A52 5G A526 | Galaxy A72 4G A725","3","0","draft","candidate_needs_technical_confirmation_not_current_supplier_catalog"
"2026-07-19","historical Mobilax-derived catalog snapshot (supplier label scrubbed)","XIAOMI-2026-05-27","3000000309391","Original Battery Xiaomi Mi 9 Lite/Mi A3 46BM4FA04193 46BM4FA02093 BM4F","Xiaomi","Batterie","A","Mi 9 Lite","","","Mi 9 Lite | Mi A3","2","0","draft","candidate_needs_technical_confirmation_not_current_supplier_catalog"
"2026-07-19","historical Mobilax-derived catalog snapshot (supplier label scrubbed)","OPPO-2026-05-27","3000000309612","Original Battery OPPO Reno4 Z 5G/Reno4 Lite 4904274 4904963 4905759 4909824 4909827 BLP779","OPPO","Batterie","A","RENO4 Lite","","","RENO4 Lite | RENO4 Z 5G","2","0","draft","candidate_needs_technical_confirmation_not_current_supplier_catalog"
"2026-07-19","historical Mobilax-derived catalog snapshot (supplier label scrubbed)","OPPO-2026-05-27","3000000309650","Original Battery OPPO A52 4G/A72 4G/A92 4G 4904076 BLP781","OPPO","Batterie","A","A52 4G","","","A52 4G | A72 4G","2","0","draft","candidate_needs_technical_confirmation_not_current_supplier_catalog"
"2026-07-19","historical Mobilax-derived catalog snapshot (supplier label scrubbed)","OPPO-2026-05-27","3000000309667","Original Battery OPPO A76 4G/A96 4G 4200010 BLP885","OPPO","Batterie","A","A76 4G","","","A76 4G | A96 4G","2","0","draft","candidate_needs_technical_confirmation_not_current_supplier_catalog"
"2026-07-19","historical Mobilax-derived catalog snapshot (supplier label scrubbed)","REALME-2026-05-27","3000000313329","OEM Display Touchscreen with Frame Realme 12 Pro 5G/12 Pro+ Navigator Beige","Realme","Schermi","A","12 Pro 5G","","","12 Pro 5G | 12 Pro+","2","0","draft","candidate_needs_technical_confirmation_not_current_supplier_catalog"
"2026-07-19","historical Mobilax-derived catalog snapshot (supplier label scrubbed)","XIAOMI-2026-05-27","3000000314159","Original Battery Xiaomi Redmi Note 12 4G/Redmi Note 12 5G 1330102000090B BN5M","Xiaomi","Batterie","A","Redmi Note 12 4G","","","Redmi Note 12 4G | Redmi Note 12 5G","2","0","draft","candidate_needs_technical_confirmation_not_current_supplier_catalog"
"2026-07-19","historical Mobilax-derived catalog snapshot (supplier label scrubbed)","XIAOMI-2026-05-27","3000000314173","Original Battery Xiaomi 12 5G/12X 460200009C1G BP46","Xiaomi","Batterie","A","12 5G","","","12 5G | 12X","2","0","draft","candidate_needs_technical_confirmation_not_current_supplier_catalog"
"2026-07-19","historical Mobilax-derived catalog snapshot (supplier label scrubbed)","XIAOMI-2026-05-27","3000000314180","Original Battery Xiaomi Poco X5 Pro 5G/Poco F5 5G/Redmi Note 12 Pro 5G 46020000EHLM 1330102000101B BP4K","Xiaomi","Batterie","A","Poco F5 5G","","","Poco X5 Pro 5G | Poco F5 5G","2","0","draft","candidate_needs_technical_confirmation_not_current_supplier_catalog"
"2026-07-19","historical Mobilax-derived catalog snapshot (supplier label scrubbed)","XIAOMI-2026-05-27","3000000314289","Original Battery Xiaomi Redmi Note 9 Pro 4G/Redmi Note 10 Pro 4G 46020000181G 46020000155Z 460200005X1G BN53","Xiaomi","Batterie","A","Redmi Note 9 Pro 4G","","","Redmi Note 9 Pro 4G | Redmi Note 10 Pro 4G","2","0","draft","candidate_needs_technical_confirmation_not_current_supplier_catalog"
"2026-07-19","historical Mobilax-derived catalog snapshot (supplier label scrubbed)","XIAOMI-2026-05-27","3000000314296","Original Battery Xiaomi Redmi 7/Redmi Note 8/Redmi Note 8T/Redmi Note 8 2021 46BN46G08014 46BN46A090H8 46BN46G04014 46BN46B08014 BN46","Xiaomi","Batterie","A","Redmi 7","","","Redmi 7 | Redmi Note 8 | Redmi Note 8 2021 | Redmi Note 8T","4","0","draft","candidate_needs_technical_confirmation_not_current_supplier_catalog"
"2026-07-19","historical Mobilax-derived catalog snapshot (supplier label scrubbed)","XIAOMI-2026-05-27","3000000314333","Original Battery Xiaomi Mi 11 Lite 4G/Mi 11 Lite 5G/11 Lite 5G NE 46020000741Y 32130000042R  BP42","Xiaomi","Batterie","A","11 Lite 5G NE","","","11 Lite 5G NE | Mi 11 Lite 4G | Mi 11 Lite 5G","3","0","draft","candidate_needs_technical_confirmation_not_current_supplier_catalog"
"2026-07-19","historical Mobilax-derived catalog snapshot (supplier label scrubbed)","XIAOMI-2026-05-27","3000000314357","Original Battery Xiaomi Mi 10T 5G/Mi 10T Pro 5G 46020000355Z BM53","Xiaomi","Batterie","A","Mi 10T 5G","","","Mi 10T 5G | Mi 10T Pro 5G","2","0","draft","candidate_needs_technical_confirmation_not_current_supplier_catalog"
"2026-07-19","historical Mobilax-derived catalog snapshot (supplier label scrubbed)","XIAOMI-2026-05-27","3000000314371","Original Battery Xiaomi Poco X3 NFC/Poco X3 Pro 460200007D1G 460200003J1G BN57","Xiaomi","Batterie","A","Poco X3 NFC","","","Poco X3 Pro | Poco X3 NFC","2","0","draft","candidate_needs_technical_confirmation_not_current_supplier_catalog"
"2026-07-19","historical Mobilax-derived catalog snapshot (supplier label scrubbed)","XIAOMI-2026-05-27","3000000314388","Original Battery Xiaomi Redmi 8/Redmi 8A 46BN51W02093 BN51","Xiaomi","Batterie","A","Redmi 8","","","Redmi 8 | Redmi 8A","2","0","draft","candidate_needs_technical_confirmation_not_current_supplier_catalog"
"2026-07-19","historical Mobilax-derived catalog snapshot (supplier label scrubbed)","XIAOMI-2026-05-27","3000000314463","Original Battery Xiaomi Redmi 9A/Redmi 9C NFC/Redmi 10A/Redmi A1/Redmi A1+ 46020000DWLM 46020000425D   1330101000135B  BN56","Xiaomi","Batterie","A","Redmi 9A","","","Redmi 9A | Redmi 10A | Redmi 9C NFC | Redmi A1 | Redmi A1+","5","0","draft","candidate_needs_technical_confirmation_not_current_supplier_catalog"
"2026-07-19","historical Mobilax-derived catalog snapshot (supplier label scrubbed)","XIAOMI-2026-05-27","3000000314555","Original Battery Xiaomi 12T/12T Pro 46020000CW1G BM5J","Xiaomi","Batterie","A","12T","","","12T | 12T Pro","2","0","draft","candidate_needs_technical_confirmation_not_current_supplier_catalog"
"2026-07-19","historical Mobilax-derived catalog snapshot (supplier label scrubbed)","XIAOMI-2026-05-27","3000000314562","Original Battery Xiaomi Poco M4 5G/Poco M5/Redmi 10 5G 46020000AW1Y BN5H","Xiaomi","Batterie","A","Poco M4 5G","","","Poco M5 | Poco M4 5G","2","0","draft","candidate_needs_technical_confirmation_not_current_supplier_catalog"
"2026-07-19","historical Mobilax-derived catalog snapshot (supplier label scrubbed)","XIAOMI-2026-05-27","3000000314586","Original Battery Xiaomi Mi 10T Lite 5G/Redmi Note 9 Pro 5G 460200004N1Y BM4W","Xiaomi","Batterie","A","Mi 10T Lite 5G","","","Mi 10T Lite 5G | Redmi Note 9 Pro 5G","2","0","draft","candidate_needs_technical_confirmation_not_current_supplier_catalog"
"2026-07-19","historical Mobilax-derived catalog snapshot (supplier label scrubbed)","OPPO-2026-05-27","3000000314616","Original Battery OPPO A53 5G 2020/A53s 2020/A74 5G/A54 5G/A16 4G/A54s/A16s/A54 4G 4906217 4907257   4906961   4905177   4905151   4907259  4905181  4908025  BLP805","OPPO","Batterie","A","A16 4G","","","A16 4G | A53 5G 2020 | A54 4G | A54 5G | A74 5G","5","0","draft","candidate_needs_technical_confirmation_not_current_supplier_catalog"
"2026-07-19","historical Mobilax-derived catalog snapshot (supplier label scrubbed)","OPPO-2026-05-27","3000000314623","Original Battery OPPO A94 5G/Reno6 Z 5G/Reno5 Z/F19 PRO+ 5G 4906422 BLP839","OPPO","Batterie","A","A94 5G","","","A94 5G | RENO6 Z 5G","2","0","draft","candidate_needs_technical_confirmation_not_current_supplier_catalog"
"2026-07-19","historical Mobilax-derived catalog snapshot (supplier label scrubbed)","OPPO-2026-05-27","3000000314685","Original Battery OPPO Find X3 Neo/Reno6 Pro 5G (CPH2247) 4906043 BLP825","OPPO","Batterie","A","Find X3 Neo","","","Find X3 Neo | RENO6 Pro 5G CPH2247","2","0","draft","candidate_needs_technical_confirmation_not_current_supplier_catalog"
"2026-07-19","historical Mobilax-derived catalog snapshot (supplier label scrubbed)","OPPO-2026-05-27","3000000314715","Original Battery OPPO Reno8 Lite 5G/Reno7 Lite 5G/Reno7 4G 4909841 4909808 4200003 4180001 BLP907","OPPO","Batterie","A","RENO7 4G","","","RENO7 4G | RENO7 Lite 5G | RENO8 Lite 5G","3","0","draft","candidate_needs_technical_confirmation_not_current_supplier_catalog"
"2026-07-19","historical Mobilax-derived catalog snapshot (supplier label scrubbed)","REALME-2026-05-27","3000000314746","Original Battery Realme Narzo 50 5G/Narzo 50 4G/C55 4180006 BLP875","Realme","Batterie","A","C55","","","C55 | Narzo 50 4G | Narzo 50 5G","3","0","draft","candidate_needs_technical_confirmation_not_current_supplier_catalog"
"2026-07-19","historical Mobilax-derived catalog snapshot (supplier label scrubbed)","REALME-2026-05-27","3000000314753","Original Battery Realme 8i/C33/C31/C35/Narzo 50A Prime/Narzo 50i Prime/Note 50/C30 4908413  4909650 621035000082","Realme","Batterie","A","8I","","","8I | C30 | C31 | C33 | C35 | Narzo 50A Prime | Narzo 50I Prime | Note 50","8","0","draft","candidate_needs_technical_confirmation_not_current_supplier_catalog"
"2026-07-19","historical Mobilax-derived catalog snapshot (supplier label scrubbed)","MOTOROLA-2026-05-27","3000000314777","Original Battery Motorola Moto G10/Moto G30/Moto E7i Power/Moto E40/Moto G8 Power Lite/Moto G20/Moto G7 Power SB18C28956 SB18C28957 SB18C46718 SB18C77226 SB18C77591 SB18C85291 SB18C98449","Motorola","Batterie","A","Moto E7I Power","","","Moto E7I Power | Moto E40 | Moto G10 | Moto G20 | Moto G30 | Moto G7 Power | Moto G8 Power Lite","7","0","draft","candidate_needs_technical_confirmation_not_current_supplier_catalog"
"2026-07-19","historical Mobilax-derived catalog snapshot (supplier label scrubbed)","MOTOROLA-2026-05-27","3000000314784","Original Battery Motorola Moto G04/Moto G24 4G/Moto G34 5G SB18D96853  SB18D96852 SB18E20083   QF50","Motorola","Batterie","A","Moto G04","","","Moto G04 | Moto G24 4G | Moto G34 5G","3","0","draft","candidate_needs_technical_confirmation_not_current_supplier_catalog"
"2026-07-19","historical Mobilax-derived catalog snapshot (supplier label scrubbed)","REALME-2026-05-27","3000000314791","Original Battery Realme 9 Pro+/8 Pro 4G 4906818 4909547 BLP837","Realme","Batterie","A","8 Pro 4G","","","8 Pro 4G | 9 Pro+","2","0","draft","candidate_needs_technical_confirmation_not_current_supplier_catalog"
"2026-07-19","historical Mobilax-derived catalog snapshot (supplier label scrubbed)","HONOR-2026-05-27","3000000314913","Original Battery Honor Magic 4 Lite 5G/Magic 4 Lite 4G 0235ABRX HB466596EFW","Honor","Batterie","A","Magic 4 Lite 4G","","","Magic 4 Lite 4G | Magic 4 Lite 5G","2","0","draft","candidate_needs_technical_confirmation_not_current_supplier_catalog"
"2026-07-19","historical Mobilax-derived catalog snapshot (supplier label scrubbed)","HONOR-2026-05-27","3000000314920","Original Battery Honor X7/X8 5G/X6/70 Lite 24023623 HB496590EFW","Honor","Batterie","A","70 Lite","","","70 Lite | X6 | X7 | X8 5G","4","0","draft","candidate_needs_technical_confirmation_not_current_supplier_catalog"
"2026-07-19","historical Mobilax-derived catalog snapshot (supplier label scrubbed)","HONOR-2026-05-27","3000000314944","Original Battery Honor 90 Lite/X8a/X8b/200 Lite 2402AADF 2402AACJ HB416594EGW","Honor","Batterie","A","90 Lite","","","90 Lite | 200 Lite | X8A | X8B","4","0","draft","candidate_needs_technical_confirmation_not_current_supplier_catalog"
"2026-07-19","historical Mobilax-derived catalog snapshot (supplier label scrubbed)","MOTOROLA-2026-05-27","3000000314975","Original Battery Motorola Moto G14/Moto E14 SB18D86478 SB18E06276  SB18E04471  PC50","Motorola","Batterie","A","Moto E14","","","Moto E14 | Moto G14","2","0","draft","candidate_needs_technical_confirmation_not_current_supplier_catalog"
"2026-07-19","historical Mobilax-derived catalog snapshot (supplier label scrubbed)","MOTOROLA-2026-05-27","3000000314982","Original Battery Motorola Moto G53/Moto E13/Moto G22/Moto E32/Moto E32S SB18D34206 SB18D69209 SB18D69208 SB18D34202 SB18D45495 SB18E04469  SB18D34205 SB18D48422  SB18E06273   NH50","Motorola","Batterie","A","Moto E13","","","Moto E13 | Moto E32 | Moto G22 | Moto G53","4","0","draft","candidate_needs_technical_confirmation_not_current_supplier_catalog"
"2026-07-19","historical Mobilax-derived catalog snapshot (supplier label scrubbed)","SAMSUNG-2026-05-25","3000000316450","Original Loudspeaker Samsung Galaxy Z Flip 6 5G F741/Galaxy Z Flip 7 FE F761 GH96-17092A","Samsung","Speaker","A","Galaxy Z Flip 6 5G F741","","","Galaxy Z Flip 6 5G F741 | Galaxy Z Flip 7 FE F761","2","0","draft","candidate_needs_technical_confirmation_not_current_supplier_catalog"
"2026-07-19","historical Mobilax-derived catalog snapshot (supplier label scrubbed)","SAMSUNG-2026-05-25","3000000316467","Premium Loudspeaker Samsung Galaxy Z Flip 6 5G F741/Galaxy Z Flip 7 FE F761","Samsung","Speaker","A","Galaxy Z Flip 6 5G F741","","","Galaxy Z Flip 6 5G F741 | Galaxy Z Flip 7 FE F761","2","0","draft","candidate_needs_technical_confirmation_not_current_supplier_catalog"
"2026-07-19","historical Mobilax-derived catalog snapshot (supplier label scrubbed)","REALME-2026-05-27","3000000316917","Original Battery Realme 12 5G/C65 4G/C53/C67 4G/12x 5G 621035000084 621035000018  BLPA17","Realme","Batterie","A","12 5G","","","12 5G | 12X 5G | C53 | C65 4G | C67 4G","5","0","draft","candidate_needs_technical_confirmation_not_current_supplier_catalog"
"2026-07-19","historical Mobilax-derived catalog snapshot (supplier label scrubbed)","REALME-2026-05-27","3000000316924","Original Battery Realme 12 Pro 5G/12 Pro+ 621035000072 BLPA35","Realme","Batterie","A","12 Pro 5G","","","12 Pro 5G | 12 Pro+","2","0","draft","candidate_needs_technical_confirmation_not_current_supplier_catalog"
"2026-07-19","historical Mobilax-derived catalog snapshot (supplier label scrubbed)","SAMSUNG-2026-05-25","3000000317716","Original Vibrator Samsung Galaxy Z Flip 3 5G F711/Galaxy Z Flip 4 5G F721/Galaxy Z Flip 5 5G F731/Galaxy Z Flip 6 5G F741/Galaxy Z Flip 7 5G F766/Galaxy Z Flip 7 FE F761 GH31-00792A GH31-00806A","Samsung","Flat Cable","A","Galaxy Z Flip 3 5G F711","","","Galaxy Z Flip 3 5G F711 | Galaxy Z Flip 4 5G F721 | Galaxy Z Flip 5 5G F731 | Galaxy Z Flip 6 5G F741 | Galaxy Z Flip 7 5G F766 | Galaxy Z Flip 7 FE F761","6","0","draft","candidate_needs_technical_confirmation_not_current_supplier_catalog"
"2026-07-19","historical Mobilax-derived catalog snapshot (supplier label scrubbed)","SAMSUNG-2026-05-25","3000000317723","Premium Vibrator Samsung Galaxy Z Flip 6 5G F741/Galaxy Z Flip 7 5G F766/Galaxy Z Flip 7 FE F761","Samsung","Flat Cable","A","Galaxy Z Flip 6 5G F741","","","Galaxy Z Flip 6 5G F741 | Galaxy Z Flip 7 5G F766 | Galaxy Z Flip 7 FE F761","3","0","draft","candidate_needs_technical_confirmation_not_current_supplier_catalog"
"2026-07-19","historical Mobilax-derived catalog snapshot (supplier label scrubbed)","SAMSUNG-2026-05-25","3000000317730","Original NFC Flex Cable Samsung Galaxy Z Flip 6 5G F741/Galaxy Z Flip 7 FE F761 GH42-07057A","Samsung","Flat Cable","A","Galaxy Z Flip 6 5G F741","","","Galaxy Z Flip 6 5G F741 | Galaxy Z Flip 7 FE F761","2","0","draft","candidate_needs_technical_confirmation_not_current_supplier_catalog"
"2026-07-19","historical Mobilax-derived catalog snapshot (supplier label scrubbed)","SAMSUNG-2026-05-25","3000000317747","Premium NFC Flex Cable Samsung Galaxy Z Flip 6 5G F741/Galaxy Z Flip 7 FE F761","Samsung","Flat Cable","A","Galaxy Z Flip 6 5G F741","","","Galaxy Z Flip 6 5G F741 | Galaxy Z Flip 7 FE F761","2","0","draft","candidate_needs_technical_confirmation_not_current_supplier_catalog"
"2026-07-19","historical Mobilax-derived catalog snapshot (supplier label scrubbed)","SAMSUNG-2026-05-25","3000000317754","Original Proximity Flex Cable Samsung Galaxy Z Flip 6 5G F741/Galaxy Z Flip 7 FE F761 GH96-16989A","Samsung","Flat Cable","A","Galaxy Z Flip 6 5G F741","","","Galaxy Z Flip 6 5G F741 | Galaxy Z Flip 7 FE F761","2","0","draft","candidate_needs_technical_confirmation_not_current_supplier_catalog"
"2026-07-19","historical Mobilax-derived catalog snapshot (supplier label scrubbed)","SAMSUNG-2026-05-25","3000000317884","Original Volume Flex Cable Samsung Galaxy Z Flip 6 5G F741/Galaxy Z Flip 7 FE F761 GH59-15769A","Samsung","Flat Cable","A","Galaxy Z Flip 6 5G F741","","","Galaxy Z Flip 6 5G F741 | Galaxy Z Flip 7 FE F761","2","0","draft","candidate_needs_technical_confirmation_not_current_supplier_catalog"
"2026-07-19","historical Mobilax-derived catalog snapshot (supplier label scrubbed)","SAMSUNG-2026-05-25","3000000318584","Original Flash Flex Cable Samsung Galaxy Z Flip 6 5G F741/Galaxy Z Flip 7 FE F761 GH96-17132A","Samsung","Flat Cable","A","Galaxy Z Flip 6 5G F741","","","Galaxy Z Flip 6 5G F741 | Galaxy Z Flip 7 FE F761","2","0","draft","candidate_needs_technical_confirmation_not_current_supplier_catalog"
"2026-07-19","historical Mobilax-derived catalog snapshot (supplier label scrubbed)","SAMSUNG-2026-05-25","3000000318775","Original Rear Cover Adhesive Stickers Samsung Galaxy Z Flip 6 5G F741/Galaxy Z Flip 7 FE F761 GH82-35143A","Samsung","Back Cover","A","Galaxy Z Flip 6 5G F741","","","Galaxy Z Flip 6 5G F741 | Galaxy Z Flip 7 FE F761","2","0","draft","candidate_needs_technical_confirmation_not_current_supplier_catalog"
"2026-07-19","historical Mobilax-derived catalog snapshot (supplier label scrubbed)","SAMSUNG-2026-05-25","3000000318898","Original Volume Button Samsung Galaxy M15 5G M156/Galaxy M35 5G M356 GH64-09410A Night Blue","Samsung","Flat Cable","A","Galaxy M15 5G M156","","","Galaxy M15 5G M156 | Galaxy M35 5G M356","2","0","draft","candidate_needs_technical_confirmation_not_current_supplier_catalog"
"2026-07-19","historical Mobilax-derived catalog snapshot (supplier label scrubbed)","REALME-2026-05-27","3000000319284","Premium LCD Flex Cable Realme 12 Pro 5G/12 Pro+","Realme","Schermi","A","12 Pro 5G","","","12 Pro 5G | 12 Pro+","2","0","draft","candidate_needs_technical_confirmation_not_current_supplier_catalog"
"2026-07-19","historical Mobilax-derived catalog snapshot (supplier label scrubbed)","REALME-2026-05-27","3000000319291","Premium Power and Volume Flex Cable Realme 12 Pro 5G/12 Pro+","Realme","Flat Cable","A","12 Pro 5G","","","12 Pro 5G | 12 Pro+","2","0","draft","candidate_needs_technical_confirmation_not_current_supplier_catalog"
"2026-07-19","historical Mobilax-derived catalog snapshot (supplier label scrubbed)","SAMSUNG-2026-05-25","3000000319994","Original Replacement Tip for Stylus Samsung GH98-44781B","Samsung","Flat Cable","A","Galaxy Note 10 Lite N770","","","Galaxy Note 10 Lite N770 | Galaxy Note 10 N970 | Galaxy Note 20 N980 | Galaxy Note 20 Ultra 5G N986","4","0","draft","candidate_needs_technical_confirmation_not_current_supplier_catalog"
"2026-07-19","historical Mobilax-derived catalog snapshot (supplier label scrubbed)","SAMSUNG-2026-05-25","3000000320006","Original Replacement Tip for Stylus Samsung GH98-44781C","Samsung","Flat Cable","A","Galaxy Note 10 Lite N770","","","Galaxy Note 10 Lite N770 | Galaxy Note 10 N970 | Galaxy Note 20 N980 | Galaxy Note 20 Ultra 5G N986","4","0","draft","candidate_needs_technical_confirmation_not_current_supplier_catalog"
"2026-07-19","historical Mobilax-derived catalog snapshot (supplier label scrubbed)","SAMSUNG-2026-05-25","3000000320013","Original Replacement Tip for Stylus Samsung for Samsung Galaxy Note 10 N970 GH98-44781A","Samsung","Flat Cable","A","Galaxy Note 10 Lite N770","","","Galaxy Note 10 Lite N770 | Galaxy Note 10 N970 | Galaxy Note 20 N980 | Galaxy Note 20 Ultra 5G N986","4","0","draft","candidate_needs_technical_confirmation_not_current_supplier_catalog"
"2026-07-19","historical Mobilax-derived catalog snapshot (supplier label scrubbed)","SAMSUNG-2026-05-27","3000000320044","Original Replacement Tip for Stylus Samsung Galaxy S24 Ultra 5G S928/Galaxy Tab S10 Ultra Wi-Fi X920/Galaxy Tab S10 Ultra 5G X926/Galaxy S25 Ultra S938 GH81-19573A Black","Samsung","Flat Cable","A","Galaxy S24 Ultra 5G S928","","","Galaxy S24 Ultra 5G S928 | Galaxy S25 Ultra S938","2","0","draft","candidate_needs_technical_confirmation_not_current_supplier_catalog"
"2026-07-19","historical Mobilax-derived catalog snapshot (supplier label scrubbed)","SAMSUNG-2026-05-27","3000000320051","Original Replacement Tip for Stylus Samsung Galaxy S24 Ultra 5G S928/Galaxy Tab S10 Ultra Wi-Fi X920/Galaxy Tab S10 Ultra 5G X926/Galaxy S25 Ultra S938 GH81-19574A White","Samsung","Flat Cable","A","Galaxy S24 Ultra 5G S928","","","Galaxy S24 Ultra 5G S928 | Galaxy S25 Ultra S938","2","0","draft","candidate_needs_technical_confirmation_not_current_supplier_catalog"
"2026-07-19","historical Mobilax-derived catalog snapshot (supplier label scrubbed)","REALME-2026-05-27","3000000320099","Premium Battery Realme C63/C61 BLPA83","Realme","Batterie","A","C61","","","C61 | C63","2","0","draft","candidate_needs_technical_confirmation_not_current_supplier_catalog"
"2026-07-19","historical Mobilax-derived catalog snapshot (supplier label scrubbed)","SAMSUNG-2026-05-25","3000000320501","Original Volume Flex Cable Samsung Galaxy A25 5G A256/Galaxy M35 5G M356 GH59-15639A","Samsung","Flat Cable","A","Galaxy A25 5G A256","","","Galaxy A25 5G A256 | Galaxy M35 5G M356","2","0","draft","candidate_needs_technical_confirmation_not_current_supplier_catalog"
"2026-07-19","historical Mobilax-derived catalog snapshot (supplier label scrubbed)","SAMSUNG-2026-05-25","3000000320518","Premium Volume Flex Cable Samsung Galaxy A25 5G A256/Galaxy M35 5G M356","Samsung","Flat Cable","A","Galaxy A25 5G A256","","","Galaxy A25 5G A256 | Galaxy M35 5G M356","2","0","draft","candidate_needs_technical_confirmation_not_current_supplier_catalog"
"2026-07-19","historical Mobilax-derived catalog snapshot (supplier label scrubbed)","SAMSUNG-2026-05-25","3000000320525","Original Volume Button Samsung Galaxy M15 5G M156/Galaxy M35 5G M356 GH64-09410B Grey","Samsung","Flat Cable","A","Galaxy M15 5G M156","","","Galaxy M15 5G M156 | Galaxy M35 5G M356","2","0","draft","candidate_needs_technical_confirmation_not_current_supplier_catalog"
"2026-07-19","historical Mobilax-derived catalog snapshot (supplier label scrubbed)","REALME-2026-05-27","3000000321119","Premium Battery Realme GT 6 5G/GT 6T BLPA51","Realme","Batterie","A","GT 6 5G","","","GT 6 5G | GT 6T","2","0","draft","candidate_needs_technical_confirmation_not_current_supplier_catalog"
"2026-07-19","historical Mobilax-derived catalog snapshot (supplier label scrubbed)","HONOR-2026-05-27","3000000321294","Premium Main Camera Honor 200 5G/200 Pro 50MP","Honor","Fotocamere","A","200 5G","","","200 5G | 200 Pro","2","0","draft","candidate_needs_technical_confirmation_not_current_supplier_catalog"
"2026-07-19","historical Mobilax-derived catalog snapshot (supplier label scrubbed)","HONOR-2026-05-27","3000000321300","Premium Telephoto Lens Honor 200 5G/200 Pro 50MP","Honor","Fotocamere","A","200 5G","","","200 5G | 200 Pro","2","0","draft","candidate_needs_technical_confirmation_not_current_supplier_catalog"
"2026-07-19","historical Mobilax-derived catalog snapshot (supplier label scrubbed)","HONOR-2026-05-27","3000000321317","Premium Ultra Wide Angle Camera Honor 200 5G/200 Pro 12MP","Honor","Fotocamere","A","200 5G","","","200 5G | 200 Pro","2","0","draft","candidate_needs_technical_confirmation_not_current_supplier_catalog"
"2026-07-19","historical Mobilax-derived catalog snapshot (supplier label scrubbed)","HONOR-2026-05-27","3000000321331","Premium Front Camera Honor 200 5G/200 Pro 50MP","Honor","Fotocamere","A","200 5G","","","200 5G | 200 Pro","2","0","draft","candidate_needs_technical_confirmation_not_current_supplier_catalog"
"2026-07-19","historical Mobilax-derived catalog snapshot (supplier label scrubbed)","SAMSUNG-2026-05-25","3000000321454","Original SIM Tray Samsung Galaxy M15 5G M156/Galaxy M35 5G M356 GH98-49063B Grey","Samsung","Flat Cable","A","Galaxy M15 5G M156","","","Galaxy M15 5G M156 | Galaxy M35 5G M356","2","0","draft","candidate_needs_technical_confirmation_not_current_supplier_catalog"
"2026-07-19","historical Mobilax-derived catalog snapshot (supplier label scrubbed)","SAMSUNG-2026-05-25","3000000321461","Original SIM Tray Samsung Galaxy M15 5G M156/Galaxy M35 5G M356 GH98-49063A Night Blue","Samsung","Flat Cable","A","Galaxy M15 5G M156","","","Galaxy M15 5G M156 | Galaxy M35 5G M356","2","0","draft","candidate_needs_technical_confirmation_not_current_supplier_catalog"
"2026-07-19","historical Mobilax-derived catalog snapshot (supplier label scrubbed)","SAMSUNG-2026-05-25","3000000321478","Premium Inner Earpiece Samsung Galaxy A15 5G A156B/Galaxy A15 4G A155/Galaxy M15 5G M156/Galaxy A16 5G A166/Galaxy A16 4G A165/Galaxy A17 5G A176/Galaxy A17 4G A175","Samsung","Speaker","A","Galaxy A15 4G A155","","","Galaxy A15 4G A155 | Galaxy A15 5G A156B | Galaxy A16 4G A165 | Galaxy A16 5G A166 | Galaxy A17 4G A175 | Galaxy A17 5G A176 | Galaxy M15 5G M156","7","0","draft","candidate_needs_technical_confirmation_not_current_supplier_catalog"
"2026-07-19","historical Mobilax-derived catalog snapshot (supplier label scrubbed)","REALME-2026-05-27","3000000321850","Premium Power and Volume Flex Cable Realme 12 5G/12x 5G","Realme","Flat Cable","A","12 5G","","","12 5G | 12X 5G","2","0","draft","candidate_needs_technical_confirmation_not_current_supplier_catalog"
"2026-07-19","historical Mobilax-derived catalog snapshot (supplier label scrubbed)","REALME-2026-05-27","3000000321881","Premium Loudspeaker Realme 12+ 5G/12 4G","Realme","Speaker","A","12 4G","","","12 4G | 12+ 5G","2","0","draft","candidate_needs_technical_confirmation_not_current_supplier_catalog"
"2026-07-19","historical Mobilax-derived catalog snapshot (supplier label scrubbed)","SAMSUNG-2026-05-25","3000000323595","Original Stickers Kit Samsung Galaxy Z Flip 6 5G F741/Galaxy Z Flip 7 FE F761 GH82-35141A","Samsung","Flat Cable","A","Galaxy Z Flip 6 5G F741","","","Galaxy Z Flip 6 5G F741 | Galaxy Z Flip 7 FE F761","2","0","draft","candidate_needs_technical_confirmation_not_current_supplier_catalog"
"2026-07-19","historical Mobilax-derived catalog snapshot (supplier label scrubbed)","SAMSUNG-2026-05-25","3000000325520","Oled Display Touchscreen with Frame Samsung Galaxy A15 5G A156B/Galaxy A15 4G A155 Black","Samsung","Schermi","A","Galaxy A15 4G A155","","","Galaxy A15 4G A155 | Galaxy A15 5G A156B","2","0","draft","candidate_needs_technical_confirmation_not_current_supplier_catalog"
"2026-07-19","historical Mobilax-derived catalog snapshot (supplier label scrubbed)","OPPO-2026-05-27","3000000325612","Original Battery OPPO A38 (CPH2579)/A58 4G (CPH2577) 621035000041 621035000048 BLPA19","OPPO","Batterie","A","A38 CPH2579","","","A38 CPH2579 | A58 4G CPH2577","2","0","draft","candidate_needs_technical_confirmation_not_current_supplier_catalog"
"2026-07-19","historical Mobilax-derived catalog snapshot (supplier label scrubbed)","REALME-2026-05-27","3000000326442","Original Battery Realme C11 (2020)/C3/5/5i/C21/C11 (2021)/C21-Y 4902729 BLP729","Realme","Batterie","A","5","","","5 | 5I | C11 2020 | C11 2021 | C21 | C21 Y | C3","7","0","draft","candidate_needs_technical_confirmation_not_current_supplier_catalog"
"2026-07-19","historical Mobilax-derived catalog snapshot (supplier label scrubbed)","SAMSUNG-2026-05-25","3000000326459","FPC Connector Samsung Galaxy A12 A125/Galaxy A13 4G A135/Galaxy A22 4G A225/Galaxy A52 4G A525/Galaxy A53 5G A536/Galaxy A72 4G A725/Galaxy A32 5G A326 Charge USB LCD (2x39pin) sur Carte Mère","Samsung","Connettori","A","Galaxy A12 A125","","","Galaxy A12 A125 | Galaxy A13 4G A135 | Galaxy A22 4G A225 | Galaxy A32 5G A326 | Galaxy A52 4G A525 | Galaxy A53 5G A536 | Galaxy A72 4G A725","7","0","draft","candidate_needs_technical_confirmation_not_current_supplier_catalog"
"2026-07-19","historical Mobilax-derived catalog snapshot (supplier label scrubbed)","2026-05-25","3000000326497","IC Chip (Integrated Circuit) Apple iPhone 13 Mini/iPhone 13/iPhone 13 Pro/iPhone 13 Pro Max/iPhone 14/iPhone 14 Plus/iPhone 14 Pro/iPhone 14 Pro Max Audio Big 338S00739","Apple","Flat Cable","A","iPhone 13","","","iPhone 13 | iPhone 13 Mini | iPhone 13 Pro | iPhone 13 Pro Max | iPhone 14 | iPhone 14 Plus | iPhone 14 Pro | iPhone 14 Pro Max","8","0","draft","candidate_needs_technical_confirmation_not_current_supplier_catalog"
"2026-07-19","historical Mobilax-derived catalog snapshot (supplier label scrubbed)","2026-05-25","3000000326503","IC Chip (Integrated Circuit) Apple iPhone 13 Mini/iPhone 13/iPhone 13 Pro/iPhone 13 Pro Max Big Power 343S00511","Apple","Flat Cable","A","iPhone 13","","","iPhone 13 | iPhone 13 Mini | iPhone 13 Pro | iPhone 13 Pro Max","4","0","draft","candidate_needs_technical_confirmation_not_current_supplier_catalog"
"2026-07-19","historical Mobilax-derived catalog snapshot (supplier label scrubbed)","2026-05-25","3000000326527","IC Chip (Integrated Circuit) Apple iPhone XR/iPhone XS Big Power 338S00383-A0","Apple","Flat Cable","A","iPhone XR","","","iPhone XR | iPhone XS","2","0","draft","candidate_needs_technical_confirmation_not_current_supplier_catalog"
"2026-07-19","historical Mobilax-derived catalog snapshot (supplier label scrubbed)","2026-05-25","3000000326541","IC Chip (Integrated Circuit) Apple iPhone 11/iPhone 11 Pro/iPhone 11 Pro Max/iPhone 12/iPhone 12 Pro/iPhone 12 Pro Max/iPhone 12 Mini Big Audio 338S00509","Apple","Flat Cable","A","iPhone 11","","","iPhone 11 | iPhone 11 Pro | iPhone 11 Pro Max | iPhone 12 | iPhone 12 Mini | iPhone 12 Pro | iPhone 12 Pro Max","7","0","draft","candidate_needs_technical_confirmation_not_current_supplier_catalog"
"2026-07-19","historical Mobilax-derived catalog snapshot (supplier label scrubbed)","2026-05-25","3000000326558","IC Chip (Integrated Circuit) Apple iPhone 12/iPhone 12 Pro/iPhone 12 Pro Max/iPhone 12 Mini/iPhone 13 Pro Max/iPhone 13 Pro/iPhone 13 Mini/iPhone 13/iPhone 14/iPhone 14 Pro/iPhone 14 Pro Max/iPhone 14 Plus/iPhone 15/iPhone 15 Plus/iPhone 15 Pro/iPhone 15 Pro Max CATI EEPROM","Apple","Flat Cable","A","iPhone 12","","","iPhone 12 | iPhone 12 Mini | iPhone 12 Pro | iPhone 12 Pro Max | iPhone 13 | iPhone 13 Mini | iPhone 13 Pro | iPhone 13 Pro Max | iPhone 14 | iPhone 14 Plus | iPhone 14 Pro | iPhone 14 Pro Max | iPhone 15 | iPhone 15 Plus | iPhone 15 Pro | iPhone 15 Pro Max","16","0","draft","candidate_needs_technical_confirmation_not_current_supplier_catalog"
"2026-07-19","historical Mobilax-derived catalog snapshot (supplier label scrubbed)","2026-05-25","3000000326589","IC Chip (Integrated Circuit) Apple iPhone 13 Pro Max/iPhone 13 Pro/iPhone 14 Pro/iPhone 14 Pro Max/iPhone 15 Pro/iPhone 15 Pro Max CD3710A1","Apple","Flat Cable","A","iPhone 13 Pro","","","iPhone 13 Pro | iPhone 13 Pro Max | iPhone 14 Pro | iPhone 14 Pro Max | iPhone 15 Pro | iPhone 15 Pro Max","6","0","draft","candidate_needs_technical_confirmation_not_current_supplier_catalog"
"2026-07-19","historical Mobilax-derived catalog snapshot (supplier label scrubbed)","2026-05-25","3000000326596","IC Chip (Integrated Circuit) Apple iPhone 13 Mini/iPhone 13/iPhone 13 Pro/iPhone 13 Pro Max Camera 338S00762","Apple","Flat Cable","A","iPhone 13","","","iPhone 13 | iPhone 13 Mini | iPhone 13 Pro | iPhone 13 Pro Max","4","0","draft","candidate_needs_technical_confirmation_not_current_supplier_catalog"
"2026-07-19","historical Mobilax-derived catalog snapshot (supplier label scrubbed)","2026-05-25","3000000326602","IC Chip (Integrated Circuit) Apple iPhone 13 Mini/iPhone 13/iPhone 13 Pro/iPhone 13 Pro Max Charger 1616A0","Apple","Flat Cable","A","iPhone 13","","","iPhone 13 | iPhone 13 Mini | iPhone 13 Pro | iPhone 13 Pro Max","4","0","draft","candidate_needs_technical_confirmation_not_current_supplier_catalog"
"2026-07-19","historical Mobilax-derived catalog snapshot (supplier label scrubbed)","2026-05-25","3000000326619","IC Chip (Integrated Circuit) Apple iPhone 13 Mini/iPhone 13/iPhone 13 Pro/iPhone 13 Pro Max Charge Controller PMIC Tigris","Apple","Flat Cable","A","iPhone 13","","","iPhone 13 | iPhone 13 Mini | iPhone 13 Pro | iPhone 13 Pro Max","4","0","draft","candidate_needs_technical_confirmation_not_current_supplier_catalog"
"2026-07-19","historical Mobilax-derived catalog snapshot (supplier label scrubbed)","2026-05-25","3000000326640","IC Chip (Integrated Circuit) Apple iPhone 14/iPhone 14 Pro/iPhone 14 Pro Max/iPhone 14 Plus/iPhone 15/iPhone 15 Plus/iPhone 15 Pro/iPhone 15 Pro Max/iPhone 16e/iPhone 16/iPhone 16 Plus/iPhone 16 Pro/iPhone 16 Pro Max QET71001","Apple","Flat Cable","A","iPhone 14","","","iPhone 14 | iPhone 14 Plus | iPhone 14 Pro | iPhone 14 Pro Max | iPhone 15 | iPhone 15 Plus | iPhone 15 Pro | iPhone 15 Pro Max | iPhone 16 | iPhone 16 Plus | iPhone 16 Pro | iPhone 16 Pro Max | iPhone 16E","13","0","draft","candidate_needs_technical_confirmation_not_current_supplier_catalog"
"2026-07-19","historical Mobilax-derived catalog snapshot (supplier label scrubbed)","2026-05-25","3000000326657","IC Chip (Integrated Circuit) Apple iPhone 12 Mini/iPhone 12/iPhone 12 Pro/iPhone 12 Pro Max/iPhone 13/iPhone 13 Mini/iPhone 13 Pro/iPhone 13 Pro Max/iPhone 14/iPhone 14 Plus/iPhone 14 Pro/iPhone 14 Pro Max Face ID STB601A05","Apple","Flat Cable","A","iPhone 12","","","iPhone 12 | iPhone 12 Mini | iPhone 12 Pro | iPhone 12 Pro Max | iPhone 13 | iPhone 13 Mini | iPhone 13 Pro | iPhone 13 Pro Max | iPhone 14 | iPhone 14 Plus | iPhone 14 Pro | iPhone 14 Pro Max","12","0","draft","candidate_needs_technical_confirmation_not_current_supplier_catalog"
"2026-07-19","historical Mobilax-derived catalog snapshot (supplier label scrubbed)","2026-05-25","3000000326664","IC Chip (Integrated Circuit) Apple iPhone 11/iPhone 11 Pro/iPhone 11 Pro Max/iPhone 12/iPhone 12 Mini/iPhone 12 Pro/iPhone 12 Pro Max/iPhone 13/iPhone 13 Mini/iPhone 13 Pro/iPhone 13 Pro Max/iPhone 14/iPhone 14 Plus/iPhone 14 Pro/iPhone 14 Pro Max/iPhone 15/iPhone 15 Plus/iPhone 15 Pro/iPhone 15 Pro Max/iPhone 16/iPhone 16 Plus/iPhone 16 Pro/iPhone 16 Pro Max/iPhone 16e Flash Camera 3567A1","Apple","Flat Cable","A","iPhone 11","","","iPhone 11 | iPhone 11 Pro | iPhone 11 Pro Max | iPhone 12 | iPhone 12 Mini | iPhone 12 Pro | iPhone 12 Pro Max | iPhone 13 | iPhone 13 Mini | iPhone 13 Pro | iPhone 13 Pro Max | iPhone 14 | iPhone 14 Plus | iPhone 14 Pro | iPhone 14 Pro Max | iPhone 15 | iPhone 15 Plus | iPhone 15 Pro | iPhone 15 Pro Max | iPhone 16 | iPhone 16 Plus | iPhone 16 Pro | iPhone 16 Pro Max | iPhone 16E","24","0","draft","candidate_needs_technical_confirmation_not_current_supplier_catalog"
"2026-07-19","historical Mobilax-derived catalog snapshot (supplier label scrubbed)","2026-05-25","3000000326688","IC Chip (Integrated Circuit) Apple iPhone 8/iPhone 8 Plus/iPhone X/iPhone XR/iPhone XS/iPhone XS Max/iPhone 11/iPhone 11 Pro/iPhone 11 Pro Max/iPhone 12/iPhone 12 Mini/iPhone 12 Pro/iPhone 12 Pro Max/iPhone 13/iPhone 13 Mini/iPhone 13 Pro/iPhone 13 Pro Max/iPad Pro 12.9"" (4e génération)/iPad Pro 11"" (2e génération)/iPad 7/iPad 8/iPad mini 5/iPad Air 3 Gyroscope YY","Apple","Flat Cable","A","iPhone 8","","","iPhone 8 | iPhone 11 | iPhone 11 Pro | iPhone 11 Pro Max | iPhone 12 | iPhone 12 Mini | iPhone 12 Pro | iPhone 12 Pro Max | iPhone 13 | iPhone 13 Mini | iPhone 13 Pro | iPhone 13 Pro Max | iPhone 8 Plus | iPhone X | iPhone XR | iPhone XS | iPhone XS Max","17","0","draft","candidate_needs_technical_confirmation_not_current_supplier_catalog"
"2026-07-19","historical Mobilax-derived catalog snapshot (supplier label scrubbed)","2026-05-25","3000000326695","IC Chip (Integrated Circuit) Apple iPhone 12 Pro Max/iPhone 13 Pro Max/iPhone 13 Pro/iPhone 14/iPhone 14 Pro/iPhone 14 Pro Max/iPhone 14 Plus LCXX Accessory Power","Apple","Flat Cable","A","iPhone 12 Pro Max","","","iPhone 12 Pro Max | iPhone 13 Pro | iPhone 13 Pro Max | iPhone 14 | iPhone 14 Plus | iPhone 14 Pro | iPhone 14 Pro Max","7","0","draft","candidate_needs_technical_confirmation_not_current_supplier_catalog"
"2026-07-19","historical Mobilax-derived catalog snapshot (supplier label scrubbed)","2026-05-25","3000000326701","IC Chip (Integrated Circuit) Apple iPhone XR/iPhone XS/iPhone XS Max/iPad 7/iPad Pro 12.9"" (4e génération)/iPad Pro 11"" (2e génération)/iPad mini 5/iPad Air 3 NFC 100VB27","Apple","Flat Cable","A","iPhone XR","","","iPhone XR | iPhone XS | iPhone XS Max","3","0","draft","candidate_needs_technical_confirmation_not_current_supplier_catalog"
"2026-07-19","historical Mobilax-derived catalog snapshot (supplier label scrubbed)","2026-05-25","3000000326718","IC Chip (Integrated Circuit) Apple iPhone 8 Plus/iPhone X/iPhone XS/iPhone XS Max Power Boost U3100","Apple","Flat Cable","A","iPhone 8 Plus","","","iPhone 8 Plus | iPhone X | iPhone XS | iPhone XS Max","4","0","draft","candidate_needs_technical_confirmation_not_current_supplier_catalog"
"2026-07-19","historical Mobilax-derived catalog snapshot (supplier label scrubbed)","2026-05-25","3000000326725","IC Chip (Integrated Circuit) Apple iPhone 14/iPhone 14 Plus Power 343S00572","Apple","Flat Cable","A","iPhone 14","","","iPhone 14 | iPhone 14 Plus","2","0","draft","candidate_needs_technical_confirmation_not_current_supplier_catalog"
"2026-07-19","historical Mobilax-derived catalog snapshot (supplier label scrubbed)","2026-05-25","3000000326749","IC Chip (Integrated Circuit) Apple iPhone 12/iPhone 12 Mini/iPhone 12 Pro/iPhone 12 Pro Max/iPhone 13/iPhone 13 Mini/iPhone 13 Pro/iPhone 13 Pro Max/iPhone 14/iPhone 14 Plus/iPhone 14 Pro/iPhone 14 Pro Max Small Audio 338S00537","Apple","Flat Cable","A","iPhone 12","","","iPhone 12 | iPhone 12 Mini | iPhone 12 Pro | iPhone 12 Pro Max | iPhone 13 | iPhone 13 Mini | iPhone 13 Pro | iPhone 13 Pro Max | iPhone 14 | iPhone 14 Plus | iPhone 14 Pro | iPhone 14 Pro Max","12","0","draft","candidate_needs_technical_confirmation_not_current_supplier_catalog"
"2026-07-19","historical Mobilax-derived catalog snapshot (supplier label scrubbed)","2026-05-25","3000000326756","IC Chip (Integrated Circuit) Apple iPhone 11/iPhone 11 Pro/iPhone 11 Pro Max Small Power 6840","Apple","Flat Cable","A","iPhone 11","","","iPhone 11 | iPhone 11 Pro | iPhone 11 Pro Max","3","0","draft","candidate_needs_technical_confirmation_not_current_supplier_catalog"
"2026-07-19","historical Mobilax-derived catalog snapshot (supplier label scrubbed)","2026-05-25","3000000326763","IC Chip (Integrated Circuit) Apple iPhone 13/iPhone 13 Mini/iPhone 13 Pro/iPhone 13 Pro Max Small Power PMX60","Apple","Flat Cable","A","iPhone 13","","","iPhone 13 | iPhone 13 Mini | iPhone 13 Pro | iPhone 13 Pro Max","4","0","draft","candidate_needs_technical_confirmation_not_current_supplier_catalog"
"2026-07-19","historical Mobilax-derived catalog snapshot (supplier label scrubbed)","2026-05-25","3000000326770","IC Chip (Integrated Circuit) Apple iPhone XR/iPhone XS/iPhone XS Max Small Power 6829","Apple","Flat Cable","A","iPhone XR","","","iPhone XR | iPhone XS | iPhone XS Max","3","0","draft","candidate_needs_technical_confirmation_not_current_supplier_catalog"
"2026-07-19","historical Mobilax-derived catalog snapshot (supplier label scrubbed)","2026-05-25","3000000326787","IC Chip (Integrated Circuit) Apple iPhone 12/iPhone 12 Pro/iPhone 12 Pro Max/iPhone 12 Mini Touch Boost BCM15960A0","Apple","Flat Cable","A","iPhone 12","","","iPhone 12 | iPhone 12 Mini | iPhone 12 Pro | iPhone 12 Pro Max","4","0","draft","candidate_needs_technical_confirmation_not_current_supplier_catalog"
"2026-07-19","historical Mobilax-derived catalog snapshot (supplier label scrubbed)","2026-05-25","3000000326817","IC Chip (Integrated Circuit) Apple iPhone 13/iPhone 13 Mini/iPhone 13 Pro/iPhone 13 Pro Max USI U1","Apple","Flat Cable","A","iPhone 13","","","iPhone 13 | iPhone 13 Mini | iPhone 13 Pro | iPhone 13 Pro Max","4","0","draft","candidate_needs_technical_confirmation_not_current_supplier_catalog"
"2026-07-19","historical Mobilax-derived catalog snapshot (supplier label scrubbed)","2026-05-25","3000000326848","IC Chip (Integrated Circuit) Apple iPhone 12/iPhone 12 Mini/iPhone 12 Pro/iPhone 12 Pro Max/iPhone 13/iPhone 13 Mini/iPhone 13 Pro/iPhone 13 Pro Max Puce IC Wifi/Bluetooth 339S00761","Apple","Flat Cable","A","iPhone 12","","","iPhone 12 | iPhone 12 Mini | iPhone 12 Pro | iPhone 12 Pro Max | iPhone 13 | iPhone 13 Mini | iPhone 13 Pro | iPhone 13 Pro Max","8","0","draft","candidate_needs_technical_confirmation_not_current_supplier_catalog"
"2026-07-19","historical Mobilax-derived catalog snapshot (supplier label scrubbed)","2026-05-25","3000000326930","IC Chip (Integrated Circuit) Apple iPad Pro  11"" (1e génération)/iPad Pro 12.9"" (3e génération)/iPhone XS/iPhone XS Max/iPad mini 5/iPad Air 3 Wifi/Bluetooth 339S00540","Apple","Flat Cable","A","iPhone XS","","","iPhone XS | iPhone XS Max","2","0","draft","candidate_needs_technical_confirmation_not_current_supplier_catalog"
"2026-07-19","historical Mobilax-derived catalog snapshot (supplier label scrubbed)","2026-05-25","3000000326947","IC Chip (Integrated Circuit) Apple iPhone 12/iPhone 12 Pro/iPhone 12 Pro Max/iPhone 12 Mini High Power Charge 343S00437","Apple","Flat Cable","A","iPhone 12","","","iPhone 12 | iPhone 12 Mini | iPhone 12 Pro | iPhone 12 Pro Max","4","0","draft","candidate_needs_technical_confirmation_not_current_supplier_catalog"
"2026-07-19","historical Mobilax-derived catalog snapshot (supplier label scrubbed)","2026-05-25","3000000326954","IC Chip (Integrated Circuit) Apple iPhone 13 Mini/iPhone 13/iPhone 13 Pro/iPhone 13 Pro Max of RF Transceiver SDR868","Apple","Flat Cable","A","iPhone 13","","","iPhone 13 | iPhone 13 Mini | iPhone 13 Pro | iPhone 13 Pro Max","4","0","draft","candidate_needs_technical_confirmation_not_current_supplier_catalog"
"2026-07-19","historical Mobilax-derived catalog snapshot (supplier label scrubbed)","2026-05-25","3000000326961","IC Chip (Integrated Circuit) Apple iPhone X/iPhone XS/iPhone XS Max Display Chestnut U5600 3373A","Apple","Flat Cable","A","iPhone X","","","iPhone X | iPhone XS | iPhone XS Max","3","0","draft","candidate_needs_technical_confirmation_not_current_supplier_catalog"
"2026-07-19","historical Mobilax-derived catalog snapshot (supplier label scrubbed)","2026-05-25","3000000326978","IC Chip (Integrated Circuit) Apple iPhone 12/iPhone 12 Pro/iPhone 13 Mini/iPhone 14/iPhone 15/iPhone 15 Plus/iPhone 16/iPhone 16 Plus of LCD Display S2D0S24","Apple","Flat Cable","A","iPhone 12","","","iPhone 12 | iPhone 12 Pro | iPhone 13 Mini | iPhone 14 | iPhone 15 | iPhone 15 Plus | iPhone 16 | iPhone 16 Plus","8","0","draft","candidate_needs_technical_confirmation_not_current_supplier_catalog"
"2026-07-19","historical Mobilax-derived catalog snapshot (supplier label scrubbed)","2026-05-25","3000000326985","IC Chip (Integrated Circuit) Apple iPhone 13 Pro/iPhone 13 Pro Max/iPhone 14 Pro/iPhone 14 Pro Max/iPhone 15 Pro/iPhone 15 Pro Max/iPhone 16 Pro/iPhone 16 Pro Max of LCD Display 65657B0","Apple","Flat Cable","A","iPhone 13 Pro","","","iPhone 13 Pro | iPhone 13 Pro Max | iPhone 14 Pro | iPhone 14 Pro Max | iPhone 15 Pro | iPhone 15 Pro Max | iPhone 16 Pro | iPhone 16 Pro Max","8","0","draft","candidate_needs_technical_confirmation_not_current_supplier_catalog"
"2026-07-19","historical Mobilax-derived catalog snapshot (supplier label scrubbed)","2026-05-25","3000000326992","IC Chip (Integrated Circuit) Apple iPhone 12/iPhone 12 Mini/iPhone 12 Pro/iPhone 12 Pro Max/iPhone 13/iPhone 13 Mini/iPhone 13 Pro/iPhone 13 Pro Max/iPhone 14 Plus di Display LCD TPS65656A2 U9100","Apple","Flat Cable","A","iPhone 12","","","iPhone 12 | iPhone 12 Mini | iPhone 12 Pro | iPhone 12 Pro Max | iPhone 13 | iPhone 13 Mini | iPhone 13 Pro | iPhone 13 Pro Max | iPhone 14 Plus","9","0","draft","candidate_needs_technical_confirmation_not_current_supplier_catalog"
"2026-07-19","historical Mobilax-derived catalog snapshot (supplier label scrubbed)","2026-05-25","3000000327012","IC Chip (Integrated Circuit) Apple iPhone 8/iPhone 8 Plus/iPhone X PMD9655 Qualcomm","Apple","Flat Cable","A","iPhone 8","","","iPhone 8 | iPhone 8 Plus | iPhone X","3","0","draft","candidate_needs_technical_confirmation_not_current_supplier_catalog"
"2026-07-19","historical Mobilax-derived catalog snapshot (supplier label scrubbed)","2026-05-25","3000000327081","IC Chip (Integrated Circuit) Apple iPhone 12/iPhone 12 Pro/iPhone 12 Pro Max/iPhone 12 Mini Amplifier 53807-13","Apple","Flat Cable","A","iPhone 12","","","iPhone 12 | iPhone 12 Mini | iPhone 12 Pro | iPhone 12 Pro Max","4","0","draft","candidate_needs_technical_confirmation_not_current_supplier_catalog"
"2026-07-19","historical Mobilax-derived catalog snapshot (supplier label scrubbed)","2026-05-25","3000000327159","IC Chip (Integrated Circuit) Apple iPhone 8/iPhone 8 Plus/iPhone X CPU Baseband U_MDM_E - MDM9655","Apple","Flat Cable","A","iPhone 8","","","iPhone 8 | iPhone 8 Plus | iPhone X","3","0","draft","candidate_needs_technical_confirmation_not_current_supplier_catalog"
"2026-07-19","historical Mobilax-derived catalog snapshot (supplier label scrubbed)","2026-05-25","3000000327173","IC Chip (Integrated Circuit) Apple iPhone 11 Pro Max/iPhone 8/iPhone 8 Plus/iPhone X U3100 SN61280D 61280E","Apple","Flat Cable","A","iPhone 8","","","iPhone 8 | iPhone 11 Pro Max | iPhone 8 Plus | iPhone X","4","0","draft","candidate_needs_technical_confirmation_not_current_supplier_catalog"
"2026-07-19","historical Mobilax-derived catalog snapshot (supplier label scrubbed)","2026-05-25","3000000327180","IC Chip (Integrated Circuit) Apple iPhone 12/iPhone 12 Pro/iPhone 12 Pro Max/iPhone 12 Mini Camera","Apple","Flat Cable","A","iPhone 12","","","iPhone 12 | iPhone 12 Mini | iPhone 12 Pro | iPhone 12 Pro Max","4","0","draft","candidate_needs_technical_confirmation_not_current_supplier_catalog"
"2026-07-19","historical Mobilax-derived catalog snapshot (supplier label scrubbed)","2026-05-25","3000000327197","IC Chip (Integrated Circuit) Apple iPhone 12/iPhone 12 Pro/iPhone 12 Pro Max/iPhone 12 Mini Face ID STB601A04","Apple","Flat Cable","A","iPhone 12","","","iPhone 12 | iPhone 12 Mini | iPhone 12 Pro | iPhone 12 Pro Max","4","0","draft","candidate_needs_technical_confirmation_not_current_supplier_catalog"
"2026-07-19","historical Mobilax-derived catalog snapshot (supplier label scrubbed)","2026-05-25","3000000327203","IC Chip (Integrated Circuit) Apple iPhone X/iPhone XS/iPhone XS Max Face ID STB600B0 U4400 U3300","Apple","Flat Cable","A","iPhone X","","","iPhone X | iPhone XS | iPhone XS Max","3","0","draft","candidate_needs_technical_confirmation_not_current_supplier_catalog"
"2026-07-19","historical Mobilax-derived catalog snapshot (supplier label scrubbed)","2026-05-25","3000000327210","IC Chip (Integrated Circuit) Apple iPhone 12/iPhone 12 Pro/iPhone 12 Pro Max/iPhone 12 Mini Filtre 5G 339M00112","Apple","Flat Cable","A","iPhone 12","","","iPhone 12 | iPhone 12 Mini | iPhone 12 Pro | iPhone 12 Pro Max","4","0","draft","candidate_needs_technical_confirmation_not_current_supplier_catalog"
"2026-07-19","historical Mobilax-derived catalog snapshot (supplier label scrubbed)","2026-05-25","3000000327227","IC Chip (Integrated Circuit) Apple iPhone 12/iPhone 12 Mini/iPhone 12 Pro/iPhone 12 Pro Max/iPhone 13/iPhone 13 Mini/iPhone 13 Pro/iPhone 13 Pro Max/iPhone 14/iPhone 14 Plus/iPhone 14 Pro/iPhone 14 Pro Max/iPhone 15/iPhone 15 Plus/iPhone 15 Pro/iPhone 15 Pro Max/iPhone 16/iPhone 16 Plus/iPhone 16 Pro/iPhone 16e/iPhone 16 Pro Max Backlight 338S00616","Apple","Flat Cable","A","iPhone 12","","","iPhone 12 | iPhone 12 Mini | iPhone 12 Pro | iPhone 12 Pro Max | iPhone 13 | iPhone 13 Mini | iPhone 13 Pro | iPhone 13 Pro Max | iPhone 14 | iPhone 14 Plus | iPhone 14 Pro | iPhone 14 Pro Max | iPhone 15 | iPhone 15 Plus | iPhone 15 Pro | iPhone 15 Pro Max | iPhone 16 | iPhone 16 Plus | iPhone 16 Pro | iPhone 16 Pro Max | iPhone 16E","21","0","draft","candidate_needs_technical_confirmation_not_current_supplier_catalog"
"2026-07-19","historical Mobilax-derived catalog snapshot (supplier label scrubbed)","2026-05-25","3000000327234","IC Chip (Integrated Circuit) Apple iPhone 14/iPhone 14 Plus/iPhone 14 Pro/iPhone 14 Pro Max/iPhone 15/iPhone 15 Plus/iPhone 15 Pro/iPhone 15 Pro Max/iPhone 16/iPhone 16 Plus/iPhone 16 Pro/iPhone 16 Pro Max Bande de Base PMX65","Apple","Flat Cable","A","iPhone 14","","","iPhone 14 | iPhone 14 Plus | iPhone 14 Pro | iPhone 14 Pro Max | iPhone 15 | iPhone 15 Plus | iPhone 15 Pro | iPhone 15 Pro Max | iPhone 16 | iPhone 16 Plus | iPhone 16 Pro | iPhone 16 Pro Max","12","0","draft","candidate_needs_technical_confirmation_not_current_supplier_catalog"
"2026-07-19","historical Mobilax-derived catalog snapshot (supplier label scrubbed)","2026-05-25","3000000327241","IC Chip (Integrated Circuit) Apple iPhone X/iPhone XR Capteur de Pression U3620","Apple","Flat Cable","A","iPhone X","","","iPhone X | iPhone XR","2","0","draft","candidate_needs_technical_confirmation_not_current_supplier_catalog"
"2026-07-19","historical Mobilax-derived catalog snapshot (supplier label scrubbed)","2026-05-25","3000000327258","IC Chip (Integrated Circuit) Apple iPhone 11/iPhone 11 Pro/iPhone 11 Pro Max/iPhone 12/iPhone 12 Pro/iPhone 12 Pro Max/iPhone 12 Mini Charge Tigris SN2611A0 Yangtze","Apple","Flat Cable","A","iPhone 11","","","iPhone 11 | iPhone 11 Pro | iPhone 11 Pro Max | iPhone 12 | iPhone 12 Mini | iPhone 12 Pro | iPhone 12 Pro Max","7","0","draft","candidate_needs_technical_confirmation_not_current_supplier_catalog"
"2026-07-19","historical Mobilax-derived catalog snapshot (supplier label scrubbed)","2026-05-25","3000000327265","IC Chip (Integrated Circuit) Apple iPhone 14/iPhone 14 Pro/iPhone 14 Pro Max/iPhone 14 Plus Charge Tigris 338S00839","Apple","Flat Cable","A","iPhone 14","","","iPhone 14 | iPhone 14 Plus | iPhone 14 Pro | iPhone 14 Pro Max","4","0","draft","candidate_needs_technical_confirmation_not_current_supplier_catalog"
"2026-07-19","historical Mobilax-derived catalog snapshot (supplier label scrubbed)","2026-05-25","3000000327272","IC Chip (Integrated Circuit) Apple iPhone 11/iPhone 11 Pro/iPhone 11 Pro Max/iPhone 8/iPhone 8 Plus/iPhone X/iPhone XR/iPhone XS/iPhone XS Max Charge USB-PD U6200 CPD2","Apple","Flat Cable","A","iPhone 8","","","iPhone 8 | iPhone 11 | iPhone 11 Pro | iPhone 11 Pro Max | iPhone 8 Plus | iPhone X | iPhone XR | iPhone XS | iPhone XS Max","9","0","draft","candidate_needs_technical_confirmation_not_current_supplier_catalog"
"2026-07-19","historical Mobilax-derived catalog snapshot (supplier label scrubbed)","2026-05-25","3000000327289","IC Chip (Integrated Circuit) Apple iPhone 12/iPhone 12 Mini/iPhone 12 Pro/iPhone 12 Pro Max/iPhone 13/iPhone 13 Mini/iPhone 13 Pro/iPhone 13 Pro Max/iPhone 14/iPhone 14 Plus/iPhone 14 Pro/iPhone 14 Pro Max/iPhone 15/iPhone 15 Plus/iPhone 15 Pro/iPhone 15 Pro Max/iPhone 16/iPhone 16 Plus/iPhone 16 Pro/iPhone 16 Pro Max/iPhone 16e Charge USB-PD 2E4B","Apple","Flat Cable","A","iPhone 12","","","iPhone 12 | iPhone 12 Mini | iPhone 12 Pro | iPhone 12 Pro Max | iPhone 13 | iPhone 13 Mini | iPhone 13 Pro | iPhone 13 Pro Max | iPhone 14 | iPhone 14 Plus | iPhone 14 Pro | iPhone 14 Pro Max | iPhone 15 | iPhone 15 Plus | iPhone 15 Pro | iPhone 15 Pro Max | iPhone 16 | iPhone 16 Plus | iPhone 16 Pro | iPhone 16 Pro Max | iPhone 16E","21","0","draft","candidate_needs_technical_confirmation_not_current_supplier_catalog"
"2026-07-19","historical Mobilax-derived catalog snapshot (supplier label scrubbed)","2026-05-25","3000000327296","IC Chip (Integrated Circuit) Apple iPhone 12/iPhone 12 Pro/iPhone 12 Pro Max/iPhone 12 Mini Wireless Charging Boost Dombra SN1705 SN1705","Apple","Flat Cable","A","iPhone 12","","","iPhone 12 | iPhone 12 Mini | iPhone 12 Pro | iPhone 12 Pro Max","4","0","draft","candidate_needs_technical_confirmation_not_current_supplier_catalog"
"2026-07-19","historical Mobilax-derived catalog snapshot (supplier label scrubbed)","2026-05-25","3000000327302","IC Chip (Integrated Circuit) Apple iPhone 11/iPhone 11 Pro/iPhone 11 Pro Max STPMB Wireless Charging","Apple","Flat Cable","A","iPhone 11","","","iPhone 11 | iPhone 11 Pro | iPhone 11 Pro Max","3","0","draft","candidate_needs_technical_confirmation_not_current_supplier_catalog"
"2026-07-19","historical Mobilax-derived catalog snapshot (supplier label scrubbed)","2026-05-25","3000000327319","IC Chip (Integrated Circuit) Apple iPhone 12/iPhone 12 Pro/iPhone 12 Pro Max/iPhone 12 Mini Wireless Charging STWPA1","Apple","Flat Cable","A","iPhone 12","","","iPhone 12 | iPhone 12 Mini | iPhone 12 Pro | iPhone 12 Pro Max","4","0","draft","candidate_needs_technical_confirmation_not_current_supplier_catalog"
"2026-07-19","historical Mobilax-derived catalog snapshot (supplier label scrubbed)","2026-05-25","3000000327326","IC Chip (Integrated Circuit) Apple iPhone 12/iPhone 12 Pro/iPhone 12 Pro Max Commutateur d'Antenne 2G UAT 132","Apple","Flat Cable","A","iPhone 12","","","iPhone 12 | iPhone 12 Pro | iPhone 12 Pro Max","3","0","draft","candidate_needs_technical_confirmation_not_current_supplier_catalog"
"2026-07-19","historical Mobilax-derived catalog snapshot (supplier label scrubbed)","2026-05-25","3000000327333","IC Chip (Integrated Circuit) Apple iPhone 12/iPhone 12 Pro/iPhone 12 Pro Max/iPhone 12 Mini Commutateur d'Antenne 137","Apple","Flat Cable","A","iPhone 12","","","iPhone 12 | iPhone 12 Mini | iPhone 12 Pro | iPhone 12 Pro Max","4","0","draft","candidate_needs_technical_confirmation_not_current_supplier_catalog"
"2026-07-19","historical Mobilax-derived catalog snapshot (supplier label scrubbed)","SAMSUNG-2026-05-25","3000000327371","Original FPCB Flex Cable Samsung Galaxy Z Flip 6 5G F741/Galaxy Z Flip 7 FE F761 GH59-15768A","Samsung","Flat Cable","A","Galaxy Z Flip 6 5G F741","","","Galaxy Z Flip 6 5G F741 | Galaxy Z Flip 7 FE F761","2","0","draft","candidate_needs_technical_confirmation_not_current_supplier_catalog"
"2026-07-19","historical Mobilax-derived catalog snapshot (supplier label scrubbed)","SAMSUNG-2026-05-25","3000000327401","Original Antenna Module Samsung Galaxy Z Flip 6 5G F741/Galaxy Z Flip 7 FE F761 GH97-30013A","Samsung","Flat Cable","A","Galaxy Z Flip 6 5G F741","","","Galaxy Z Flip 6 5G F741 | Galaxy Z Flip 7 FE F761","2","0","draft","candidate_needs_technical_confirmation_not_current_supplier_catalog"
"2026-07-19","historical Mobilax-derived catalog snapshot (supplier label scrubbed)","2026-05-25","3000000327463","IC Chip (Integrated Circuit) Apple iPhone X/iPhone XR/iPhone XS/iPhone XS Max LCD Control Side Tablecloth BCM15951","Apple","Flat Cable","A","iPhone X","","","iPhone X | iPhone XR | iPhone XS | iPhone XS Max","4","0","draft","candidate_needs_technical_confirmation_not_current_supplier_catalog"
"2026-07-19","historical Mobilax-derived catalog snapshot (supplier label scrubbed)","2026-05-25","3000000327470","IC Chip (Integrated Circuit) Apple iPhone 11/iPhone 11 Pro/iPhone 11 Pro Max Controle NFC 200VB11","Apple","Flat Cable","A","iPhone 11","","","iPhone 11 | iPhone 11 Pro | iPhone 11 Pro Max","3","0","draft","candidate_needs_technical_confirmation_not_current_supplier_catalog"
"2026-07-19","historical Mobilax-derived catalog snapshot (supplier label scrubbed)","2026-05-25","3000000327487","IC Chip (Integrated Circuit) Apple iPhone 12/iPhone 12 Pro/iPhone 12 Pro Max Controle NFC 210VB114","Apple","Flat Cable","A","iPhone 12","","","iPhone 12 | iPhone 12 Pro | iPhone 12 Pro Max","3","0","draft","candidate_needs_technical_confirmation_not_current_supplier_catalog"
"2026-07-19","historical Mobilax-derived catalog snapshot (supplier label scrubbed)","2026-05-25","3000000327500","IC Chip (Integrated Circuit) Apple iPhone 8/iPhone 8 Plus/iPhone X NFC Control NXP 80V18","Apple","Flat Cable","A","iPhone 8","","","iPhone 8 | iPhone 8 Plus | iPhone X","3","0","draft","candidate_needs_technical_confirmation_not_current_supplier_catalog"
"2026-07-19","historical Mobilax-derived catalog snapshot (supplier label scrubbed)","2026-05-25","3000000327517","IC Chip (Integrated Circuit) Apple iPhone 13/iPhone 13 Mini/iPhone 13 Pro/iPhone 13 Pro Max 600V NFC Control","Apple","Flat Cable","A","iPhone 13","","","iPhone 13 | iPhone 13 Mini | iPhone 13 Pro | iPhone 13 Pro Max","4","0","draft","candidate_needs_technical_confirmation_not_current_supplier_catalog"
"2026-07-19","historical Mobilax-derived catalog snapshot (supplier label scrubbed)","2026-05-25","3000000327524","IC Chip (Integrated Circuit) Apple iPhone 11/iPhone XR Display Controller Chestnut TPS65730","Apple","Flat Cable","A","iPhone 11","","","iPhone 11 | iPhone XR","2","0","draft","candidate_needs_technical_confirmation_not_current_supplier_catalog"
"2026-07-19","historical Mobilax-derived catalog snapshot (supplier label scrubbed)","2026-05-25","3000000327531","IC Chip (Integrated Circuit) Apple iPhone 14 Pro/iPhone 14 Pro Max Power Control 338S00942","Apple","Flat Cable","A","iPhone 14 Pro","","","iPhone 14 Pro | iPhone 14 Pro Max","2","0","draft","candidate_needs_technical_confirmation_not_current_supplier_catalog"
"2026-07-19","historical Mobilax-derived catalog snapshot (supplier label scrubbed)","2026-05-25","3000000327548","IC Chip (Integrated Circuit) Apple iPhone 11/iPhone 11 Pro/iPhone 11 Pro Max Antenna Coupler 2 S710 CPLR L K","Apple","Flat Cable","A","iPhone 11","","","iPhone 11 | iPhone 11 Pro | iPhone 11 Pro Max","3","0","draft","candidate_needs_technical_confirmation_not_current_supplier_catalog"
"2026-07-19","historical Mobilax-derived catalog snapshot (supplier label scrubbed)","2026-05-25","3000000327586","IC Chip (Integrated Circuit) Apple iPhone 12/iPhone 12 Mini/iPhone 12 Pro/iPhone 12 Pro Max/iPhone 13/iPhone 13 Mini/iPhone 13 Pro/iPhone 13 Pro Max Intermediate Frequency SMR526","Apple","Flat Cable","A","iPhone 12","","","iPhone 12 | iPhone 12 Mini | iPhone 12 Pro | iPhone 12 Pro Max | iPhone 13 | iPhone 13 Mini | iPhone 13 Pro | iPhone 13 Pro Max","8","0","draft","candidate_needs_technical_confirmation_not_current_supplier_catalog"
"2026-07-19","historical Mobilax-derived catalog snapshot (supplier label scrubbed)","2026-05-25","3000000327593","IC Chip (Integrated Circuit) Apple iPhone 11/iPhone 11 Pro/iPhone 11 Pro Max Power Management 338S00510","Apple","Flat Cable","A","iPhone 11","","","iPhone 11 | iPhone 11 Pro | iPhone 11 Pro Max","3","0","draft","candidate_needs_technical_confirmation_not_current_supplier_catalog"
"2026-07-19","historical Mobilax-derived catalog snapshot (supplier label scrubbed)","2026-05-25","3000000327609","IC Chip (Integrated Circuit) Apple iPhone XS/iPhone XS Max Power Management 338s00425","Apple","Flat Cable","A","iPhone XS","","","iPhone XS | iPhone XS Max","2","0","draft","candidate_needs_technical_confirmation_not_current_supplier_catalog"
"2026-07-19","historical Mobilax-derived catalog snapshot (supplier label scrubbed)","2026-05-25","3000000327616","IC Chip (Integrated Circuit) Apple iPhone 11 Pro/iPhone 11 Pro Max Power Management 343S00355","Apple","Flat Cable","A","iPhone 11 Pro","","","iPhone 11 Pro | iPhone 11 Pro Max","2","0","draft","candidate_needs_technical_confirmation_not_current_supplier_catalog"
"2026-07-19","historical Mobilax-derived catalog snapshot (supplier label scrubbed)","2026-05-25","3000000327623","IC Chip (Integrated Circuit) Apple iPhone 8/iPhone 8 Plus/iPhone X Power Management BBPMU K PMB 6848 Version Intel","Apple","Flat Cable","A","iPhone 8","","","iPhone 8 | iPhone 8 Plus | iPhone X","3","0","draft","candidate_needs_technical_confirmation_not_current_supplier_catalog"
"2026-07-19","historical Mobilax-derived catalog snapshot (supplier label scrubbed)","2026-05-25","3000000327630","IC Chip (Integrated Circuit) Apple iPhone 14/iPhone 14 Pro/iPhone 14 Pro Max/iPhone 14 Plus Camera Power Management 338S00819","Apple","Flat Cable","A","iPhone 14","","","iPhone 14 | iPhone 14 Plus | iPhone 14 Pro | iPhone 14 Pro Max","4","0","draft","candidate_needs_technical_confirmation_not_current_supplier_catalog"
"2026-07-19","historical Mobilax-derived catalog snapshot (supplier label scrubbed)","2026-05-25","3000000327647","IC Chip (Integrated Circuit) Apple iPhone XR/iPhone XS/iPhone XS Max Camera Power Management 338S00375","Apple","Flat Cable","A","iPhone XR","","","iPhone XR | iPhone XS | iPhone XS Max","3","0","draft","candidate_needs_technical_confirmation_not_current_supplier_catalog"
"2026-07-19","historical Mobilax-derived catalog snapshot (supplier label scrubbed)","2026-05-25","3000000327654","IC Chip (Integrated Circuit) Apple iPhone 12 Mini/iPhone 13 Pro/iPhone 14/iPhone 14 Pro/iPhone 14 Pro Max/iPhone 14 Plus/iPhone 15 Pro/iPhone 15 Pro Max SIM Reader ST33J","Apple","Flat Cable","A","iPhone 12 Mini","","","iPhone 12 Mini | iPhone 13 Pro | iPhone 14 | iPhone 14 Plus | iPhone 14 Pro | iPhone 14 Pro Max | iPhone 15 Pro | iPhone 15 Pro Max","8","0","draft","candidate_needs_technical_confirmation_not_current_supplier_catalog"
"2026-07-19","historical Mobilax-derived catalog snapshot (supplier label scrubbed)","2026-05-25","3000000327661","IC Chip (Integrated Circuit) Apple iPhone 8/iPhone 8 Plus/iPhone X Intermediate Frequency PMB 5757 XCVR0 K XCVR1 K Intel Version","Apple","Flat Cable","A","iPhone 8","","","iPhone 8 | iPhone 8 Plus | iPhone X","3","0","draft","candidate_needs_technical_confirmation_not_current_supplier_catalog"
"2026-07-19","historical Mobilax-derived catalog snapshot (supplier label scrubbed)","2026-05-25","3000000327678","IC Chip (Integrated Circuit) Apple iPhone 11/iPhone 11 Pro/iPhone 11 Pro Max Intermediate Frequency PMB5765 5765 XCVR K","Apple","Flat Cable","A","iPhone 11","","","iPhone 11 | iPhone 11 Pro | iPhone 11 Pro Max","3","0","draft","candidate_needs_technical_confirmation_not_current_supplier_catalog"
"2026-07-19","historical Mobilax-derived catalog snapshot (supplier label scrubbed)","2026-05-25","3000000327685","IC Chip (Integrated Circuit) Apple iPhone XR/iPhone XS/iPhone XS Max Intermediate Frequency 5762 U XCVR K WTR","Apple","Flat Cable","A","iPhone XR","","","iPhone XR | iPhone XS | iPhone XS Max","3","0","draft","candidate_needs_technical_confirmation_not_current_supplier_catalog"
"2026-07-19","historical Mobilax-derived catalog snapshot (supplier label scrubbed)","OPPO-2026-05-27","3000000328378","Premium Battery OPPO Reno12 FS 5G/Reno12 FS 4G/Reno12 F (CPH2687)/Reno12 F 5G (CPH2637) BLPA79","OPPO","Batterie","A","RENO12 F 5G CPH2637","","","RENO12 F 5G CPH2637 | RENO12 F CPH2687","2","0","draft","candidate_needs_technical_confirmation_not_current_supplier_catalog"
"2026-07-19","historical Mobilax-derived catalog snapshot (supplier label scrubbed)","REALME-2026-05-27","3000000329368","Premium Fingerprint Reader Realme 12 Pro 5G/12 Pro+","Realme","Flat Cable","A","12 Pro 5G","","","12 Pro 5G | 12 Pro+","2","0","draft","candidate_needs_technical_confirmation_not_current_supplier_catalog"
"2026-07-19","historical Mobilax-derived catalog snapshot (supplier label scrubbed)","REALME-2026-05-27","3000000329375","Premium Connection Flex Cable Realme 12 Pro 5G/12 Pro+","Realme","Flat Cable","A","12 Pro 5G","","","12 Pro 5G | 12 Pro+","2","0","draft","candidate_needs_technical_confirmation_not_current_supplier_catalog"
"2026-07-19","historical Mobilax-derived catalog snapshot (supplier label scrubbed)","REALME-2026-05-27","3000000329405","Premium Sim Tray Realme 12 Pro 5G/12 Pro+ Navigator Beige","Realme","Flat Cable","A","12 Pro 5G","","","12 Pro 5G | 12 Pro+","2","0","draft","candidate_needs_technical_confirmation_not_current_supplier_catalog"
"2026-07-19","historical Mobilax-derived catalog snapshot (supplier label scrubbed)","REALME-2026-05-27","3000000329443","Premium Front Camera Realme 12 5G/12x 5G 8MP","Realme","Fotocamere","A","12 5G","","","12 5G | 12X 5G","2","0","draft","candidate_needs_technical_confirmation_not_current_supplier_catalog"
"2026-07-19","historical Mobilax-derived catalog snapshot (supplier label scrubbed)","REALME-2026-05-27","3000000329498","Premium Main Camera Realme 12+ 5G/12 4G 50MP","Realme","Fotocamere","A","12 4G","","","12 4G | 12+ 5G","2","0","draft","candidate_needs_technical_confirmation_not_current_supplier_catalog"
"2026-07-19","historical Mobilax-derived catalog snapshot (supplier label scrubbed)","REALME-2026-05-27","3000000329511","Premium Power and Volume Flex Cable Realme 12+ 5G/12 4G","Realme","Flat Cable","A","12 4G","","","12 4G | 12+ 5G","2","0","draft","candidate_needs_technical_confirmation_not_current_supplier_catalog"
"2026-07-19","historical Mobilax-derived catalog snapshot (supplier label scrubbed)","REALME-2026-05-27","3000000329528","Premium Fingerprint Reader Realme 12+ 5G/12 4G","Realme","Flat Cable","A","12 4G","","","12 4G | 12+ 5G","2","0","draft","candidate_needs_technical_confirmation_not_current_supplier_catalog"
"2026-07-19","historical Mobilax-derived catalog snapshot (supplier label scrubbed)","REALME-2026-05-27","3000000332351","Original Battery Realme GT 6 5G/GT 6T 621035000086 BLPA51","Realme","Batterie","A","GT 6 5G","","","GT 6 5G | GT 6T","2","0","draft","candidate_needs_technical_confirmation_not_current_supplier_catalog"
"2026-07-19","historical Mobilax-derived catalog snapshot (supplier label scrubbed)","REALME-2026-05-27","3000000332429","Original Display Touchscreen Realme C63/C61 621029000208 Black","Realme","Schermi","A","C61","","","C61 | C63","2","0","draft","candidate_needs_technical_confirmation_not_current_supplier_catalog"
"2026-07-19","historical Mobilax-derived catalog snapshot (supplier label scrubbed)","REALME-2026-05-27","3000000332436","Original Dock Connector Realme C63/C61 621020000610","Realme","Connettori","A","C61","","","C61 | C63","2","0","draft","candidate_needs_technical_confirmation_not_current_supplier_catalog"
"2026-07-19","historical Mobilax-derived catalog snapshot (supplier label scrubbed)","REALME-2026-05-27","3000000332498","Original Dock Connector Realme 12 Pro 5G/12 Pro+ 621024000069","Realme","Connettori","A","12 Pro 5G","","","12 Pro 5G | 12 Pro+","2","0","draft","candidate_needs_technical_confirmation_not_current_supplier_catalog"
"2026-07-19","historical Mobilax-derived catalog snapshot (supplier label scrubbed)","REALME-2026-05-27","3000000332559","Original Dock Connector Realme 12 5G/12x 5G 621024000085","Realme","Connettori","A","12 5G","","","12 5G | 12X 5G","2","0","draft","candidate_needs_technical_confirmation_not_current_supplier_catalog"
"2026-07-19","historical Mobilax-derived catalog snapshot (supplier label scrubbed)","REALME-2026-05-27","3000000332580","Original Battery Realme 12+ 5G/12 4G 621035000080 BLPA43","Realme","Batterie","A","12 4G","","","12 4G | 12+ 5G","2","0","draft","candidate_needs_technical_confirmation_not_current_supplier_catalog"
"2026-07-19","historical Mobilax-derived catalog snapshot (supplier label scrubbed)","REALME-2026-05-27","3000000332610","Original Proximity Flex Cable Realme 12+ 5G/12 4G 621020000411","Realme","Flat Cable","A","12 4G","","","12 4G | 12+ 5G","2","0","draft","candidate_needs_technical_confirmation_not_current_supplier_catalog"
"2026-07-19","historical Mobilax-derived catalog snapshot (supplier label scrubbed)","2026-05-25","3000000333655","Soft Oled Display Touchscreen Apple iPhone 12/iPhone 12 Pro (JK IC Removable) Black","Apple","Schermi","A","iPhone 12","","","iPhone 12 | iPhone 12 Pro","2","0","draft","candidate_needs_technical_confirmation_not_current_supplier_catalog"
"2026-07-19","historical Mobilax-derived catalog snapshot (supplier label scrubbed)","MOTOROLA-2026-05-27","3000000333679","Original Battery Motorola Edge 50 Neo/ThinkPhone 25 SB18E22013 SB18E23273 QV43","Motorola","Batterie","A","Edge 50 Neo","","","Edge 50 Neo | Thinkphone 25","2","0","draft","candidate_needs_technical_confirmation_not_current_supplier_catalog"
"2026-07-19","historical Mobilax-derived catalog snapshot (supplier label scrubbed)","2026-05-25","3000000333921","Incell FHD LTPS Display Touchscreen Apple iPhone 12 Pro/iPhone 12 (JK IC Removable) Black","Apple","Schermi","A","iPhone 12","","","iPhone 12 | iPhone 12 Pro","2","0","draft","candidate_needs_technical_confirmation_not_current_supplier_catalog"
"2026-07-19","historical Mobilax-derived catalog snapshot (supplier label scrubbed)","HONOR-2026-05-27","3000000334218","Premium Loudspeaker Honor 200 Lite/X8b","Honor","Speaker","A","200 Lite","","","200 Lite | X8B","2","0","draft","candidate_needs_technical_confirmation_not_current_supplier_catalog"
"2026-07-19","historical Mobilax-derived catalog snapshot (supplier label scrubbed)","OPPO-2026-05-27","3000000334652","Premium Power and Volume Flex Cable OPPO Reno12 FS 5G/Reno12 F (CPH2687)/Reno12 F 5G (CPH2637)","OPPO","Flat Cable","A","RENO12 F 5G CPH2637","","","RENO12 F 5G CPH2637 | RENO12 F CPH2687","2","0","draft","candidate_needs_technical_confirmation_not_current_supplier_catalog"
"2026-07-19","historical Mobilax-derived catalog snapshot (supplier label scrubbed)","OPPO-2026-05-27","3000000334669","Premium Fingerprint Reader OPPO Reno12 FS 5G/Reno12 FS 4G/Reno12 F (CPH2687)/Reno12 F 5G (CPH2637)","OPPO","Flat Cable","A","RENO12 F 5G CPH2637","","","RENO12 F 5G CPH2637 | RENO12 F CPH2687","2","0","draft","candidate_needs_technical_confirmation_not_current_supplier_catalog"
"2026-07-19","historical Mobilax-derived catalog snapshot (supplier label scrubbed)","OPPO-2026-05-27","3000000334720","Premium Sim Tray OPPO Reno12 FS 5G/Reno12 FS 4G/Reno12 F (CPH2687)/Reno12 F 5G (CPH2637) Amber Orange","OPPO","Flat Cable","A","RENO12 F 5G CPH2637","","","RENO12 F 5G CPH2637 | RENO12 F CPH2687","2","0","draft","candidate_needs_technical_confirmation_not_current_supplier_catalog"
"2026-07-19","historical Mobilax-derived catalog snapshot (supplier label scrubbed)","REALME-2026-05-27","3000000334744","Premium Loudspeaker Realme 12 Pro 5G/12 Pro+","Realme","Speaker","A","12 Pro 5G","","","12 Pro 5G | 12 Pro+","2","0","draft","candidate_needs_technical_confirmation_not_current_supplier_catalog"
"2026-07-19","historical Mobilax-derived catalog snapshot (supplier label scrubbed)","REALME-2026-05-27","3000000335741","OEM Display Touchscreen Realme 12x 5G/12 5G Black","Realme","Schermi","A","12 5G","","","12 5G | 12X 5G","2","0","draft","candidate_needs_technical_confirmation_not_current_supplier_catalog"
"2026-07-19","historical Mobilax-derived catalog snapshot (supplier label scrubbed)","REALME-2026-05-27","3000000335758","Premium Inner Earpiece Realme 12 5G/12x 5G","Realme","Speaker","A","12 5G","","","12 5G | 12X 5G","2","0","draft","candidate_needs_technical_confirmation_not_current_supplier_catalog"
"2026-07-19","historical Mobilax-derived catalog snapshot (supplier label scrubbed)","SAMSUNG-2026-05-25","3000000336182","FPC LCD Connector Samsung Galaxy A14 5G A146P/Galaxy A14 5G A146 40 Pin","Samsung","Schermi","A","Galaxy A14 5G A146","","","Galaxy A14 5G A146 | Galaxy A14 5G A146P","2","0","draft","candidate_needs_technical_confirmation_not_current_supplier_catalog"
"2026-07-19","historical Mobilax-derived catalog snapshot (supplier label scrubbed)","SAMSUNG-2026-05-25","3000000336229","FPC LCD Connector Samsung Galaxy A14 4G A145/Galaxy A14 4G A145F 78 Pin","Samsung","Schermi","A","Galaxy A14 4G A145","","","Galaxy A14 4G A145 | Galaxy A14 4G A145F","2","0","draft","candidate_needs_technical_confirmation_not_current_supplier_catalog"
"2026-07-19","historical Mobilax-derived catalog snapshot (supplier label scrubbed)","SAMSUNG-2026-05-25","3000000336281","FPC LCD Connector Samsung Galaxy A03 A035F/Galaxy A03 A035G 40 Pin","Samsung","Schermi","A","Galaxy A03 A035F","","","Galaxy A03 A035F | Galaxy A03 A035G","2","0","draft","candidate_needs_technical_confirmation_not_current_supplier_catalog"
"2026-07-19","historical Mobilax-derived catalog snapshot (supplier label scrubbed)","SAMSUNG-2026-05-27","3000000336458","FPC LCD Connector Samsung Galaxy S22 S901/Galaxy S22 Plus S906/Galaxy S22 Ultra S908/Galaxy S23 5G S911/Galaxy S23 Plus 5G S916/Galaxy S23 Ultra 5G S918/Galaxy S24 5G S921/Galaxy S24 Plus 5G S926/Galaxy S24 Ultra 5G S928/Galaxy S25 S931/Galaxy S25 Plus S936/Galaxy S25 Ultra S938/Galaxy S26 S942/Galaxy S26 Plus S947/Galaxy S26 Ultra S948 60Pin","Samsung","Schermi","A","Galaxy S22 Plus S906","","","Galaxy S25 S931 | Galaxy S24 Ultra 5G S928 | Galaxy S23 Ultra 5G S918 | Galaxy S22 Ultra S908 | Galaxy S24 Plus 5G S926 | Galaxy S22 Plus S906 | Galaxy S23 5G S911 | Galaxy S25 Plus S936 | Galaxy S26 S942 | Galaxy S23 Plus 5G S916 | Galaxy S22 S901 | Galaxy S25 Ultra S938 | Galaxy S26 Ultra S948 | Galaxy S24 5G S921 | Galaxy S26 Plus S947","15","0","draft","candidate_needs_technical_confirmation_not_current_supplier_catalog"
"2026-07-19","historical Mobilax-derived catalog snapshot (supplier label scrubbed)","2026-05-25","3000000336472","Lens Apple iPhone 16 Pro Max/iPhone 16 Pro Black","Apple","Fotocamere","A","iPhone 16 Pro","","","iPhone 16 Pro | iPhone 16 Pro Max","2","0","draft","candidate_needs_technical_confirmation_not_current_supplier_catalog"
"2026-07-19","historical Mobilax-derived catalog snapshot (supplier label scrubbed)","2026-05-25","3000000336489","Lens Apple iPhone 16/iPhone 16 Plus Black","Apple","Fotocamere","A","iPhone 16","","","iPhone 16 | iPhone 16 Plus","2","0","draft","candidate_needs_technical_confirmation_not_current_supplier_catalog"
"2026-07-19","historical Mobilax-derived catalog snapshot (supplier label scrubbed)","XIAOMI-2026-05-27","3000000337936","Original Pulled Display Touchscreen Xiaomi 14T/14T Pro Black","Xiaomi","Schermi","A","14T","","","14T | 14T Pro","2","0","draft","candidate_needs_technical_confirmation_not_current_supplier_catalog"
"2026-07-19","historical Mobilax-derived catalog snapshot (supplier label scrubbed)","SAMSUNG-2026-05-25","3000000338650","Original Battery Samsung Galaxy A16 5G A166/Galaxy A26 5G A266/Galaxy A16 4G A165/Galaxy A17 5G A176/Galaxy A17 4G A175 GH82-36145A GH82-37053A GH82-36255A   GH82-38076A  EB-BA166ASE","Samsung","Batterie","A","Galaxy A16 4G A165","","","Galaxy A16 4G A165 | Galaxy A16 5G A166 | Galaxy A17 4G A175 | Galaxy A17 5G A176 | Galaxy A26 5G A266","5","0","draft","candidate_needs_technical_confirmation_not_current_supplier_catalog"
"2026-07-19","historical Mobilax-derived catalog snapshot (supplier label scrubbed)","SAMSUNG-2026-05-25","3000000338742","Original Macro Sensor Samsung Galaxy A16 5G A166/Galaxy A16 4G A165/Galaxy A26 5G A266/Galaxy A17 5G A176/Galaxy A17 4G A175 GH96-18436A 2MP","Samsung","Flat Cable","A","Galaxy A16 4G A165","","","Galaxy A16 4G A165 | Galaxy A16 5G A166 | Galaxy A17 4G A175 | Galaxy A17 5G A176 | Galaxy A26 5G A266","5","0","draft","candidate_needs_technical_confirmation_not_current_supplier_catalog"
"2026-07-19","historical Mobilax-derived catalog snapshot (supplier label scrubbed)","SAMSUNG-2026-05-25","3000000338759","Original Main Camera Samsung Galaxy A16 5G A166/Galaxy A16 4G A165 GH96-18437A 50MP","Samsung","Fotocamere","A","Galaxy A16 4G A165","","","Galaxy A16 4G A165 | Galaxy A16 5G A166","2","0","draft","candidate_needs_technical_confirmation_not_current_supplier_catalog"
"2026-07-19","historical Mobilax-derived catalog snapshot (supplier label scrubbed)","SAMSUNG-2026-05-25","3000000338766","Premium Main Camera Samsung Galaxy A16 5G A166/Galaxy A16 4G A165 50MP","Samsung","Fotocamere","A","Galaxy A16 4G A165","","","Galaxy A16 4G A165 | Galaxy A16 5G A166","2","0","draft","candidate_needs_technical_confirmation_not_current_supplier_catalog"
"2026-07-19","historical Mobilax-derived catalog snapshot (supplier label scrubbed)","SAMSUNG-2026-05-25","3000000338773","Original Ultra Wide Angle Camera Samsung Galaxy A16 5G A166/Galaxy A16 4G A165/Galaxy A17 5G A176/Galaxy A17 4G A175 GH96-18438A 5MP","Samsung","Fotocamere","A","Galaxy A16 4G A165","","","Galaxy A16 4G A165 | Galaxy A16 5G A166 | Galaxy A17 4G A175 | Galaxy A17 5G A176","4","0","draft","candidate_needs_technical_confirmation_not_current_supplier_catalog"
"2026-07-19","historical Mobilax-derived catalog snapshot (supplier label scrubbed)","SAMSUNG-2026-05-25","3000000338780","Premium Ultra Wide Angle Camera Samsung Galaxy A16 5G A166/Galaxy A16 4G A165/Galaxy A17 5G A176 5MP","Samsung","Fotocamere","A","Galaxy A16 4G A165","","","Galaxy A16 4G A165 | Galaxy A16 5G A166 | Galaxy A17 4G A175 | Galaxy A17 5G A176","4","0","draft","candidate_needs_technical_confirmation_not_current_supplier_catalog"
"2026-07-19","historical Mobilax-derived catalog snapshot (supplier label scrubbed)","SAMSUNG-2026-05-25","3000000338797","Original Front Camera Samsung Galaxy A16 5G A166/Galaxy A16 4G A165/Galaxy A17 5G A176/Galaxy A17 4G A175 GH96-18469A 13MP","Samsung","Fotocamere","A","Galaxy A16 4G A165","","","Galaxy A16 4G A165 | Galaxy A16 5G A166 | Galaxy A17 4G A175 | Galaxy A17 5G A176","4","0","draft","candidate_needs_technical_confirmation_not_current_supplier_catalog"
"2026-07-19","historical Mobilax-derived catalog snapshot (supplier label scrubbed)","SAMSUNG-2026-05-25","3000000338803","Premium Front Camera Samsung Galaxy A16 5G A166/Galaxy A16 4G A165/Galaxy A17 5G A176/Galaxy A17 4G A175 13MP","Samsung","Fotocamere","A","Galaxy A16 4G A165","","","Galaxy A16 4G A165 | Galaxy A16 5G A166 | Galaxy A17 4G A175 | Galaxy A17 5G A176","4","0","draft","candidate_needs_technical_confirmation_not_current_supplier_catalog"
"2026-07-19","historical Mobilax-derived catalog snapshot (supplier label scrubbed)","SAMSUNG-2026-05-25","3000000338933","Premium Connection Flex Cable Samsung Galaxy A16 5G A166/Galaxy A16 4G A165/Galaxy A17 5G A176/Galaxy A17 4G A175","Samsung","Flat Cable","A","Galaxy A16 4G A165","","","Galaxy A16 4G A165 | Galaxy A16 5G A166 | Galaxy A17 4G A175 | Galaxy A17 5G A176","4","0","draft","candidate_needs_technical_confirmation_not_current_supplier_catalog"
"2026-07-19","historical Mobilax-derived catalog snapshot (supplier label scrubbed)","SAMSUNG-2026-05-25","3000000338940","Original Connection Flex Cable Samsung Galaxy A16 5G A166/Galaxy A16 4G A165/Galaxy A17 5G A176/Galaxy A17 4G A175 GH82-36147A","Samsung","Flat Cable","A","Galaxy A16 4G A165","","","Galaxy A16 4G A165 | Galaxy A16 5G A166 | Galaxy A17 4G A175 | Galaxy A17 5G A176","4","0","draft","candidate_needs_technical_confirmation_not_current_supplier_catalog"
"2026-07-19","historical Mobilax-derived catalog snapshot (supplier label scrubbed)","XIAOMI-2026-05-27","3000000339374","Premium Telephoto Lens Xiaomi 14T/14T Pro 50MP","Xiaomi","Fotocamere","A","14T","","","14T | 14T Pro","2","0","draft","candidate_needs_technical_confirmation_not_current_supplier_catalog"
"2026-07-19","historical Mobilax-derived catalog snapshot (supplier label scrubbed)","XIAOMI-2026-05-27","3000000339381","Premium Ultra Wide Angle Camera Xiaomi 14T/14T Pro 12MP","Xiaomi","Fotocamere","A","14T","","","14T | 14T Pro","2","0","draft","candidate_needs_technical_confirmation_not_current_supplier_catalog"
"2026-07-19","historical Mobilax-derived catalog snapshot (supplier label scrubbed)","XIAOMI-2026-05-27","3000000339398","Premium Front Camera Xiaomi 14T/14T Pro 32MP","Xiaomi","Fotocamere","A","14T","","","14T | 14T Pro","2","0","draft","candidate_needs_technical_confirmation_not_current_supplier_catalog"
"2026-07-19","historical Mobilax-derived catalog snapshot (supplier label scrubbed)","OPPO-2026-05-27","3000000339442","Premium Inner Earpiece OPPO A60 4G (CPH2631)/Reno12 FS 5G/Reno12 FS 4G/Reno12 F (CPH2687)/Reno12 F 5G (CPH2637)","OPPO","Speaker","A","A60 4G CPH2631","","","A60 4G CPH2631 | RENO12 F 5G CPH2637 | RENO12 F CPH2687","3","0","draft","candidate_needs_technical_confirmation_not_current_supplier_catalog"
"2026-07-19","historical Mobilax-derived catalog snapshot (supplier label scrubbed)","SAMSUNG-2026-05-27","3000000339534","Original Fingerprint Reader Samsung Galaxy S24 FE S721B/Galaxy S25 FE S731 GH96-17706A","Samsung","Flat Cable","A","Galaxy S24 FE S721B","","","Galaxy S25 FE S731 | Galaxy S24 FE S721B","2","0","draft","candidate_needs_technical_confirmation_not_current_supplier_catalog"
"2026-07-19","historical Mobilax-derived catalog snapshot (supplier label scrubbed)","SAMSUNG-2026-05-27","3000000339541","Premium Fingerprint Reader Samsung Galaxy S24 FE S721B/Galaxy S25 FE S731","Samsung","Flat Cable","A","Galaxy S24 FE S721B","","","Galaxy S25 FE S731 | Galaxy S24 FE S721B","2","0","draft","candidate_needs_technical_confirmation_not_current_supplier_catalog"
"2026-07-19","historical Mobilax-derived catalog snapshot (supplier label scrubbed)","HONOR-2026-05-27","3000000339565","Premium Ultra Wide Angle Camera Honor Magic 6 Pro/Magic 7 Pro 50 MP","Honor","Fotocamere","A","Magic 6 Pro","","","Magic 6 Pro | Magic 7 Pro","2","0","draft","candidate_needs_technical_confirmation_not_current_supplier_catalog"
"2026-07-19","historical Mobilax-derived catalog snapshot (supplier label scrubbed)","2026-05-25","3000000342749","On/Off and Volume Button Apple iPhone 16/iPhone 16 Plus Pink","Apple","Flat Cable","A","iPhone 16","","","iPhone 16 | iPhone 16 Plus","2","0","draft","candidate_needs_technical_confirmation_not_current_supplier_catalog"
"2026-07-19","historical Mobilax-derived catalog snapshot (supplier label scrubbed)","2026-05-25","3000000342756","On/Off and Volume Button Apple iPhone 16/iPhone 16 Plus Teal","Apple","Flat Cable","A","iPhone 16","","","iPhone 16 | iPhone 16 Plus","2","0","draft","candidate_needs_technical_confirmation_not_current_supplier_catalog"
"2026-07-19","historical Mobilax-derived catalog snapshot (supplier label scrubbed)","2026-05-25","3000000342763","On/Off and Volume Button Apple iPhone 16/iPhone 16 Plus White","Apple","Flat Cable","A","iPhone 16","","","iPhone 16 | iPhone 16 Plus","2","0","draft","candidate_needs_technical_confirmation_not_current_supplier_catalog"
"2026-07-19","historical Mobilax-derived catalog snapshot (supplier label scrubbed)","2026-05-25","3000000342770","On/Off and Volume Button Apple iPhone 16/iPhone 16 Plus Black","Apple","Flat Cable","A","iPhone 16","","","iPhone 16 | iPhone 16 Plus","2","0","draft","candidate_needs_technical_confirmation_not_current_supplier_catalog"
"2026-07-19","historical Mobilax-derived catalog snapshot (supplier label scrubbed)","2026-05-25","3000000342787","On/Off and Volume Button Apple iPhone 16/iPhone 16 Plus Ultramarine","Apple","Flat Cable","A","iPhone 16","","","iPhone 16 | iPhone 16 Plus","2","0","draft","candidate_needs_technical_confirmation_not_current_supplier_catalog"
"2026-07-19","historical Mobilax-derived catalog snapshot (supplier label scrubbed)","REALME-2026-05-27","3000000342947","Premium Power and Volume Flex Cable Realme C63/C61","Realme","Flat Cable","A","C61","","","C61 | C63","2","0","draft","candidate_needs_technical_confirmation_not_current_supplier_catalog"
"2026-07-19","historical Mobilax-derived catalog snapshot (supplier label scrubbed)","REALME-2026-05-27","3000000342978","Premium Front Camera Realme C63/C61 8MP","Realme","Fotocamere","A","C61","","","C61 | C63","2","0","draft","candidate_needs_technical_confirmation_not_current_supplier_catalog"
"2026-07-19","historical Mobilax-derived catalog snapshot (supplier label scrubbed)","REALME-2026-05-27","3000000342985","Premium Main Camera Realme C63/C61 50MP","Realme","Fotocamere","A","C61","","","C61 | C63","2","0","draft","candidate_needs_technical_confirmation_not_current_supplier_catalog"
"2026-07-19","historical Mobilax-derived catalog snapshot (supplier label scrubbed)","REALME-2026-05-27","3000000342992","Premium Fingerprint Reader Realme GT 6 5G/GT 6T","Realme","Flat Cable","A","GT 6 5G","","","GT 6 5G | GT 6T","2","0","draft","candidate_needs_technical_confirmation_not_current_supplier_catalog"
"2026-07-19","historical Mobilax-derived catalog snapshot (supplier label scrubbed)","XIAOMI-2026-05-27","3000000343128","Premium Vibrator Xiaomi Redmi 12 4G/Redmi 12 5G","Xiaomi","Flat Cable","A","Redmi 12 4G","","","Redmi 12 4G | Redmi 12 5G","2","0","draft","candidate_needs_technical_confirmation_not_current_supplier_catalog"
"2026-07-19","historical Mobilax-derived catalog snapshot (supplier label scrubbed)","XIAOMI-2026-05-27","3000000343173","Premium Power and Volume Flex Cable Xiaomi 14T/14T Pro","Xiaomi","Flat Cable","A","14T","","","14T | 14T Pro","2","0","draft","candidate_needs_technical_confirmation_not_current_supplier_catalog"
"2026-07-19","historical Mobilax-derived catalog snapshot (supplier label scrubbed)","REALME-2026-05-27","3000000343241","Premium SIM Reader Realme GT 6 5G/GT 6T","Realme","Flat Cable","A","GT 6 5G","","","GT 6 5G | GT 6T","2","0","draft","candidate_needs_technical_confirmation_not_current_supplier_catalog"
"2026-07-19","historical Mobilax-derived catalog snapshot (supplier label scrubbed)","OPPO-2026-05-27","3000000344088","Premium Loudspeaker OPPO A60 4G (CPH2631)/A80 5G","OPPO","Speaker","A","A60 4G CPH2631","","","A60 4G CPH2631 | A80 5G","2","0","draft","candidate_needs_technical_confirmation_not_current_supplier_catalog"
"2026-07-19","historical Mobilax-derived catalog snapshot (supplier label scrubbed)","HONOR-2026-05-27","3000000345337","Premium Inner Earpiece Honor 200 Pro/200 5G/Magic 7 Lite 5G/Magic 8 Lite 5G","Honor","Speaker","A","200 5G","","","200 5G | 200 Pro | Magic 7 Lite 5G | Magic 8 Lite 5G","4","0","draft","candidate_needs_technical_confirmation_not_current_supplier_catalog"
"2026-07-19","historical Mobilax-derived catalog snapshot (supplier label scrubbed)","REALME-2026-05-27","3000000345405","Premium Inner Earpiece Realme 12+ 5G/12 4G","Realme","Speaker","A","12 4G","","","12 4G | 12+ 5G","2","0","draft","candidate_needs_technical_confirmation_not_current_supplier_catalog"
"2026-07-19","historical Mobilax-derived catalog snapshot (supplier label scrubbed)","REALME-2026-05-27","3000000345580","Premium Inner Earpiece Realme C63/C61/Note 60","Realme","Speaker","A","C61","","","C61 | C63 | Note 60","3","0","draft","candidate_needs_technical_confirmation_not_current_supplier_catalog"
"2026-07-19","historical Mobilax-derived catalog snapshot (supplier label scrubbed)","2026-05-25","3000000345863","Battery High Capacity without BMS QianLi for Apple iPhone 12/iPhone 12 Pro (3240mAh)","Apple","Batterie","A","iPhone 12","","","iPhone 12 | iPhone 12 Pro","2","0","draft","candidate_needs_technical_confirmation_not_current_supplier_catalog"
"2026-07-19","historical Mobilax-derived catalog snapshot (supplier label scrubbed)","2026-05-25","3000000345962","Premium Plus Display Touchscreen Incell FHD LTPS Apple iPhone 12/iPhone 12 Pro (COF IC Removable) *1 Year All-Breakage Warranty* Black","Apple","Schermi","A","iPhone 12","","","iPhone 12 | iPhone 12 Pro","2","0","draft","candidate_needs_technical_confirmation_not_current_supplier_catalog"
"2026-07-19","historical Mobilax-derived catalog snapshot (supplier label scrubbed)","REALME-2026-05-27","3000000346051","Original Battery Realme 6/6 Pro/6s 4903663 BLP757","Realme","Batterie","A","6","","","6 | 6 Pro","2","0","draft","candidate_needs_technical_confirmation_not_current_supplier_catalog"
"2026-07-19","historical Mobilax-derived catalog snapshot (supplier label scrubbed)","REALME-2026-05-27","3000000346198","Premium Loudspeaker Realme C63/C61","Realme","Speaker","A","C61","","","C61 | C63","2","0","draft","candidate_needs_technical_confirmation_not_current_supplier_catalog"
"2026-07-19","historical Mobilax-derived catalog snapshot (supplier label scrubbed)","XIAOMI-2026-05-27","3000000347089","Premium Lens Xiaomi 14T/14T Pro Black","Xiaomi","Fotocamere","A","14T","","","14T | 14T Pro","2","0","draft","candidate_needs_technical_confirmation_not_current_supplier_catalog"
"2026-07-19","historical Mobilax-derived catalog snapshot (supplier label scrubbed)","REALME-2026-05-27","3000000349427","Premium Sim Tray Realme 12 Pro 5G/12 Pro+ Submarine Blue","Realme","Flat Cable","A","12 Pro 5G","","","12 Pro 5G | 12 Pro+","2","0","draft","candidate_needs_technical_confirmation_not_current_supplier_catalog"
"2026-07-19","historical Mobilax-derived catalog snapshot (supplier label scrubbed)","2026-05-25","3000000349748","Screw Kit Apple iPhone 16/iPhone 16 Plus/iPhone 16 Pro/iPhone 16 Pro Max (x100) Black","Apple","Flat Cable","A","iPhone 16","","","iPhone 16 | iPhone 16 Plus | iPhone 16 Pro | iPhone 16 Pro Max","4","0","draft","candidate_needs_technical_confirmation_not_current_supplier_catalog"
"2026-07-19","historical Mobilax-derived catalog snapshot (supplier label scrubbed)","2026-05-25","3000000349847","Screw Kit Apple iPhone 16 Pro/iPhone 16 Pro Max (x100) Titanium Sand","Apple","Flat Cable","A","iPhone 16 Pro","","","iPhone 16 Pro | iPhone 16 Pro Max","2","0","draft","candidate_needs_technical_confirmation_not_current_supplier_catalog"
"2026-07-19","historical Mobilax-derived catalog snapshot (supplier label scrubbed)","2026-05-25","3000000349854","Screw Kit Apple iPhone 16/iPhone 16 Plus/iPhone 16 Pro/iPhone 16 Pro Max (x100) Silver","Apple","Flat Cable","A","iPhone 16","","","iPhone 16 | iPhone 16 Plus | iPhone 16 Pro | iPhone 16 Pro Max","4","0","draft","candidate_needs_technical_confirmation_not_current_supplier_catalog"
"2026-07-19","historical Mobilax-derived catalog snapshot (supplier label scrubbed)","OPPO-2026-05-27","3000000349861","Original Dock Connector OPPO A74 5G/A54 5G 4968992 4969879 4969888","OPPO","Connettori","A","A54 5G","","","A54 5G | A74 5G","2","0","draft","candidate_needs_technical_confirmation_not_current_supplier_catalog"
"2026-07-19","historical Mobilax-derived catalog snapshot (supplier label scrubbed)","SAMSUNG-2026-05-25","3000000349892","Original Lens Samsung Galaxy  A24 4G A245/Galaxy A25 4G A255 Ultra Wide Angle Camera GH64-09110A","Samsung","Fotocamere","A","Galaxy A24 4G A245","","","Galaxy A24 4G A245 | Galaxy A25 4G A255","2","0","draft","candidate_needs_technical_confirmation_not_current_supplier_catalog"
"2026-07-19","historical Mobilax-derived catalog snapshot (supplier label scrubbed)","MOTOROLA-2026-05-27","3000000350126","Original Dock Connector Motorola Moto E30/Moto E40 5P68C19714","Motorola","Connettori","A","Moto E30","","","Moto E30 | Moto E40","2","0","draft","candidate_needs_technical_confirmation_not_current_supplier_catalog"
"2026-07-19","historical Mobilax-derived catalog snapshot (supplier label scrubbed)","MOTOROLA-2026-05-27","3000000350256","Original Battery Motorola Moto G52/Moto G72 5G/Moto G82 5G SB18D38323 SB18D50387 NE50","Motorola","Batterie","A","Moto G52","","","Moto G52 | Moto G72 5G | Moto G82 5G","3","0","draft","candidate_needs_technical_confirmation_not_current_supplier_catalog"
"2026-07-19","historical Mobilax-derived catalog snapshot (supplier label scrubbed)","MOTOROLA-2026-05-27","3000000350263","Original Battery Motorola Moto G32/Moto G41 SB18D50763 SB18D20540 NC50","Motorola","Batterie","A","Moto G32","","","Moto G32 | Moto G41","2","0","draft","candidate_needs_technical_confirmation_not_current_supplier_catalog"
"2026-07-19","historical Mobilax-derived catalog snapshot (supplier label scrubbed)","XIAOMI-2026-05-27","3000000350898","Original Battery Xiaomi 13T/Poco X6 Pro 5G/Poco M6 Pro 4G/Redmi Note 13 Pro 4G/14T/Redmi Note 14S 1330102000125B 1330102000122B  1330102000110B  BM5T","Xiaomi","Batterie","A","Poco M6 Pro 4G","","","Poco M6 Pro 4G | Poco X6 Pro 5G","2","0","draft","candidate_needs_technical_confirmation_not_current_supplier_catalog"
"2026-07-19","historical Mobilax-derived catalog snapshot (supplier label scrubbed)","XIAOMI-2026-05-27","3000000350904","Premium Loudspeaker Xiaomi 14T/14T Pro","Xiaomi","Speaker","A","14T","","","14T | 14T Pro","2","0","draft","candidate_needs_technical_confirmation_not_current_supplier_catalog"
"2026-07-19","historical Mobilax-derived catalog snapshot (supplier label scrubbed)","HONOR-2026-05-27","3000000351086","Original Battery Honor X6a/X6b/200 Smart 2402AADE HB476594EGW","Honor","Batterie","A","X6A","","","X6A | X6B","2","0","draft","candidate_needs_technical_confirmation_not_current_supplier_catalog"
"2026-07-19","historical Mobilax-derived catalog snapshot (supplier label scrubbed)","REALME-2026-05-27","3000000351543","Original Dock Connector Realme 12+ 5G/12 4G 621024000075","Realme","Connettori","A","12 4G","","","12 4G | 12+ 5G","2","0","draft","candidate_needs_technical_confirmation_not_current_supplier_catalog"
"2026-07-19","historical Mobilax-derived catalog snapshot (supplier label scrubbed)","MOTOROLA-2026-05-27","3000000351581","Premium Battery Motorola Edge 50 Neo/ThinkPhone 25 QV43","Motorola","Batterie","A","Edge 50 Neo","","","Edge 50 Neo | Thinkphone 25","2","0","draft","candidate_needs_technical_confirmation_not_current_supplier_catalog"
"2026-07-19","historical Mobilax-derived catalog snapshot (supplier label scrubbed)","REALME-2026-05-27","3000000351918","Premium Lens Realme C63/C61 Black","Realme","Fotocamere","A","C61","","","C61 | C63","2","0","draft","candidate_needs_technical_confirmation_not_current_supplier_catalog"
"2026-07-19","historical Mobilax-derived catalog snapshot (supplier label scrubbed)","OPPO-2026-05-27","3000000351994","Oled Display Touchscreen OPPO A94 5G/A94 4G/F19 Pro/Reno5 Lite Black","OPPO","Schermi","A","A94 4G","","","A94 4G | A94 5G","2","0","draft","candidate_needs_technical_confirmation_not_current_supplier_catalog"
"2026-07-19","historical Mobilax-derived catalog snapshot (supplier label scrubbed)","SAMSUNG-2026-05-25","3000000352007","Oled Display Touchscreen Samsung Galaxy A16 5G A166/Galaxy A16 4G A165 (Original Size) Black","Samsung","Schermi","A","Galaxy A16 4G A165","","","Galaxy A16 4G A165 | Galaxy A16 5G A166","2","0","draft","candidate_needs_technical_confirmation_not_current_supplier_catalog"
"2026-07-19","historical Mobilax-derived catalog snapshot (supplier label scrubbed)","OPPO-2026-05-27","3000000352380","Original Battery OPPO Reno12 F 5G (CPH2637)/Reno12 FS 5G/Reno12 F (CPH2687) 621035000150 BLPA79","OPPO","Batterie","A","RENO12 F 5G CPH2637","","","RENO12 F 5G CPH2637 | RENO12 F CPH2687","2","0","draft","candidate_needs_technical_confirmation_not_current_supplier_catalog"
"2026-07-19","historical Mobilax-derived catalog snapshot (supplier label scrubbed)","SAMSUNG-2026-05-25","3000000352687","Premium Lens Samsung Galaxy A16 5G A166/Galaxy A16 4G A165 Black","Samsung","Fotocamere","A","Galaxy A16 4G A165","","","Galaxy A16 4G A165 | Galaxy A16 5G A166","2","0","draft","candidate_needs_technical_confirmation_not_current_supplier_catalog"
"2026-07-19","historical Mobilax-derived catalog snapshot (supplier label scrubbed)","XIAOMI-2026-05-27","3000000353448","Original Pulled Display Touchscreen Xiaomi Redmi Note 14 5G/Redmi Note 14 4G Version Global Black","Xiaomi","Schermi","A","Redmi Note 14 4G","","","Redmi Note 14 4G | Redmi Note 14 5G","2","0","draft","candidate_needs_technical_confirmation_not_current_supplier_catalog"
"2026-07-19","historical Mobilax-derived catalog snapshot (supplier label scrubbed)","XIAOMI-2026-05-27","3000000353684","Premium Front Camera Xiaomi Redmi Note 14 Pro+ 5G/Redmi Note 14 5G/Redmi Note 14 Pro 5G/Poco F7 Pro 5G/Poco M7 Pro 5G/Poco X7 Pro 5G/Redmi Note 14 4G/Poco F7 5G/Poco X8 Pro 5G/Poco X8 Pro Max 20MP","Xiaomi","Fotocamere","A","Poco F7 5G","","","Poco X7 Pro 5G | Poco F7 5G | Poco F7 Pro 5G | Poco M7 Pro 5G | Poco X8 Pro 5G | Poco X8 Pro Max","6","0","draft","candidate_needs_technical_confirmation_not_current_supplier_catalog"
"2026-07-19","historical Mobilax-derived catalog snapshot (supplier label scrubbed)","REALME-2026-05-27","3000000353943","Original Battery Realme C61/C63 621035000098 BLPA83","Realme","Batterie","A","C61","","","C61 | C63","2","0","draft","candidate_needs_technical_confirmation_not_current_supplier_catalog"
"2026-07-19","historical Mobilax-derived catalog snapshot (supplier label scrubbed)","HONOR-2026-05-27","3000000354681","Premium Fingerprint Reader Honor 200 Pro/X8C/400 Lite","Honor","Flat Cable","A","200 Pro","","","200 Pro | 400 Lite | X8C","3","0","draft","candidate_needs_technical_confirmation_not_current_supplier_catalog"
"2026-07-19","historical Mobilax-derived catalog snapshot (supplier label scrubbed)","XIAOMI-2026-05-27","3000000354803","Original Battery Xiaomi Redmi 12 4G/Redmi 12 5G 1330101000132B BM5R","Xiaomi","Batterie","A","Redmi 12 4G","","","Redmi 12 4G | Redmi 12 5G","2","0","draft","candidate_needs_technical_confirmation_not_current_supplier_catalog"
"2026-07-19","historical Mobilax-derived catalog snapshot (supplier label scrubbed)","2026-05-25","3000000355572","FPC Connector Apple iPhone 16/iPhone 16 Plus Caméra Avant 14 Pins","Apple","Connettori","A","iPhone 16","","","iPhone 16 | iPhone 16 Plus","2","0","draft","candidate_needs_technical_confirmation_not_current_supplier_catalog"
"2026-07-19","historical Mobilax-derived catalog snapshot (supplier label scrubbed)","2026-05-25","3000000355589","FPC Connector Apple iPhone 16/iPhone 16 Plus Camera Ultra Wide 22 Pins","Apple","Connettori","A","iPhone 16","","","iPhone 16 | iPhone 16 Plus","2","0","draft","candidate_needs_technical_confirmation_not_current_supplier_catalog"
"2026-07-19","historical Mobilax-derived catalog snapshot (supplier label scrubbed)","2026-05-25","3000000355596","FPC Connector Apple iPhone 16/iPhone 16 Plus Batterie 4 Pins","Apple","Connettori","A","iPhone 16","","","iPhone 16 | iPhone 16 Plus","2","0","draft","candidate_needs_technical_confirmation_not_current_supplier_catalog"
"2026-07-19","historical Mobilax-derived catalog snapshot (supplier label scrubbed)","2026-05-25","3000000355602","FPC Connector Apple iPhone 16/iPhone 16 Plus Infrared Camera 26 pins","Apple","Connettori","A","iPhone 16","","","iPhone 16 | iPhone 16 Plus","2","0","draft","candidate_needs_technical_confirmation_not_current_supplier_catalog"
"2026-07-19","historical Mobilax-derived catalog snapshot (supplier label scrubbed)","2026-05-25","3000000355619","FPC Connector Apple iPhone 16/iPhone 16 Plus Proximity Sensor 12 Pins","Apple","Connettori","A","iPhone 16","","","iPhone 16 | iPhone 16 Plus","2","0","draft","candidate_needs_technical_confirmation_not_current_supplier_catalog"
"2026-07-19","historical Mobilax-derived catalog snapshot (supplier label scrubbed)","2026-05-25","3000000355626","FPC Connector Apple iPhone 16/iPhone 16 Plus Screen and Touch 48 Pins","Apple","Connettori","A","iPhone 16","","","iPhone 16 | iPhone 16 Plus","2","0","draft","candidate_needs_technical_confirmation_not_current_supplier_catalog"
"2026-07-19","historical Mobilax-derived catalog snapshot (supplier label scrubbed)","2026-05-25","3000000355671","FPC Connector Apple iPhone 14/iPhone 14 Plus Infrared 16 Pins","Apple","Connettori","A","iPhone 14","","","iPhone 14 | iPhone 14 Plus","2","0","draft","candidate_needs_technical_confirmation_not_current_supplier_catalog"
"2026-07-19","historical Mobilax-derived catalog snapshot (supplier label scrubbed)","2026-05-25","3000000355688","FPC Connector Apple iPhone 14/iPhone 14 Plus Alimentation 12 Pins","Apple","Connettori","A","iPhone 14","","","iPhone 14 | iPhone 14 Plus","2","0","draft","candidate_needs_technical_confirmation_not_current_supplier_catalog"
"2026-07-19","historical Mobilax-derived catalog snapshot (supplier label scrubbed)","2026-05-25","3000000355701","FPC Connector Apple iPhone 14/iPhone 14 Plus Charge Connector 28 Pins","Apple","Connettori","A","iPhone 14","","","iPhone 14 | iPhone 14 Plus","2","0","draft","candidate_needs_technical_confirmation_not_current_supplier_catalog"
"2026-07-19","historical Mobilax-derived catalog snapshot (supplier label scrubbed)","2026-05-25","3000000355718","FPC Connector Apple iPhone 14/iPhone 14 Pro/iPhone 14 Pro Max/iPhone 14 Plus Internal 22 Pin Earphone","Apple","Connettori","A","iPhone 14","","","iPhone 14 | iPhone 14 Plus | iPhone 14 Pro | iPhone 14 Pro Max","4","0","draft","candidate_needs_technical_confirmation_not_current_supplier_catalog"
"2026-07-19","historical Mobilax-derived catalog snapshot (supplier label scrubbed)","2026-05-25","3000000355725","FPC Connector Apple iPhone 14/iPhone 14 Pro/iPhone 14 Pro Max/iPhone 14 Plus Battery 4 Pins","Apple","Connettori","A","iPhone 14","","","iPhone 14 | iPhone 14 Plus | iPhone 14 Pro | iPhone 14 Pro Max","4","0","draft","candidate_needs_technical_confirmation_not_current_supplier_catalog"
"2026-07-19","historical Mobilax-derived catalog snapshot (supplier label scrubbed)","2026-05-25","3000000355732","FPC Connector Apple iPhone 14/iPhone 14 Plus LCD Display and 48 Pin Digitizer","Apple","Connettori","A","iPhone 14","","","iPhone 14 | iPhone 14 Plus","2","0","draft","candidate_needs_technical_confirmation_not_current_supplier_catalog"
"2026-07-19","historical Mobilax-derived catalog snapshot (supplier label scrubbed)","2026-05-25","3000000355749","FPC Connector Apple iPhone 14/iPhone 14 Pro/iPhone 14 Pro Max/iPhone 14 Plus Millimetre Wave Antenna 8 Pins","Apple","Connettori","A","iPhone 14","","","iPhone 14 | iPhone 14 Plus | iPhone 14 Pro | iPhone 14 Pro Max","4","0","draft","candidate_needs_technical_confirmation_not_current_supplier_catalog"
"2026-07-19","historical Mobilax-derived catalog snapshot (supplier label scrubbed)","2026-05-25","3000000355831","FPC Connector Apple iPhone 14/iPhone 14 Plus Lecteur SIM 22 Pins","Apple","Connettori","A","iPhone 14","","","iPhone 14 | iPhone 14 Plus","2","0","draft","candidate_needs_technical_confirmation_not_current_supplier_catalog"
"2026-07-19","historical Mobilax-derived catalog snapshot (supplier label scrubbed)","2026-05-25","3000000355848","FPC Connector Apple iPhone 14/iPhone 14 Plus Caméra - Telephoto 22 Pins","Apple","Connettori","A","iPhone 14","","","iPhone 14 | iPhone 14 Plus","2","0","draft","candidate_needs_technical_confirmation_not_current_supplier_catalog"
"2026-07-19","historical Mobilax-derived catalog snapshot (supplier label scrubbed)","2026-05-25","3000000355855","FPC Connector Apple iPhone 14/iPhone 14 Plus Caméra - Wide 22 Pins","Apple","Connettori","A","iPhone 14","","","iPhone 14 | iPhone 14 Plus","2","0","draft","candidate_needs_technical_confirmation_not_current_supplier_catalog"
"2026-07-19","historical Mobilax-derived catalog snapshot (supplier label scrubbed)","2026-05-25","3000000355879","FPC Connector Apple iPhone 14/iPhone 14 Plus Front Camera 14 pins","Apple","Connettori","A","iPhone 14","","","iPhone 14 | iPhone 14 Plus","2","0","draft","candidate_needs_technical_confirmation_not_current_supplier_catalog"
"2026-07-19","historical Mobilax-derived catalog snapshot (supplier label scrubbed)","2026-05-25","3000000355893","FPC Connector Apple iPhone 14/iPhone 14 Plus Flash and Antenna NFC 18 Pin","Apple","Connettori","A","iPhone 14","","","iPhone 14 | iPhone 14 Plus","2","0","draft","candidate_needs_technical_confirmation_not_current_supplier_catalog"
"2026-07-19","historical Mobilax-derived catalog snapshot (supplier label scrubbed)","2026-05-25","3000000355909","FPC Connector Apple iPhone 14 Pro/iPhone 14 Pro Max Flash 16 Pins","Apple","Connettori","A","iPhone 14 Pro","","","iPhone 14 Pro | iPhone 14 Pro Max","2","0","draft","candidate_needs_technical_confirmation_not_current_supplier_catalog"
"2026-07-19","historical Mobilax-derived catalog snapshot (supplier label scrubbed)","SAMSUNG-2026-05-27","3000000355961","Premium Sim Tray for Samsung Galaxy S25 S931/Galaxy S25 Plus S936 Night Blue","Samsung","Flat Cable","A","Galaxy S25 Plus S936","","","Galaxy S25 S931 | Galaxy S25 Plus S936","2","0","draft","candidate_needs_technical_confirmation_not_current_supplier_catalog"
"2026-07-19","historical Mobilax-derived catalog snapshot (supplier label scrubbed)","SAMSUNG-2026-05-27","3000000355985","Premium Sim Tray Samsung Galaxy S25 S931/Galaxy S25 Plus S936 Grey","Samsung","Flat Cable","A","Galaxy S25 Plus S936","","","Galaxy S25 S931 | Galaxy S25 Plus S936","2","0","draft","candidate_needs_technical_confirmation_not_current_supplier_catalog"
"2026-07-19","historical Mobilax-derived catalog snapshot (supplier label scrubbed)","SAMSUNG-2026-05-27","3000000355992","Premium Sim Tray Samsung Galaxy S25 S931/Galaxy S25 Plus S936 Clear Blue","Samsung","Flat Cable","A","Galaxy S25 Plus S936","","","Galaxy S25 S931 | Galaxy S25 Plus S936","2","0","draft","candidate_needs_technical_confirmation_not_current_supplier_catalog"
"2026-07-19","historical Mobilax-derived catalog snapshot (supplier label scrubbed)","SAMSUNG-2026-05-27","3000000356005","Premium Sim Tray Samsung Galaxy S25 S931/Galaxy S25 Plus S936 Water Green","Samsung","Flat Cable","A","Galaxy S25 Plus S936","","","Galaxy S25 S931 | Galaxy S25 Plus S936","2","0","draft","candidate_needs_technical_confirmation_not_current_supplier_catalog"
"2026-07-19","historical Mobilax-derived catalog snapshot (supplier label scrubbed)","SAMSUNG-2026-05-27","3000000356012","Premium Sim Tray Samsung Galaxy S25 S931/Galaxy S25 Plus S936 Absolute black","Samsung","Flat Cable","A","Galaxy S25 Plus S936","","","Galaxy S25 S931 | Galaxy S25 Plus S936","2","0","draft","candidate_needs_technical_confirmation_not_current_supplier_catalog"
"2026-07-19","historical Mobilax-derived catalog snapshot (supplier label scrubbed)","SAMSUNG-2026-05-27","3000000356029","Premium Sim Tray Samsung Galaxy S25 S931/Galaxy S25 Plus S936 Koralle","Samsung","Flat Cable","A","Galaxy S25 Plus S936","","","Galaxy S25 S931 | Galaxy S25 Plus S936","2","0","draft","candidate_needs_technical_confirmation_not_current_supplier_catalog"
"2026-07-19","historical Mobilax-derived catalog snapshot (supplier label scrubbed)","SAMSUNG-2026-05-27","3000000356036","Premium Sim Tray Samsung Galaxy S25 S931/Galaxy S25 Plus S936 Rose Gold","Samsung","Flat Cable","A","Galaxy S25 Plus S936","","","Galaxy S25 S931 | Galaxy S25 Plus S936","2","0","draft","candidate_needs_technical_confirmation_not_current_supplier_catalog"
"2026-07-19","historical Mobilax-derived catalog snapshot (supplier label scrubbed)","2026-05-25","3000000356104","FPC Connector Apple iPhone 14 Pro/iPhone 14 Pro Max Infrared FPC 16-Pin Connector","Apple","Connettori","A","iPhone 14 Pro","","","iPhone 14 Pro | iPhone 14 Pro Max","2","0","draft","candidate_needs_technical_confirmation_not_current_supplier_catalog"
"2026-07-19","historical Mobilax-derived catalog snapshot (supplier label scrubbed)","2026-05-25","3000000356111","FPC Connector Apple iPhone 14 Pro/iPhone 14 Pro Max Face ID Lattice 26 Pin Projector","Apple","Connettori","A","iPhone 14 Pro","","","iPhone 14 Pro | iPhone 14 Pro Max","2","0","draft","candidate_needs_technical_confirmation_not_current_supplier_catalog"
"2026-07-19","historical Mobilax-derived catalog snapshot (supplier label scrubbed)","2026-05-25","3000000356128","FPC Connector Apple iPhone 14 Pro/iPhone 14 Pro Max Camera-Wide 22 Pins","Apple","Connettori","A","iPhone 14 Pro","","","iPhone 14 Pro | iPhone 14 Pro Max","2","0","draft","candidate_needs_technical_confirmation_not_current_supplier_catalog"
"2026-07-19","historical Mobilax-derived catalog snapshot (supplier label scrubbed)","2026-05-25","3000000356135","FPC Connector Apple iPhone 14 Pro/iPhone 14 Pro Max Wifi Antenna 12 Pins","Apple","Connettori","A","iPhone 14 Pro","","","iPhone 14 Pro | iPhone 14 Pro Max","2","0","draft","candidate_needs_technical_confirmation_not_current_supplier_catalog"
"2026-07-19","historical Mobilax-derived catalog snapshot (supplier label scrubbed)","2026-05-25","3000000356159","FPC Connector Apple iPhone 14 Pro/iPhone 14 Pro Max Top 16 Pin Antenna","Apple","Connettori","A","iPhone 14 Pro","","","iPhone 14 Pro | iPhone 14 Pro Max","2","0","draft","candidate_needs_technical_confirmation_not_current_supplier_catalog"
"2026-07-19","historical Mobilax-derived catalog snapshot (supplier label scrubbed)","2026-05-25","3000000356166","FPC Connector Apple iPhone 14 Pro/iPhone 14 Pro Max Charge Connector 44 pins","Apple","Connettori","A","iPhone 14 Pro","","","iPhone 14 Pro | iPhone 14 Pro Max","2","0","draft","candidate_needs_technical_confirmation_not_current_supplier_catalog"
"2026-07-19","historical Mobilax-derived catalog snapshot (supplier label scrubbed)","2026-05-25","3000000356173","FPC Connector Apple iPhone 14 Pro/iPhone 14 Pro Max Scanner Radar 18 Pins","Apple","Connettori","A","iPhone 14 Pro","","","iPhone 14 Pro | iPhone 14 Pro Max","2","0","draft","candidate_needs_technical_confirmation_not_current_supplier_catalog"
"2026-07-19","historical Mobilax-derived catalog snapshot (supplier label scrubbed)","2026-05-25","3000000356180","FPC Connector Apple iPhone 14 Pro/iPhone 14 Pro Max Side Cloth for Telephoto Camera","Apple","Connettori","A","iPhone 14 Pro","","","iPhone 14 Pro | iPhone 14 Pro Max","2","0","draft","candidate_needs_technical_confirmation_not_current_supplier_catalog"
"2026-07-19","historical Mobilax-derived catalog snapshot (supplier label scrubbed)","2026-05-25","3000000356197","FPC Connector Apple iPhone 14 Pro/iPhone 14 Pro Max Power Supply 10 Pins","Apple","Connettori","A","iPhone 14 Pro","","","iPhone 14 Pro | iPhone 14 Pro Max","2","0","draft","candidate_needs_technical_confirmation_not_current_supplier_catalog"
"2026-07-19","historical Mobilax-derived catalog snapshot (supplier label scrubbed)","2026-05-25","3000000356203","FPC Connector Apple iPhone 14 Pro/iPhone 14 Pro Max Camera-Telephoto 46 Pins","Apple","Connettori","A","iPhone 14 Pro","","","iPhone 14 Pro | iPhone 14 Pro Max","2","0","draft","candidate_needs_technical_confirmation_not_current_supplier_catalog"
"2026-07-19","historical Mobilax-derived catalog snapshot (supplier label scrubbed)","2026-05-25","3000000356210","FPC Connector Apple iPhone 14 Pro/iPhone 14 Pro Max LCD Screen and Digitizer 50 Pins","Apple","Connettori","A","iPhone 14 Pro","","","iPhone 14 Pro | iPhone 14 Pro Max","2","0","draft","candidate_needs_technical_confirmation_not_current_supplier_catalog"
"2026-07-19","historical Mobilax-derived catalog snapshot (supplier label scrubbed)","2026-05-25","3000000356227","FPC Connector Apple iPhone 15/iPhone 15 Plus Wireless Charging NFC 28 Pins","Apple","Connettori","A","iPhone 15","","","iPhone 15 | iPhone 15 Plus","2","0","draft","candidate_needs_technical_confirmation_not_current_supplier_catalog"
"2026-07-19","historical Mobilax-derived catalog snapshot (supplier label scrubbed)","2026-05-25","3000000356241","FPC Connector Apple iPhone 15/iPhone 15 Plus LCD 48 Pins","Apple","Connettori","A","iPhone 15","","","iPhone 15 | iPhone 15 Plus","2","0","draft","candidate_needs_technical_confirmation_not_current_supplier_catalog"
"2026-07-19","historical Mobilax-derived catalog snapshot (supplier label scrubbed)","2026-05-25","3000000356258","FPC Connector Apple iPhone 15/iPhone 15 Plus Camera-Telephoto 22 Pins","Apple","Connettori","A","iPhone 15","","","iPhone 15 | iPhone 15 Plus","2","0","draft","candidate_needs_technical_confirmation_not_current_supplier_catalog"
"2026-07-19","historical Mobilax-derived catalog snapshot (supplier label scrubbed)","2026-05-25","3000000356272","FPC Connector Apple iPhone 15/iPhone 15 Plus Camera Ultra Wide 22 pins","Apple","Connettori","A","iPhone 15","","","iPhone 15 | iPhone 15 Plus","2","0","draft","candidate_needs_technical_confirmation_not_current_supplier_catalog"
"2026-07-19","historical Mobilax-derived catalog snapshot (supplier label scrubbed)","2026-05-25","3000000356289","FPC Connector Apple iPhone 15/iPhone 15 Plus SIM Card 22 pins","Apple","Connettori","A","iPhone 15","","","iPhone 15 | iPhone 15 Plus","2","0","draft","candidate_needs_technical_confirmation_not_current_supplier_catalog"
"2026-07-19","historical Mobilax-derived catalog snapshot (supplier label scrubbed)","2026-05-25","3000000356296","FPC Connector Apple iPhone 15/iPhone 15 Plus Light Sensor 12 Pins","Apple","Connettori","A","iPhone 15","","","iPhone 15 | iPhone 15 Plus","2","0","draft","candidate_needs_technical_confirmation_not_current_supplier_catalog"
"2026-07-19","historical Mobilax-derived catalog snapshot (supplier label scrubbed)","2026-05-25","3000000356302","FPC Connector Apple iPhone 15/iPhone 15 Plus Front Camera 14 Pins","Apple","Connettori","A","iPhone 15","","","iPhone 15 | iPhone 15 Plus","2","0","draft","candidate_needs_technical_confirmation_not_current_supplier_catalog"
"2026-07-19","historical Mobilax-derived catalog snapshot (supplier label scrubbed)","2026-05-25","3000000356326","FPC Connector Apple iPhone 15/iPhone 15 Plus Antenna Top 18 Pin","Apple","Connettori","A","iPhone 15","","","iPhone 15 | iPhone 15 Plus","2","0","draft","candidate_needs_technical_confirmation_not_current_supplier_catalog"
"2026-07-19","historical Mobilax-derived catalog snapshot (supplier label scrubbed)","2026-05-25","3000000356333","FPC Connector Apple iPhone 15/iPhone 15 Plus Antenne Inférieure 14 Pins","Apple","Connettori","A","iPhone 15","","","iPhone 15 | iPhone 15 Plus","2","0","draft","candidate_needs_technical_confirmation_not_current_supplier_catalog"
"2026-07-19","historical Mobilax-derived catalog snapshot (supplier label scrubbed)","2026-05-25","3000000356340","FPC Connector Apple iPhone 15/iPhone 15 Plus Internal Top 22 Pins Wifi Earphone","Apple","Connettori","A","iPhone 15","","","iPhone 15 | iPhone 15 Plus","2","0","draft","candidate_needs_technical_confirmation_not_current_supplier_catalog"
"2026-07-19","historical Mobilax-derived catalog snapshot (supplier label scrubbed)","2026-05-25","3000000356357","FPC Connector Apple iPhone 15/iPhone 15 Plus Charge Connector 44 Pins","Apple","Connettori","A","iPhone 15","","","iPhone 15 | iPhone 15 Plus","2","0","draft","candidate_needs_technical_confirmation_not_current_supplier_catalog"
"2026-07-19","historical Mobilax-derived catalog snapshot (supplier label scrubbed)","2026-05-25","3000000356364","FPC Connector Apple iPhone 15 Pro/iPhone 15 Pro Max Camera Ultra Wide 22 pins","Apple","Connettori","A","iPhone 15 Pro","","","iPhone 15 Pro | iPhone 15 Pro Max","2","0","draft","candidate_needs_technical_confirmation_not_current_supplier_catalog"
"2026-07-19","historical Mobilax-derived catalog snapshot (supplier label scrubbed)","2026-05-25","3000000356371","FPC Connector Apple iPhone 15 Pro/iPhone 15 Pro Max Camera Wide 18 Pins","Apple","Connettori","A","iPhone 15 Pro","","","iPhone 15 Pro | iPhone 15 Pro Max","2","0","draft","candidate_needs_technical_confirmation_not_current_supplier_catalog"
"2026-07-19","historical Mobilax-derived catalog snapshot (supplier label scrubbed)","2026-05-25","3000000356388","FPC Connector Apple iPhone 15 Pro/iPhone 15 Pro Max Front Camera 14 Pins","Apple","Connettori","A","iPhone 15 Pro","","","iPhone 15 Pro | iPhone 15 Pro Max","2","0","draft","candidate_needs_technical_confirmation_not_current_supplier_catalog"
"2026-07-19","historical Mobilax-derived catalog snapshot (supplier label scrubbed)","2026-05-25","3000000356395","FPC Connector Apple iPhone 15 Pro/iPhone 15 Pro Max LCD 50 Pins","Apple","Connettori","A","iPhone 15 Pro","","","iPhone 15 Pro | iPhone 15 Pro Max","2","0","draft","candidate_needs_technical_confirmation_not_current_supplier_catalog"
"2026-07-19","historical Mobilax-derived catalog snapshot (supplier label scrubbed)","2026-05-25","3000000356401","FPC Connector Apple iPhone 15 Pro/iPhone 15 Pro Max Internal Earphone Upper Antenna 28 Pins Wifi","Apple","Connettori","A","iPhone 15 Pro","","","iPhone 15 Pro | iPhone 15 Pro Max","2","0","draft","candidate_needs_technical_confirmation_not_current_supplier_catalog"
"2026-07-19","historical Mobilax-derived catalog snapshot (supplier label scrubbed)","2026-05-25","3000000356418","FPC Connector Apple iPhone 15 Pro/iPhone 15 Pro Max Power & Volume Flex 16 Pins","Apple","Connettori","A","iPhone 15 Pro","","","iPhone 15 Pro | iPhone 15 Pro Max","2","0","draft","candidate_needs_technical_confirmation_not_current_supplier_catalog"
"2026-07-19","historical Mobilax-derived catalog snapshot (supplier label scrubbed)","2026-05-25","3000000356425","FPC Connector Apple iPhone 15 Pro/iPhone 15 Pro Max Camera Telephoto 26 Pins","Apple","Connettori","A","iPhone 15 Pro","","","iPhone 15 Pro | iPhone 15 Pro Max","2","0","draft","candidate_needs_technical_confirmation_not_current_supplier_catalog"
"2026-07-19","historical Mobilax-derived catalog snapshot (supplier label scrubbed)","2026-05-25","3000000356432","FPC Connector Apple iPhone 15 Pro/iPhone 15 Pro Max Radar Scanner 16 Pins","Apple","Connettori","A","iPhone 15 Pro","","","iPhone 15 Pro | iPhone 15 Pro Max","2","0","draft","candidate_needs_technical_confirmation_not_current_supplier_catalog"
"2026-07-19","historical Mobilax-derived catalog snapshot (supplier label scrubbed)","2026-05-25","3000000356449","FPC Connector Apple iPhone 15 Pro/iPhone 15 Pro Max Infrared 32 Pins","Apple","Connettori","A","iPhone 15 Pro","","","iPhone 15 Pro | iPhone 15 Pro Max","2","0","draft","candidate_needs_technical_confirmation_not_current_supplier_catalog"
"2026-07-19","historical Mobilax-derived catalog snapshot (supplier label scrubbed)","2026-05-25","3000000356456","FPC Connector Apple iPhone 15 Pro/iPhone 15 Pro Max Lower 12 Pin Antenna","Apple","Connettori","A","iPhone 15 Pro","","","iPhone 15 Pro | iPhone 15 Pro Max","2","0","draft","candidate_needs_technical_confirmation_not_current_supplier_catalog"
"2026-07-19","historical Mobilax-derived catalog snapshot (supplier label scrubbed)","2026-05-25","3000000356463","FPC Connector Apple iPhone 15 Pro/iPhone 15 Pro Max Flashlight 8 Pins","Apple","Connettori","A","iPhone 15 Pro","","","iPhone 15 Pro | iPhone 15 Pro Max","2","0","draft","candidate_needs_technical_confirmation_not_current_supplier_catalog"
"2026-07-19","historical Mobilax-derived catalog snapshot (supplier label scrubbed)","2026-05-25","3000000356470","FPC Connector Apple iPhone 15 Pro/iPhone 15 Pro Max Charging Wireless NFC 22 Pins","Apple","Connettori","A","iPhone 15 Pro","","","iPhone 15 Pro | iPhone 15 Pro Max","2","0","draft","candidate_needs_technical_confirmation_not_current_supplier_catalog"
"2026-07-19","historical Mobilax-derived catalog snapshot (supplier label scrubbed)","2026-05-25","3000000356494","FPC Connector Apple iPhone 15 Pro/iPhone 15 Pro Max Charge Connector 52 Pins","Apple","Connettori","A","iPhone 15 Pro","","","iPhone 15 Pro | iPhone 15 Pro Max","2","0","draft","candidate_needs_technical_confirmation_not_current_supplier_catalog"
"2026-07-19","historical Mobilax-derived catalog snapshot (supplier label scrubbed)","2026-05-25","3000000356500","FPC Connector Apple iPhone 15 Pro/iPhone 15 Pro Max Antenne à Ondes Millimétriques 9 Pins","Apple","Connettori","A","iPhone 15 Pro","","","iPhone 15 Pro | iPhone 15 Pro Max","2","0","draft","candidate_needs_technical_confirmation_not_current_supplier_catalog"
"2026-07-19","historical Mobilax-derived catalog snapshot (supplier label scrubbed)","2026-05-25","3000000356524","FPC Connector Apple iPhone 16/iPhone 16 Plus Camera Wide 22 Pins","Apple","Connettori","A","iPhone 16","","","iPhone 16 | iPhone 16 Plus","2","0","draft","candidate_needs_technical_confirmation_not_current_supplier_catalog"
"2026-07-19","historical Mobilax-derived catalog snapshot (supplier label scrubbed)","2026-05-25","3000000356531","FPC Connector Apple iPhone 16/iPhone 16 Plus SIM Reader 22 Pins","Apple","Connettori","A","iPhone 16","","","iPhone 16 | iPhone 16 Plus","2","0","draft","candidate_needs_technical_confirmation_not_current_supplier_catalog"
"2026-07-19","historical Mobilax-derived catalog snapshot (supplier label scrubbed)","2026-05-25","3000000356548","FPC Connector Apple iPhone 16/iPhone 16 Plus Nappe Power 12 Pins","Apple","Connettori","A","iPhone 16","","","iPhone 16 | iPhone 16 Plus","2","0","draft","candidate_needs_technical_confirmation_not_current_supplier_catalog"
"2026-07-19","historical Mobilax-derived catalog snapshot (supplier label scrubbed)","2026-05-25","3000000356555","FPC Connector Apple iPhone 16 Pro/iPhone 16 Pro Max Antenna 12 Pins","Apple","Connettori","A","iPhone 16 Pro","","","iPhone 16 Pro | iPhone 16 Pro Max","2","0","draft","candidate_needs_technical_confirmation_not_current_supplier_catalog"
"2026-07-19","historical Mobilax-derived catalog snapshot (supplier label scrubbed)","2026-05-25","3000000356562","FPC Connector Apple iPhone 16 Pro/iPhone 16 Pro Max Antenna and Internal Earpiece","Apple","Connettori","A","iPhone 16 Pro","","","iPhone 16 Pro | iPhone 16 Pro Max","2","0","draft","candidate_needs_technical_confirmation_not_current_supplier_catalog"
"2026-07-19","historical Mobilax-derived catalog snapshot (supplier label scrubbed)","2026-05-25","3000000356579","FPC Connector Apple iPhone 16 Pro/iPhone 16 Pro Max Battery 4 Pins","Apple","Connettori","A","iPhone 16 Pro","","","iPhone 16 Pro | iPhone 16 Pro Max","2","0","draft","candidate_needs_technical_confirmation_not_current_supplier_catalog"
"2026-07-19","historical Mobilax-derived catalog snapshot (supplier label scrubbed)","2026-05-25","3000000356586","FPC Connector Apple iPhone 16 Pro/iPhone 16 Pro Max Lower 2 Pin Antenna","Apple","Connettori","A","iPhone 16 Pro","","","iPhone 16 Pro | iPhone 16 Pro Max","2","0","draft","candidate_needs_technical_confirmation_not_current_supplier_catalog"
"2026-07-19","historical Mobilax-derived catalog snapshot (supplier label scrubbed)","2026-05-25","3000000356593","FPC Connector Apple iPhone 16 Pro/iPhone 16 Pro Max Front Camera 14 Pins","Apple","Connettori","A","iPhone 16 Pro","","","iPhone 16 Pro | iPhone 16 Pro Max","2","0","draft","candidate_needs_technical_confirmation_not_current_supplier_catalog"
"2026-07-19","historical Mobilax-derived catalog snapshot (supplier label scrubbed)","2026-05-25","3000000356609","FPC Connector Apple iPhone 16 Pro/iPhone 16 Pro Max Signal Interface 16 Pins","Apple","Connettori","A","iPhone 16 Pro","","","iPhone 16 Pro | iPhone 16 Pro Max","2","0","draft","candidate_needs_technical_confirmation_not_current_supplier_catalog"
"2026-07-19","historical Mobilax-derived catalog snapshot (supplier label scrubbed)","2026-05-25","3000000356616","FPC Connector Apple iPhone 16 Pro/iPhone 16 Pro Max Scanner Radar 16 Pins","Apple","Connettori","A","iPhone 16 Pro","","","iPhone 16 Pro | iPhone 16 Pro Max","2","0","draft","candidate_needs_technical_confirmation_not_current_supplier_catalog"
"2026-07-19","historical Mobilax-derived catalog snapshot (supplier label scrubbed)","2026-05-25","3000000356623","FPC Connector Apple iPhone 16 Pro/iPhone 16 Pro Max Infrared Camera 26 Pins","Apple","Connettori","A","iPhone 16 Pro","","","iPhone 16 Pro | iPhone 16 Pro Max","2","0","draft","candidate_needs_technical_confirmation_not_current_supplier_catalog"
"2026-07-19","historical Mobilax-derived catalog snapshot (supplier label scrubbed)","2026-05-25","3000000356630","FPC Connector Apple iPhone 16 Pro/iPhone 16 Pro Max Nappe Power 12 Pins","Apple","Connettori","A","iPhone 16 Pro","","","iPhone 16 Pro | iPhone 16 Pro Max","2","0","draft","candidate_needs_technical_confirmation_not_current_supplier_catalog"
"2026-07-19","historical Mobilax-derived catalog snapshot (supplier label scrubbed)","2026-05-25","3000000356647","FPC Connector Apple iPhone 16 Pro/iPhone 16 Pro Max Proximity Sensor 10 Pins","Apple","Connettori","A","iPhone 16 Pro","","","iPhone 16 Pro | iPhone 16 Pro Max","2","0","draft","candidate_needs_technical_confirmation_not_current_supplier_catalog"
"2026-07-19","historical Mobilax-derived catalog snapshot (supplier label scrubbed)","2026-05-25","3000000356654","FPC Connector Apple iPhone 16 Pro/iPhone 16 Pro Max Charge Connector 44 Pins","Apple","Connettori","A","iPhone 16 Pro","","","iPhone 16 Pro | iPhone 16 Pro Max","2","0","draft","candidate_needs_technical_confirmation_not_current_supplier_catalog"
"2026-07-19","historical Mobilax-derived catalog snapshot (supplier label scrubbed)","2026-05-25","3000000356661","FPC Connector Apple iPhone 16 Pro/iPhone 16 Pro Max Camera Wide 20 Pins","Apple","Connettori","A","iPhone 16 Pro","","","iPhone 16 Pro | iPhone 16 Pro Max","2","0","draft","candidate_needs_technical_confirmation_not_current_supplier_catalog"
"2026-07-19","historical Mobilax-derived catalog snapshot (supplier label scrubbed)","2026-05-25","3000000356678","FPC Connector Apple iPhone 16 Pro/iPhone 16 Pro Max Nappe NFC 22 Pins","Apple","Connettori","A","iPhone 16 Pro","","","iPhone 16 Pro | iPhone 16 Pro Max","2","0","draft","candidate_needs_technical_confirmation_not_current_supplier_catalog"
"2026-07-19","historical Mobilax-derived catalog snapshot (supplier label scrubbed)","2026-05-25","3000000356685","FPC Connector Apple iPhone 16 Pro/iPhone 16 Pro Max Charge Connector 50 Pins","Apple","Connettori","A","iPhone 16 Pro","","","iPhone 16 Pro | iPhone 16 Pro Max","2","0","draft","candidate_needs_technical_confirmation_not_current_supplier_catalog"
"2026-07-19","historical Mobilax-derived catalog snapshot (supplier label scrubbed)","REALME-2026-05-27","3000000356791","Premium Inner Earpiece Realme GT 6 5G/GT 6T","Realme","Speaker","A","GT 6 5G","","","GT 6 5G | GT 6T","2","0","draft","candidate_needs_technical_confirmation_not_current_supplier_catalog"
"2026-07-19","historical Mobilax-derived catalog snapshot (supplier label scrubbed)","SAMSUNG-2026-05-27","3000000356807","Premium On/Off and Volume Buttons Samsung Galaxy S25 S931/Galaxy S25 Plus S936 Night Blue","Samsung","Flat Cable","A","Galaxy S25 Plus S936","","","Galaxy S25 S931 | Galaxy S25 Plus S936","2","0","draft","candidate_needs_technical_confirmation_not_current_supplier_catalog"
"2026-07-19","historical Mobilax-derived catalog snapshot (supplier label scrubbed)","SAMSUNG-2026-05-27","3000000356814","Premium On/Off and Volume Buttons Samsung Galaxy S25 S931/Galaxy S25 Plus S936 Grey","Samsung","Flat Cable","A","Galaxy S25 Plus S936","","","Galaxy S25 S931 | Galaxy S25 Plus S936","2","0","draft","candidate_needs_technical_confirmation_not_current_supplier_catalog"
"2026-07-19","historical Mobilax-derived catalog snapshot (supplier label scrubbed)","SAMSUNG-2026-05-27","3000000356838","Premium On/Off and Volume Buttons Samsung Galaxy S25 S931/Galaxy S25 Plus S936 Water Green","Samsung","Flat Cable","A","Galaxy S25 Plus S936","","","Galaxy S25 S931 | Galaxy S25 Plus S936","2","0","draft","candidate_needs_technical_confirmation_not_current_supplier_catalog"
"2026-07-19","historical Mobilax-derived catalog snapshot (supplier label scrubbed)","SAMSUNG-2026-05-27","3000000356845","Premium On/Off and Volume Buttons Samsung Galaxy S25 S931/Galaxy S25 Plus S936 Absolute black","Samsung","Flat Cable","A","Galaxy S25 Plus S936","","","Galaxy S25 S931 | Galaxy S25 Plus S936","2","0","draft","candidate_needs_technical_confirmation_not_current_supplier_catalog"
"2026-07-19","historical Mobilax-derived catalog snapshot (supplier label scrubbed)","SAMSUNG-2026-05-27","3000000356913","Original On/Off Button Samsung Galaxy S25 S931/Galaxy S25 Plus S936 GH98-49888F Rose Gold","Samsung","Flat Cable","A","Galaxy S25 Plus S936","","","Galaxy S25 S931 | Galaxy S25 Plus S936","2","0","draft","candidate_needs_technical_confirmation_not_current_supplier_catalog"
"2026-07-19","historical Mobilax-derived catalog snapshot (supplier label scrubbed)","SAMSUNG-2026-05-27","3000000356920","Original Volume Button Samsung Galaxy S25 S931/Galaxy S25 Plus S936 GH98-49887F Rose Gold","Samsung","Flat Cable","A","Galaxy S25 Plus S936","","","Galaxy S25 S931 | Galaxy S25 Plus S936","2","0","draft","candidate_needs_technical_confirmation_not_current_supplier_catalog"
"2026-07-19","historical Mobilax-derived catalog snapshot (supplier label scrubbed)","SAMSUNG-2026-05-27","3000000356968","Original SIM Tray Samsung Galaxy S25 S931/Galaxy S25 Plus S936 GH98-49874F Rose Gold","Samsung","Flat Cable","A","Galaxy S25 Plus S936","","","Galaxy S25 S931 | Galaxy S25 Plus S936","2","0","draft","candidate_needs_technical_confirmation_not_current_supplier_catalog"
"2026-07-19","historical Mobilax-derived catalog snapshot (supplier label scrubbed)","SAMSUNG-2026-05-27","3000000356999","Original On/Off Button Samsung Galaxy S25 S931/Galaxy S25 Plus S936 GH98-49888G Koralle","Samsung","Flat Cable","A","Galaxy S25 Plus S936","","","Galaxy S25 S931 | Galaxy S25 Plus S936","2","0","draft","candidate_needs_technical_confirmation_not_current_supplier_catalog"
"2026-07-19","historical Mobilax-derived catalog snapshot (supplier label scrubbed)","SAMSUNG-2026-05-27","3000000357002","Original Volume Button Samsung Galaxy S25 S931/Galaxy S25 Plus S936 GH98-49887G Koralle","Samsung","Flat Cable","A","Galaxy S25 Plus S936","","","Galaxy S25 S931 | Galaxy S25 Plus S936","2","0","draft","candidate_needs_technical_confirmation_not_current_supplier_catalog"
"2026-07-19","historical Mobilax-derived catalog snapshot (supplier label scrubbed)","SAMSUNG-2026-05-27","3000000357019","Original SIM Tray Samsung Galaxy S25 S931/Galaxy S25 Plus S936 GH98-49874G Koralle","Samsung","Flat Cable","A","Galaxy S25 Plus S936","","","Galaxy S25 S931 | Galaxy S25 Plus S936","2","0","draft","candidate_needs_technical_confirmation_not_current_supplier_catalog"
"2026-07-19","historical Mobilax-derived catalog snapshot (supplier label scrubbed)","SAMSUNG-2026-05-27","3000000357033","Original On/Off Button Samsung Galaxy S25 S931/Galaxy S25 Plus S936 GH98-49888B Water Green","Samsung","Flat Cable","A","Galaxy S25 Plus S936","","","Galaxy S25 S931 | Galaxy S25 Plus S936","2","0","draft","candidate_needs_technical_confirmation_not_current_supplier_catalog"
"2026-07-19","historical Mobilax-derived catalog snapshot (supplier label scrubbed)","SAMSUNG-2026-05-27","3000000357040","Original Volume Button Samsung Galaxy S25 S931/Galaxy S25 Plus S936 GH98-49887B Water Green","Samsung","Flat Cable","A","Galaxy S25 Plus S936","","","Galaxy S25 S931 | Galaxy S25 Plus S936","2","0","draft","candidate_needs_technical_confirmation_not_current_supplier_catalog"
"2026-07-19","historical Mobilax-derived catalog snapshot (supplier label scrubbed)","SAMSUNG-2026-05-27","3000000357057","Original SIM Tray Samsung Galaxy S25 S931/Galaxy S25 Plus S936 GH98-49874B Water Green","Samsung","Flat Cable","A","Galaxy S25 Plus S936","","","Galaxy S25 S931 | Galaxy S25 Plus S936","2","0","draft","candidate_needs_technical_confirmation_not_current_supplier_catalog"
"2026-07-19","historical Mobilax-derived catalog snapshot (supplier label scrubbed)","SAMSUNG-2026-05-27","3000000357095","Original On/Off Button Samsung Galaxy S25 S931/Galaxy S25 Plus S936 GH98-49888A Grey","Samsung","Flat Cable","A","Galaxy S25 Plus S936","","","Galaxy S25 S931 | Galaxy S25 Plus S936","2","0","draft","candidate_needs_technical_confirmation_not_current_supplier_catalog"
"2026-07-19","historical Mobilax-derived catalog snapshot (supplier label scrubbed)","SAMSUNG-2026-05-27","3000000357101","Original Volume Button Samsung Galaxy S25 S931/Galaxy S25 Plus S936 GH98-49887A Grey","Samsung","Flat Cable","A","Galaxy S25 Plus S936","","","Galaxy S25 S931 | Galaxy S25 Plus S936","2","0","draft","candidate_needs_technical_confirmation_not_current_supplier_catalog"
"2026-07-19","historical Mobilax-derived catalog snapshot (supplier label scrubbed)","SAMSUNG-2026-05-27","3000000357118","Original SIM Tray Samsung Galaxy S25 S931/Galaxy S25 Plus S936 GH98-49874A Grey","Samsung","Flat Cable","A","Galaxy S25 Plus S936","","","Galaxy S25 S931 | Galaxy S25 Plus S936","2","0","draft","candidate_needs_technical_confirmation_not_current_supplier_catalog"
"2026-07-19","historical Mobilax-derived catalog snapshot (supplier label scrubbed)","SAMSUNG-2026-05-27","3000000357149","Original On/Off Button Samsung Galaxy S25 S931/Galaxy S25 Plus S936 GH98-49888C Clear Blue","Samsung","Flat Cable","A","Galaxy S25 Plus S936","","","Galaxy S25 S931 | Galaxy S25 Plus S936","2","0","draft","candidate_needs_technical_confirmation_not_current_supplier_catalog"
"2026-07-19","historical Mobilax-derived catalog snapshot (supplier label scrubbed)","SAMSUNG-2026-05-27","3000000357156","Original Volume Button Samsung Galaxy S25 S931/Galaxy S25 Plus S936 GH98-49887C Clear Blue","Samsung","Flat Cable","A","Galaxy S25 Plus S936","","","Galaxy S25 S931 | Galaxy S25 Plus S936","2","0","draft","candidate_needs_technical_confirmation_not_current_supplier_catalog"
"2026-07-19","historical Mobilax-derived catalog snapshot (supplier label scrubbed)","SAMSUNG-2026-05-27","3000000357163","Original SIM Tray Samsung Galaxy S25 S931/Galaxy S25 Plus S936 GH98-49874C Clear Blue","Samsung","Flat Cable","A","Galaxy S25 Plus S936","","","Galaxy S25 S931 | Galaxy S25 Plus S936","2","0","draft","candidate_needs_technical_confirmation_not_current_supplier_catalog"
"2026-07-19","historical Mobilax-derived catalog snapshot (supplier label scrubbed)","SAMSUNG-2026-05-27","3000000357194","Original On/Off Button Samsung Galaxy S25 S931/Galaxy S25 Plus S936 GH98-49888D Night Blue","Samsung","Flat Cable","A","Galaxy S25 Plus S936","","","Galaxy S25 S931 | Galaxy S25 Plus S936","2","0","draft","candidate_needs_technical_confirmation_not_current_supplier_catalog"
"2026-07-19","historical Mobilax-derived catalog snapshot (supplier label scrubbed)","SAMSUNG-2026-05-27","3000000357200","Original Volume Button Samsung Galaxy S25 S931/Galaxy S25 Plus S936 GH98-49887D Night Blue","Samsung","Flat Cable","A","Galaxy S25 Plus S936","","","Galaxy S25 S931 | Galaxy S25 Plus S936","2","0","draft","candidate_needs_technical_confirmation_not_current_supplier_catalog"
"2026-07-19","historical Mobilax-derived catalog snapshot (supplier label scrubbed)","SAMSUNG-2026-05-27","3000000357217","Original SIM Tray Samsung Galaxy S25 S931/Galaxy S25 Plus S936 GH98-49874D Night Blue","Samsung","Flat Cable","A","Galaxy S25 Plus S936","","","Galaxy S25 S931 | Galaxy S25 Plus S936","2","0","draft","candidate_needs_technical_confirmation_not_current_supplier_catalog"
"2026-07-19","historical Mobilax-derived catalog snapshot (supplier label scrubbed)","SAMSUNG-2026-05-27","3000000357491","Original Connection Flex Cable Samsung Galaxy S25 Plus S936/Galaxy S26 Plus S947 GH82-36364A","Samsung","Flat Cable","A","Galaxy S25 Plus S936","","","Galaxy S25 Plus S936 | Galaxy S26 Plus S947","2","0","draft","candidate_needs_technical_confirmation_not_current_supplier_catalog"
"2026-07-19","historical Mobilax-derived catalog snapshot (supplier label scrubbed)","SAMSUNG-2026-05-27","3000000357941","Premium Battery Samsung Galaxy S25 Plus S936/Galaxy S25 FE S731 EB-BS936ABE","Samsung","Batterie","A","Galaxy S25 FE S731","","","Galaxy S25 FE S731 | Galaxy S25 Plus S936","2","0","draft","candidate_needs_technical_confirmation_not_current_supplier_catalog"
"2026-07-19","historical Mobilax-derived catalog snapshot (supplier label scrubbed)","SAMSUNG-2026-05-27","3000000357958","Original Battery Samsung Galaxy S25 Plus S936/Galaxy S25 FE S731 GH82-36370A  GH82-38432A EB-BS936ABE","Samsung","Batterie","A","Galaxy S25 FE S731","","","Galaxy S25 FE S731 | Galaxy S25 Plus S936","2","0","draft","candidate_needs_technical_confirmation_not_current_supplier_catalog"
"2026-07-19","historical Mobilax-derived catalog snapshot (supplier label scrubbed)","SAMSUNG-2026-05-27","3000000358900","Original Battery Adhesive Stickers Samsung Galaxy S25 Plus S936/Galaxy S25 FE S731 GH02-26708A","Samsung","Batterie","A","Galaxy S25 FE S731","","","Galaxy S25 FE S731 | Galaxy S25 Plus S936","2","0","draft","candidate_needs_technical_confirmation_not_current_supplier_catalog"
"2026-07-19","historical Mobilax-derived catalog snapshot (supplier label scrubbed)","MOTOROLA-2026-05-27","3000000359235","Original Display Touchscreen Motorola Moto G15/Moto G15 Power 5D68C29273 Black","Motorola","Schermi","A","Moto G15","","","Moto G15 | Moto G15 Power","2","0","draft","candidate_needs_technical_confirmation_not_current_supplier_catalog"
"2026-07-19","historical Mobilax-derived catalog snapshot (supplier label scrubbed)","MOTOROLA-2026-05-27","3000000359242","Original Display Touchscreen Motorola Moto G05/Moto E15 5D68C29300 5D68C30873 Black","Motorola","Schermi","A","Moto E15","","","Moto E15 | Moto G05","2","0","draft","candidate_needs_technical_confirmation_not_current_supplier_catalog"
"2026-07-19","historical Mobilax-derived catalog snapshot (supplier label scrubbed)","OPPO-2026-05-27","3000000359273","Original Battery OPPO A40 (CPH2669)/A80 5G/A60 5G (CPH2683) 621035000161  621035000159  621035000116   BLPA77","OPPO","Batterie","A","A40 CPH2669","","","A40 CPH2669 | A60 5G CPH2683 | A80 5G","3","0","draft","candidate_needs_technical_confirmation_not_current_supplier_catalog"
"2026-07-19","historical Mobilax-derived catalog snapshot (supplier label scrubbed)","REALME-2026-05-27","3000000359518","Premium Loudspeaker Realme GT 6 5G/GT 6T","Realme","Speaker","A","GT 6 5G","","","GT 6 5G | GT 6T","2","0","draft","candidate_needs_technical_confirmation_not_current_supplier_catalog"
"2026-07-19","historical Mobilax-derived catalog snapshot (supplier label scrubbed)","SAMSUNG-2026-05-27","3000000359594","Original Power and Volume Flex Cable Samsung Galaxy S25 Plus S936/Galaxy S25 FE S731 GH59-15815A","Samsung","Flat Cable","A","Galaxy S25 FE S731","","","Galaxy S25 FE S731 | Galaxy S25 Plus S936","2","0","draft","candidate_needs_technical_confirmation_not_current_supplier_catalog"
"2026-07-19","historical Mobilax-derived catalog snapshot (supplier label scrubbed)","SAMSUNG-2026-05-27","3000000359617","Premium Connection Flex Cable Samsung Galaxy S25 Plus S936/Galaxy S26 Plus S947","Samsung","Flat Cable","A","Galaxy S25 Plus S936","","","Galaxy S25 Plus S936 | Galaxy S26 Plus S947","2","0","draft","candidate_needs_technical_confirmation_not_current_supplier_catalog"
"2026-07-19","historical Mobilax-derived catalog snapshot (supplier label scrubbed)","SAMSUNG-2026-05-27","3000000359624","Premium Power and Volume Flex Cable Samsung Galaxy S25 Plus S936/Galaxy S25 FE S731","Samsung","Flat Cable","A","Galaxy S25 FE S731","","","Galaxy S25 FE S731 | Galaxy S25 Plus S936","2","0","draft","candidate_needs_technical_confirmation_not_current_supplier_catalog"
"2026-07-19","historical Mobilax-derived catalog snapshot (supplier label scrubbed)","SAMSUNG-2026-05-27","3000000359792","Original Lens Samsung Galaxy S25 Ultra S938/Galaxy S26 Ultra S948  Telephoto 3x Zoom GH64-09700A","Samsung","Fotocamere","A","Galaxy S25 Ultra S938","","","Galaxy S25 Ultra S938 | Galaxy S26 Ultra S948","2","0","draft","candidate_needs_technical_confirmation_not_current_supplier_catalog"
"2026-07-19","historical Mobilax-derived catalog snapshot (supplier label scrubbed)","MOTOROLA-2026-05-27","3000000360118","Premium Battery Motorola Moto E15/Moto G15/Moto G05/Moto G06 4G/Moto G17  RL52","Motorola","Batterie","A","Moto E15","","","Moto E15 | Moto G05 | Moto G06 4G | Moto G15 | Moto G17","5","0","draft","candidate_needs_technical_confirmation_not_current_supplier_catalog"
"2026-07-19","historical Mobilax-derived catalog snapshot (supplier label scrubbed)","SAMSUNG-2026-05-25","3000000360965","Original Macro Sensor Samsung Galaxy A56 5G A566/Galaxy A36 5G A366/Galaxy A37 5G A376/Galaxy A57 5G A576 GH96-18933A 5MP","Samsung","Flat Cable","A","Galaxy A36 5G A366","","","Galaxy A36 5G A366 | Galaxy A37 5G A376 | Galaxy A56 5G A566 | Galaxy A57 5G A576","4","0","draft","candidate_needs_technical_confirmation_not_current_supplier_catalog"
"2026-07-19","historical Mobilax-derived catalog snapshot (supplier label scrubbed)","SAMSUNG-2026-05-25","3000000360972","Premium Macro Sensor Samsung Galaxy A36 5G A366/Galaxy A56 5G A566/Galaxy A37 5G A376/Galaxy A57 5G A576 5MP","Samsung","Flat Cable","A","Galaxy A36 5G A366","","","Galaxy A36 5G A366 | Galaxy A37 5G A376 | Galaxy A56 5G A566 | Galaxy A57 5G A576","4","0","draft","candidate_needs_technical_confirmation_not_current_supplier_catalog"
"2026-07-19","historical Mobilax-derived catalog snapshot (supplier label scrubbed)","SAMSUNG-2026-05-25","3000000361177","Original Front Camera Samsung Galaxy A36 5G A366/Galaxy A37 5G A376 GH96-18971A 12MP","Samsung","Fotocamere","A","Galaxy A36 5G A366","","","Galaxy A36 5G A366 | Galaxy A37 5G A376","2","0","draft","candidate_needs_technical_confirmation_not_current_supplier_catalog"
"2026-07-19","historical Mobilax-derived catalog snapshot (supplier label scrubbed)","SAMSUNG-2026-05-25","3000000361184","Premium Front Camera Samsung Galaxy A36 5G A366/Galaxy A37 5G A376 12MP","Samsung","Fotocamere","A","Galaxy A36 5G A366","","","Galaxy A36 5G A366 | Galaxy A37 5G A376","2","0","draft","candidate_needs_technical_confirmation_not_current_supplier_catalog"
"2026-07-19","historical Mobilax-derived catalog snapshot (supplier label scrubbed)","SAMSUNG-2026-05-27","3000000361955","Original Camera Adhesive Sticker Kit Samsung Galaxy S24 Ultra 5G S928/Galaxy S25 Ultra S938 GH82-33770A","Samsung","Fotocamere","A","Galaxy S24 Ultra 5G S928","","","Galaxy S24 Ultra 5G S928 | Galaxy S25 Ultra S938","2","0","draft","candidate_needs_technical_confirmation_not_current_supplier_catalog"
"2026-07-19","historical Mobilax-derived catalog snapshot (supplier label scrubbed)","SAMSUNG-2026-05-27","3000000361962","Original Camera Adhesive Sticker Kit Samsung Galaxy S24 Plus 5G S926/Galaxy S25 Plus S936 GH82-33769A","Samsung","Fotocamere","A","Galaxy S24 Plus 5G S926","","","Galaxy S24 Plus 5G S926 | Galaxy S25 Plus S936","2","0","draft","candidate_needs_technical_confirmation_not_current_supplier_catalog"
"2026-07-19","historical Mobilax-derived catalog snapshot (supplier label scrubbed)","SAMSUNG-2026-05-27","3000000362099","Original Camera Adhesive Sticker Kit Samsung Galaxy Note 20 Ultra 5G N986/Galaxy S21 Plus 5G G996/Galaxy S21 5G G991/Galaxy S22 S901/Galaxy S22 Plus S906/Galaxy S23 5G S911/Galaxy S23 Plus 5G S916/Galaxy S23 Ultra 5G S918/Galaxy S24 5G S921/Galaxy S25 S931 GH81-19336A","Samsung","Fotocamere","A","Galaxy S21 5G G991","","","Galaxy S25 S931 | Galaxy S21 Plus 5G G996 | Galaxy S23 Ultra 5G S918 | Galaxy S21 5G G991 | Galaxy S22 Plus S906 | Galaxy S23 5G S911 | Galaxy S23 Plus 5G S916 | Galaxy S22 S901 | Galaxy S24 5G S921","9","0","draft","candidate_needs_technical_confirmation_not_current_supplier_catalog"
"2026-07-19","historical Mobilax-derived catalog snapshot (supplier label scrubbed)","2026-05-25","3000000362457","Battery Diagnostic High Capacity Apple iPhone 12/iPhone 12 Pro (TI 3230mAh)","Apple","Batterie","A","iPhone 12","","","iPhone 12 | iPhone 12 Pro","2","0","draft","candidate_needs_technical_confirmation_not_current_supplier_catalog"
"2026-07-19","historical Mobilax-derived catalog snapshot (supplier label scrubbed)","OPPO-2026-05-27","3000000363294","Premium Fingerprint Reader OPPO Reno13 5G/Reno13 Pro 5G","OPPO","Flat Cable","A","RENO13 5G","","","RENO13 5G | RENO13 Pro 5G","2","0","draft","candidate_needs_technical_confirmation_not_current_supplier_catalog"
"2026-07-19","historical Mobilax-derived catalog snapshot (supplier label scrubbed)","SAMSUNG-2026-05-25","3000000364116","Original Battery Samsung Galaxy A36 5G A366/Galaxy A56 5G A566/Galaxy A37 5G A376/Galaxy A57 5G A576 GH82-36831A GH82-36843A GH82-39233A  EB-BA566ASE","Samsung","Batterie","A","Galaxy A36 5G A366","","","Galaxy A36 5G A366 | Galaxy A37 5G A376 | Galaxy A56 5G A566 | Galaxy A57 5G A576","4","0","draft","candidate_needs_technical_confirmation_not_current_supplier_catalog"
"2026-07-19","historical Mobilax-derived catalog snapshot (supplier label scrubbed)","SAMSUNG-2026-05-25","3000000364772","Original Front Camera Samsung Galaxy A26 5G A266/Galaxy Xcover 7 Pro G766 GH96-15957D  13MP","Samsung","Fotocamere","A","Galaxy A26 5G A266","","","Galaxy A26 5G A266 | Galaxy XCover 7 Pro G766","2","0","draft","candidate_needs_technical_confirmation_not_current_supplier_catalog"
"2026-07-19","historical Mobilax-derived catalog snapshot (supplier label scrubbed)","SAMSUNG-2026-05-25","3000000364789","Premium Front Camera Samsung Galaxy A26 5G A266/Galaxy Xcover 7 Pro G766 13MP","Samsung","Fotocamere","A","Galaxy A26 5G A266","","","Galaxy A26 5G A266 | Galaxy XCover 7 Pro G766","2","0","draft","candidate_needs_technical_confirmation_not_current_supplier_catalog"
"2026-07-19","historical Mobilax-derived catalog snapshot (supplier label scrubbed)","SAMSUNG-2026-05-25","3000000364796","Original Main Camera Samsung Galaxy A26 5G A266/Galaxy A17 5G A176/Galaxy A17 4G A175 GH96-19395A  50MP","Samsung","Fotocamere","A","Galaxy A17 4G A175","","","Galaxy A17 4G A175 | Galaxy A17 5G A176 | Galaxy A26 5G A266","3","0","draft","candidate_needs_technical_confirmation_not_current_supplier_catalog"
"2026-07-19","historical Mobilax-derived catalog snapshot (supplier label scrubbed)","SAMSUNG-2026-05-25","3000000364802","Premium Main Camera Samsung Galaxy A26 5G A266/Galaxy A17 5G A176/Galaxy A17 4G A175 50MP","Samsung","Fotocamere","A","Galaxy A17 4G A175","","","Galaxy A17 4G A175 | Galaxy A17 5G A176 | Galaxy A26 5G A266","3","0","draft","candidate_needs_technical_confirmation_not_current_supplier_catalog"
"2026-07-19","historical Mobilax-derived catalog snapshot (supplier label scrubbed)","OPPO-2026-05-27","3000000365762","Original Pulled Display Touchscreen OPPO Reno13 5G/Reno14 5G Black","OPPO","Schermi","A","RENO13 5G","","","RENO13 5G | RENO14 5G","2","0","draft","candidate_needs_technical_confirmation_not_current_supplier_catalog"
"2026-07-19","historical Mobilax-derived catalog snapshot (supplier label scrubbed)","XIAOMI-2026-05-27","3000000366585","Premium Inner Earpiece Xiaomi Redmi Note 14 4G/Redmi Note 14 Pro 4G","Xiaomi","Speaker","A","Redmi Note 14 4G","","","Redmi Note 14 4G | Redmi Note 14 Pro 4G","2","0","draft","candidate_needs_technical_confirmation_not_current_supplier_catalog"
"2026-07-19","historical Mobilax-derived catalog snapshot (supplier label scrubbed)","SAMSUNG-2026-05-27","3000000367254","Original FRC Flex Cable Samsung Galaxy S25 Plus S936/Galaxy S26 Plus S947 GH59-15816A  TOP","Samsung","Flat Cable","A","Galaxy S25 Plus S936","","","Galaxy S25 Plus S936 | Galaxy S26 Plus S947","2","0","draft","candidate_needs_technical_confirmation_not_current_supplier_catalog"
"2026-07-19","historical Mobilax-derived catalog snapshot (supplier label scrubbed)","SAMSUNG-2026-05-27","3000000367261","Premium FRC Flex Cable Samsung Galaxy S25 Plus S936/Galaxy S26 Plus S947 TOP","Samsung","Flat Cable","A","Galaxy S25 Plus S936","","","Galaxy S25 Plus S936 | Galaxy S26 Plus S947","2","0","draft","candidate_needs_technical_confirmation_not_current_supplier_catalog"
"2026-07-19","historical Mobilax-derived catalog snapshot (supplier label scrubbed)","MOTOROLA-2026-05-27","3000000367513","Original Back Cover Motorola Moto E22i/Moto E22 5S58C21599  5S58C21814 Black","Motorola","Back Cover","A","Moto E22","","","Moto E22 | Moto E22I","2","0","draft","candidate_needs_technical_confirmation_not_current_supplier_catalog"
"2026-07-19","historical Mobilax-derived catalog snapshot (supplier label scrubbed)","MOTOROLA-2026-05-27","3000000367520","Premium Back Cover Motorola Moto E22i/Moto E22 Black","Motorola","Back Cover","A","Moto E22","","","Moto E22 | Moto E22I","2","0","draft","candidate_needs_technical_confirmation_not_current_supplier_catalog"
"2026-07-19","historical Mobilax-derived catalog snapshot (supplier label scrubbed)","MOTOROLA-2026-05-27","3000000367643","Original Battery Motorola Moto G31/Moto G42  SB18D25053 SB18D24973  SB18D53537   ND50","Motorola","Batterie","A","Moto G31","","","Moto G31 | Moto G42","2","0","draft","candidate_needs_technical_confirmation_not_current_supplier_catalog"
"2026-07-19","historical Mobilax-derived catalog snapshot (supplier label scrubbed)","MOTOROLA-2026-05-27","3000000367650","Premium Battery Motorola Moto G31/Moto G42 ND50","Motorola","Batterie","A","Moto G31","","","Moto G31 | Moto G42","2","0","draft","candidate_needs_technical_confirmation_not_current_supplier_catalog"
"2026-07-19","historical Mobilax-derived catalog snapshot (supplier label scrubbed)","SAMSUNG-2026-05-25","3000000367780","Original Connection Flex Cable Samsung Galaxy A36 5G A366/Galaxy A56 5G A566 GH82-36830A","Samsung","Flat Cable","A","Galaxy A36 5G A366","","","Galaxy A36 5G A366 | Galaxy A56 5G A566","2","0","draft","candidate_needs_technical_confirmation_not_current_supplier_catalog"
"2026-07-19","historical Mobilax-derived catalog snapshot (supplier label scrubbed)","SAMSUNG-2026-05-25","3000000367797","Premium Connection Flex Cable Samsung Galaxy A36 5G A366/Galaxy A56 5G A566","Samsung","Flat Cable","A","Galaxy A36 5G A366","","","Galaxy A36 5G A366 | Galaxy A56 5G A566","2","0","draft","candidate_needs_technical_confirmation_not_current_supplier_catalog"
"2026-07-19","historical Mobilax-derived catalog snapshot (supplier label scrubbed)","2026-05-25","3000000368817","IC Chip (Integrated Circuit) Apple iPhone 15/iPhone 15 Plus/iPhone 15 Pro/iPhone 15 Pro Max Power Management 338S01023 338S01022","Apple","Flat Cable","A","iPhone 15","","","iPhone 15 | iPhone 15 Plus | iPhone 15 Pro | iPhone 15 Pro Max","4","0","draft","candidate_needs_technical_confirmation_not_current_supplier_catalog"
"2026-07-19","historical Mobilax-derived catalog snapshot (supplier label scrubbed)","2026-05-25","3000000368824","Power Delivery IC Apple iPhone 15/iPhone 15 Plus/iPhone 15 Pro/iPhone 15 Pro Max 338S00946","Apple","Flat Cable","A","iPhone 15","","","iPhone 15 | iPhone 15 Plus | iPhone 15 Pro | iPhone 15 Pro Max","4","0","draft","candidate_needs_technical_confirmation_not_current_supplier_catalog"
"2026-07-19","historical Mobilax-derived catalog snapshot (supplier label scrubbed)","2026-05-25","3000000368831","Original Pulled Camera Apple iPhone 16e/iPhone 17e 48MP","Apple","Fotocamere","A","iPhone 16E","","","iPhone 16E | iPhone 17E","2","0","draft","candidate_needs_technical_confirmation_not_current_supplier_catalog"
"2026-07-19","historical Mobilax-derived catalog snapshot (supplier label scrubbed)","2026-05-25","3000000369210","Loudspeaker Apple iPhone 16e/iPhone 17e","Apple","Speaker","A","iPhone 16E","","","iPhone 16E | iPhone 17E","2","0","draft","candidate_needs_technical_confirmation_not_current_supplier_catalog"
"2026-07-19","historical Mobilax-derived catalog snapshot (supplier label scrubbed)","MOTOROLA-2026-05-27","3000000369241","Original Dock Connector Motorola Moto G05/Moto E15 5P68C29309","Motorola","Connettori","A","Moto E15","","","Moto E15 | Moto G05","2","0","draft","candidate_needs_technical_confirmation_not_current_supplier_catalog"
"2026-07-19","historical Mobilax-derived catalog snapshot (supplier label scrubbed)","MOTOROLA-2026-05-27","3000000369258","Original Battery Motorola Moto E15/Moto G05/Moto G15/Moto G06 4G/Moto G17   SB18E47963  SB18E47962   SB18E47961  SB18E47960   RL52","Motorola","Batterie","A","Moto E15","","","Moto E15 | Moto G05 | Moto G06 4G | Moto G15 | Moto G17","5","0","draft","candidate_needs_technical_confirmation_not_current_supplier_catalog"
"2026-07-19","historical Mobilax-derived catalog snapshot (supplier label scrubbed)","MOTOROLA-2026-05-27","3000000369265","Original Back Cover Motorola Moto G05/Moto E15 5S58C29559 Misty Blue","Motorola","Back Cover","A","Moto E15","","","Moto E15 | Moto G05","2","0","draft","candidate_needs_technical_confirmation_not_current_supplier_catalog"
"2026-07-19","historical Mobilax-derived catalog snapshot (supplier label scrubbed)","MOTOROLA-2026-05-27","3000000369272","Original Back Cover Motorola Moto G05/Moto E15 5S58C29560 Fresh Lavender","Motorola","Back Cover","A","Moto E15","","","Moto E15 | Moto G05","2","0","draft","candidate_needs_technical_confirmation_not_current_supplier_catalog"
"2026-07-19","historical Mobilax-derived catalog snapshot (supplier label scrubbed)","2026-05-25","3000000370667","Incell HD+ Display Touchscreen Apple iPhone 16e/iPhone 17e Black","Apple","Schermi","A","iPhone 16E","","","iPhone 16E | iPhone 17E","2","0","draft","candidate_needs_technical_confirmation_not_current_supplier_catalog"
"2026-07-19","historical Mobilax-derived catalog snapshot (supplier label scrubbed)","2026-05-25","3000000370674","Soft Oled Display Touchscreen Apple iPhone 16e/iPhone 17e (JK IC Removable) Black","Apple","Schermi","A","iPhone 16E","","","iPhone 16E | iPhone 17E","2","0","draft","candidate_needs_technical_confirmation_not_current_supplier_catalog"
"2026-07-19","historical Mobilax-derived catalog snapshot (supplier label scrubbed)","2026-05-25","3000000372197","Battery Adhesive Stickers Apple iPhone 16e/iPhone 17e","Apple","Batterie","A","iPhone 16E","","","iPhone 16E | iPhone 17E","2","0","draft","candidate_needs_technical_confirmation_not_current_supplier_catalog"
"2026-07-19","historical Mobilax-derived catalog snapshot (supplier label scrubbed)","2026-05-25","3000000372203","LCD Adhesive Stickers Apple iPhone 16e/iPhone 17e","Apple","Schermi","A","iPhone 16E","","","iPhone 16E | iPhone 17E","2","0","draft","candidate_needs_technical_confirmation_not_current_supplier_catalog"
"2026-07-19","historical Mobilax-derived catalog snapshot (supplier label scrubbed)","2026-05-25","3000000372210","Internal Earpiece Apple iPhone 16e/iPhone 17e","Apple","Speaker","A","iPhone 16E","","","iPhone 16E | iPhone 17E","2","0","draft","candidate_needs_technical_confirmation_not_current_supplier_catalog"
"2026-07-19","historical Mobilax-derived catalog snapshot (supplier label scrubbed)","2026-05-25","3000000372227","Original Pulled Front Camera Apple iPhone 16e/iPhone 17e 12MP","Apple","Fotocamere","A","iPhone 16E","","","iPhone 16E | iPhone 17E","2","0","draft","candidate_needs_technical_confirmation_not_current_supplier_catalog"
"2026-07-19","historical Mobilax-derived catalog snapshot (supplier label scrubbed)","REALME-2026-05-27","3000000372425","Original Battery Realme 9 Pro 5G/9i 4200013 4909637   BLP911","Realme","Batterie","A","9 Pro 5G","","","9 Pro 5G | 9I","2","0","draft","candidate_needs_technical_confirmation_not_current_supplier_catalog"
"2026-07-19","historical Mobilax-derived catalog snapshot (supplier label scrubbed)","REALME-2026-05-27","3000000372463","Original Battery Realme C25Y/6i 4908580 4903631   BLP771","Realme","Batterie","A","6I","","","6I | C25Y","2","0","draft","candidate_needs_technical_confirmation_not_current_supplier_catalog"
"2026-07-19","historical Mobilax-derived catalog snapshot (supplier label scrubbed)","MOTOROLA-2026-05-27","3000000373293","Original Dock Connector Motorola Moto G15/Moto G15 Power 5P68C29271","Motorola","Connettori","A","Moto G15","","","Moto G15 | Moto G15 Power","2","0","draft","candidate_needs_technical_confirmation_not_current_supplier_catalog"
"2026-07-19","historical Mobilax-derived catalog snapshot (supplier label scrubbed)","2026-05-25","3000000373316","Soft Oled Display Touchscreen Apple iPhone 16e/iPhone 17e (IC Removable) Black","Apple","Schermi","A","iPhone 16E","","","iPhone 16E | iPhone 17E","2","0","draft","candidate_needs_technical_confirmation_not_current_supplier_catalog"
"2026-07-19","historical Mobilax-derived catalog snapshot (supplier label scrubbed)","OPPO-2026-05-27","3000000373552","Premium Front Camera OPPO Reno13 5G/Reno13 Pro 5G 50MP","OPPO","Fotocamere","A","RENO13 5G","","","RENO13 5G | RENO13 Pro 5G","2","0","draft","candidate_needs_technical_confirmation_not_current_supplier_catalog"
"2026-07-19","historical Mobilax-derived catalog snapshot (supplier label scrubbed)","OPPO-2026-05-27","3000000373583","Premium Macro Sensor OPPO Reno13 F 5G/Reno14 F 5G 2MP","OPPO","Flat Cable","A","RENO13 F 5G","","","RENO13 F 5G | RENO14 F 5G","2","0","draft","candidate_needs_technical_confirmation_not_current_supplier_catalog"
"2026-07-19","historical Mobilax-derived catalog snapshot (supplier label scrubbed)","2026-05-25","3000000374863","Stickers Adhesive Back Cover Apple iPhone 16e/iPhone 14/iPhone 17e (x10)","Apple","Back Cover","A","iPhone 14","","","iPhone 14 | iPhone 16E | iPhone 17E","3","0","draft","candidate_needs_technical_confirmation_not_current_supplier_catalog"
"2026-07-19","historical Mobilax-derived catalog snapshot (supplier label scrubbed)","VIVO-2026-05-27","3000000375204","Premium Battery Vivo V50 Lite 5G/V50 Lite 4G/V60 Lite 5G BA93","Vivo","Batterie","A","V50 Lite 4G","","","V50 Lite 4G | V50 Lite 5G","2","0","draft","candidate_needs_technical_confirmation_not_current_supplier_catalog"
"2026-07-19","historical Mobilax-derived catalog snapshot (supplier label scrubbed)","OPPO-2026-05-27","3000000377406","Premium Loudspeaker OPPO A5 Pro (CPH2711)/A5 Pro 5G (CPH2695)","OPPO","Speaker","A","A5 Pro 5G CPH2695","","","A5 Pro 5G CPH2695 | A5 Pro CPH2711","2","0","draft","candidate_needs_technical_confirmation_not_current_supplier_catalog"
"2026-07-19","historical Mobilax-derived catalog snapshot (supplier label scrubbed)","HONOR-2026-05-27","3000000377468","Premium Front Camera Honor Magic 7 Lite 5G/Magic 8 Lite 5G/600 Lite 16MP","Honor","Fotocamere","A","600 Lite","","","600 Lite | Magic 7 Lite 5G | Magic 8 Lite 5G","3","0","draft","candidate_needs_technical_confirmation_not_current_supplier_catalog"
"2026-07-19","historical Mobilax-derived catalog snapshot (supplier label scrubbed)","2026-05-25","3000000378236","Premium Plus Display Touchscreen Incell FHD LTPS Apple iPhone 16e/iPhone 17e (COF IC Removable) *1 Year All-Breakage Warranty* Black","Apple","Schermi","A","iPhone 16E","","","iPhone 16E | iPhone 17E","2","0","draft","candidate_needs_technical_confirmation_not_current_supplier_catalog"
"2026-07-19","historical Mobilax-derived catalog snapshot (supplier label scrubbed)","MOTOROLA-2026-05-27","3000000378496","Original Dock Connector Motorola Moto G86 5G/Moto G86 Power 5B28C30464","Motorola","Connettori","A","Moto G86 5G","","","Moto G86 5G | Moto G86 Power","2","0","draft","candidate_needs_technical_confirmation_not_current_supplier_catalog"
"2026-07-19","historical Mobilax-derived catalog snapshot (supplier label scrubbed)","OPPO-2026-05-27","3000000378588","Original Display Touchscreen OPPO A60 5G (CPH2683)/A3 621029000277 Black","OPPO","Schermi","A","A3","","","A3 | A60 5G CPH2683","2","0","draft","candidate_needs_technical_confirmation_not_current_supplier_catalog"
"2026-07-19","historical Mobilax-derived catalog snapshot (supplier label scrubbed)","SAMSUNG-2026-05-25","3000000378830","Original Rear Cover Adhesive Stickers Samsung Galaxy A15 5G A156B/Galaxy A15 4G A155 GH81-24888A","Samsung","Back Cover","A","Galaxy A15 4G A155","","","Galaxy A15 4G A155 | Galaxy A15 5G A156B","2","0","draft","candidate_needs_technical_confirmation_not_current_supplier_catalog"
"2026-07-19","historical Mobilax-derived catalog snapshot (supplier label scrubbed)","REALME-2026-05-27","3000000379349","Original Battery Realme 14T 5G/P3 5G 621035000264  BLPC59","Realme","Batterie","A","14T 5G","","","14T 5G | P3 5G","2","0","draft","candidate_needs_technical_confirmation_not_current_supplier_catalog"
"2026-07-19","historical Mobilax-derived catalog snapshot (supplier label scrubbed)","2026-05-25","3000000379455","Incell FHD LTPS Display Touchscreen Apple iPhone 16e/iPhone 17e (JK IC Removable COF) Black","Apple","Schermi","A","iPhone 16E","","","iPhone 16E | iPhone 17E","2","0","draft","candidate_needs_technical_confirmation_not_current_supplier_catalog"
"2026-07-19","historical Mobilax-derived catalog snapshot (supplier label scrubbed)","2026-05-25","3000000379790","Vibrator Apple iPhone 16e/iPhone 17e","Apple","Flat Cable","A","iPhone 16E","","","iPhone 16E | iPhone 17E","2","0","draft","candidate_needs_technical_confirmation_not_current_supplier_catalog"
"2026-07-19","historical Mobilax-derived catalog snapshot (supplier label scrubbed)","REALME-2026-05-27","3000000379837","Premium Front Camera Realme 14 Pro 5G/14 5G/P3 5G 16MP","Realme","Fotocamere","A","14 5G","","","14 5G | 14 Pro 5G | P3 5G","3","0","draft","candidate_needs_technical_confirmation_not_current_supplier_catalog"
"2026-07-19","historical Mobilax-derived catalog snapshot (supplier label scrubbed)","HONOR-2026-05-27","3000000379998","Premium Ultra Wide Angle Camera Honor X8C/400 Lite 5MP","Honor","Fotocamere","A","400 Lite","","","400 Lite | X8C","2","0","draft","candidate_needs_technical_confirmation_not_current_supplier_catalog"
"2026-07-19","historical Mobilax-derived catalog snapshot (supplier label scrubbed)","REALME-2026-05-27","3000000380086","Original Battery Realme GT 7 5G/GT 7T 621035000287  BLPC47","Realme","Batterie","A","GT 7 5G","","","GT 7 5G | GT 7T","2","0","draft","candidate_needs_technical_confirmation_not_current_supplier_catalog"
"2026-07-19","historical Mobilax-derived catalog snapshot (supplier label scrubbed)","SAMSUNG-2026-05-27","3000000380475","Original On/Off Button Samsung Galaxy S22 S901/Galaxy S22 Plus S906 GH98-47118G Bora Purple","Samsung","Flat Cable","A","Galaxy S22 Plus S906","","","Galaxy S22 Plus S906 | Galaxy S22 S901","2","0","draft","candidate_needs_technical_confirmation_not_current_supplier_catalog"
"2026-07-19","historical Mobilax-derived catalog snapshot (supplier label scrubbed)","SAMSUNG-2026-05-27","3000000380482","Original Volume Button Samsung Galaxy S22 S901/Galaxy S22 Plus S906 GH98-47110G Bora Purple","Samsung","Flat Cable","A","Galaxy S22 Plus S906","","","Galaxy S22 Plus S906 | Galaxy S22 S901","2","0","draft","candidate_needs_technical_confirmation_not_current_supplier_catalog"
"2026-07-19","historical Mobilax-derived catalog snapshot (supplier label scrubbed)","SAMSUNG-2026-05-27","3000000380505","Premium On/Off and Volume Buttons Samsung Galaxy S22 S901/Galaxy S22 Plus S906 Bora Purple","Samsung","Flat Cable","A","Galaxy S22 Plus S906","","","Galaxy S22 Plus S906 | Galaxy S22 S901","2","0","draft","candidate_needs_technical_confirmation_not_current_supplier_catalog"
"2026-07-19","historical Mobilax-derived catalog snapshot (supplier label scrubbed)","SAMSUNG-2026-05-27","3000000381144","LCD Adhesive Stickers Samsung Galaxy S20 FE 5G G781/Galaxy S20 FE 4G G780 (x10)","Samsung","Schermi","A","Galaxy S20 FE 4G G780","","","Galaxy S20 FE 4G G780 | Galaxy S20 FE 5G G781","2","0","draft","candidate_needs_technical_confirmation_not_current_supplier_catalog"
"2026-07-19","historical Mobilax-derived catalog snapshot (supplier label scrubbed)","OPPO-2026-05-27","3000000382608","Premium Depth Sensor OPPO A5 Pro (CPH2711)/A5 5G (CPH2735) 2MP","OPPO","Flat Cable","A","A5 5G CPH2735","","","A5 5G CPH2735 | A5 Pro CPH2711","2","0","draft","candidate_needs_technical_confirmation_not_current_supplier_catalog"
"2026-07-19","historical Mobilax-derived catalog snapshot (supplier label scrubbed)","REALME-2026-05-27","3000000382790","Original Battery Realme 14T 5G/14 5G 621035000224  BLPC11","Realme","Batterie","A","14 5G","","","14 5G | 14T 5G","2","0","draft","candidate_needs_technical_confirmation_not_current_supplier_catalog"
"2026-07-19","historical Mobilax-derived catalog snapshot (supplier label scrubbed)","REALME-2026-05-27","3000000382806","Original Dock Connector Realme 14 5G/P3 5G 621024000150","Realme","Connettori","A","14 5G","","","14 5G | P3 5G","2","0","draft","candidate_needs_technical_confirmation_not_current_supplier_catalog"
"2026-07-19","historical Mobilax-derived catalog snapshot (supplier label scrubbed)","REALME-2026-05-27","3000000382813","Premium Dock Connector Realme 14 5G/P3 5G","Realme","Connettori","A","14 5G","","","14 5G | P3 5G","2","0","draft","candidate_needs_technical_confirmation_not_current_supplier_catalog"
"2026-07-19","historical Mobilax-derived catalog snapshot (supplier label scrubbed)","REALME-2026-05-27","3000000382820","Original Display Touchscreen Realme 14 5G/P3 5G 621039000086 Black","Realme","Schermi","A","14 5G","","","14 5G | P3 5G","2","0","draft","candidate_needs_technical_confirmation_not_current_supplier_catalog"
"2026-07-19","historical Mobilax-derived catalog snapshot (supplier label scrubbed)","REALME-2026-05-27","3000000382929","Premium Inner Earpiece Realme 14 Pro 5G/14 Pro+/P3 5G/14 5G/16 Pro 5G","Realme","Speaker","A","14 5G","","","14 5G | 14 Pro 5G | 14 Pro+ | P3 5G","4","0","draft","candidate_needs_technical_confirmation_not_current_supplier_catalog"
"2026-07-19","historical Mobilax-derived catalog snapshot (supplier label scrubbed)","2026-05-25","3000000383094","Lens Apple iPhone 16e/iPhone 17e Black","Apple","Fotocamere","A","iPhone 16E","","","iPhone 16E | iPhone 17E","2","0","draft","candidate_needs_technical_confirmation_not_current_supplier_catalog"
"2026-07-19","historical Mobilax-derived catalog snapshot (supplier label scrubbed)","OPPO-2026-05-27","3000000383735","Original Battery OPPO A5 Pro (CPH2711)/A5 Pro 5G (CPH2695) 621035000221  BLPC01","OPPO","Batterie","A","A5 Pro 5G CPH2695","","","A5 Pro 5G CPH2695 | A5 Pro CPH2711","2","0","draft","candidate_needs_technical_confirmation_not_current_supplier_catalog"
"2026-07-19","historical Mobilax-derived catalog snapshot (supplier label scrubbed)","HONOR-2026-05-27","3000000383773","Premium Loudspeaker Honor X8C/400 Lite","Honor","Speaker","A","400 Lite","","","400 Lite | X8C","2","0","draft","candidate_needs_technical_confirmation_not_current_supplier_catalog"
"2026-07-19","historical Mobilax-derived catalog snapshot (supplier label scrubbed)","SAMSUNG-2026-05-25","3000000383780","Stickers Adhesive Back Cover Samsung Galaxy A06 A065/Galaxy A06 5G A066","Samsung","Back Cover","A","Galaxy A06 5G A066","","","Galaxy A06 5G A066 | Galaxy A06 A065","2","0","draft","candidate_needs_technical_confirmation_not_current_supplier_catalog"
"2026-07-19","historical Mobilax-derived catalog snapshot (supplier label scrubbed)","MOTOROLA-2026-05-27","3000000383858","Premium Dock Connector Motorola Moto G86 5G/Moto G86 Power","Motorola","Connettori","A","Moto G86 5G","","","Moto G86 5G | Moto G86 Power","2","0","draft","candidate_needs_technical_confirmation_not_current_supplier_catalog"
"2026-07-19","historical Mobilax-derived catalog snapshot (supplier label scrubbed)","VIVO-2026-05-27","3000000383919","Original Pulled Display Touchscreen Vivo V50 Lite 4G/V50 Lite 5G/V60 Lite 5G Black","Vivo","Schermi","A","V50 Lite 4G","","","V50 Lite 4G | V50 Lite 5G","2","0","draft","candidate_needs_technical_confirmation_not_current_supplier_catalog"
"2026-07-19","historical Mobilax-derived catalog snapshot (supplier label scrubbed)","XIAOMI-2026-05-27","3000000387078","Original Battery Xiaomi Redmi Note 13 4G/Redmi Note 13 5G 1330102000116B  BN5P","Xiaomi","Batterie","A","Redmi Note 13 4G","","","Redmi Note 13 4G | Redmi Note 13 5G","2","0","draft","candidate_needs_technical_confirmation_not_current_supplier_catalog"
"2026-07-19","historical Mobilax-derived catalog snapshot (supplier label scrubbed)","XIAOMI-2026-05-27","3000000387245","Premium Vibrator Xiaomi Redmi Note 14 Pro+ 5G/Poco F7 Pro 5G/Poco X7 5G/Poco X7 Pro 5G","Xiaomi","Flat Cable","A","Poco F7 Pro 5G","","","Poco X7 Pro 5G | Poco F7 Pro 5G | Poco X7 5G","3","0","draft","candidate_needs_technical_confirmation_not_current_supplier_catalog"
"2026-07-19","historical Mobilax-derived catalog snapshot (supplier label scrubbed)","HONOR-2026-05-27","3000000388488","Premium Front Camera Honor 400 Lite/X8C 16MP","Honor","Fotocamere","A","400 Lite","","","400 Lite | X8C","2","0","draft","candidate_needs_technical_confirmation_not_current_supplier_catalog"
"2026-07-19","historical Mobilax-derived catalog snapshot (supplier label scrubbed)","HONOR-2026-05-27","3000000388495","Premium Main Camera Honor 400 Lite/X8C 108MP","Honor","Fotocamere","A","400 Lite","","","400 Lite | X8C","2","0","draft","candidate_needs_technical_confirmation_not_current_supplier_catalog"
"2026-07-19","historical Mobilax-derived catalog snapshot (supplier label scrubbed)","HONOR-2026-05-27","3000000388501","AI Camera Button Premium Honor 400 Lite/X8C Marrs Green","Honor","Fotocamere","A","400 Lite","","","400 Lite | X8C","2","0","draft","candidate_needs_technical_confirmation_not_current_supplier_catalog"
"2026-07-19","historical Mobilax-derived catalog snapshot (supplier label scrubbed)","HONOR-2026-05-27","3000000388518","AI Camera Button Premium Honor 400 Lite/X8C Velvet Grey","Honor","Fotocamere","A","400 Lite","","","400 Lite | X8C","2","0","draft","candidate_needs_technical_confirmation_not_current_supplier_catalog"
"2026-07-19","historical Mobilax-derived catalog snapshot (supplier label scrubbed)","HONOR-2026-05-27","3000000389188","Original Loudspeaker Honor 400 Lite/X8C 0235ANSG","Honor","Speaker","A","400 Lite","","","400 Lite | X8C","2","0","draft","candidate_needs_technical_confirmation_not_current_supplier_catalog"
"2026-07-19","historical Mobilax-derived catalog snapshot (supplier label scrubbed)","HONOR-2026-05-27","3000000389270","Original Rear Cover Adhesive Stickers Honor 400 Lite/X8C 5163AFDB","Honor","Back Cover","A","400 Lite","","","400 Lite | X8C","2","0","draft","candidate_needs_technical_confirmation_not_current_supplier_catalog"
"2026-07-19","historical Mobilax-derived catalog snapshot (supplier label scrubbed)","HONOR-2026-05-27","3000000389331","Original Volume Button Honor 400 Lite/X8C 5168ACCQ Velvet Grey","Honor","Flat Cable","A","400 Lite","","","400 Lite | X8C","2","0","draft","candidate_needs_technical_confirmation_not_current_supplier_catalog"
"2026-07-19","historical Mobilax-derived catalog snapshot (supplier label scrubbed)","HONOR-2026-05-27","3000000389348","Original Volume Button Honor 400 Lite/X8C 5168ACCP Velvet Black","Honor","Flat Cable","A","400 Lite","","","400 Lite | X8C","2","0","draft","candidate_needs_technical_confirmation_not_current_supplier_catalog"
"2026-07-19","historical Mobilax-derived catalog snapshot (supplier label scrubbed)","SAMSUNG-2026-05-27","3000000389829","Premium Dock Connector Samsung Galaxy S20 G980/Galaxy S20 5G G981 (Version US)","Samsung","Connettori","A","Galaxy S20 5G G981","","","Galaxy S20 5G G981 | Galaxy S20 G980","2","0","draft","candidate_needs_technical_confirmation_not_current_supplier_catalog"
"2026-07-19","historical Mobilax-derived catalog snapshot (supplier label scrubbed)","SAMSUNG-2026-05-27","3000000389836","Premium Dock Connector Samsung Galaxy S20 Plus G985/Galaxy S20 Plus 5G G986 (Version US)","Samsung","Connettori","A","Galaxy S20 Plus 5G G986","","","Galaxy S20 Plus G985 | Galaxy S20 Plus 5G G986","2","0","draft","candidate_needs_technical_confirmation_not_current_supplier_catalog"
"2026-07-19","historical Mobilax-derived catalog snapshot (supplier label scrubbed)","2026-05-25","3000000390160","Battery High Capacity Apple iPhone 12/iPhone 12 Pro (TI 3270mAh)","Apple","Batterie","A","iPhone 12","","","iPhone 12 | iPhone 12 Pro","2","0","draft","candidate_needs_technical_confirmation_not_current_supplier_catalog"
"2026-07-19","historical Mobilax-derived catalog snapshot (supplier label scrubbed)","REALME-2026-05-27","3000000390214","Premium Loudspeaker Realme 14 5G/14T 5G/P3 5G","Realme","Speaker","A","14 5G","","","14 5G | 14T 5G | P3 5G","3","0","draft","candidate_needs_technical_confirmation_not_current_supplier_catalog"
"2026-07-19","historical Mobilax-derived catalog snapshot (supplier label scrubbed)","REALME-2026-05-27","3000000390245","Premium Sim Tray Realme 14 5G/P3 5G Titanium Storm","Realme","Flat Cable","A","14 5G","","","14 5G | P3 5G","2","0","draft","candidate_needs_technical_confirmation_not_current_supplier_catalog"
"2026-07-19","historical Mobilax-derived catalog snapshot (supplier label scrubbed)","REALME-2026-05-27","3000000390320","Premium Loudspeaker Realme GT 7 5G/GT 7T","Realme","Speaker","A","GT 7 5G","","","GT 7 5G | GT 7T","2","0","draft","candidate_needs_technical_confirmation_not_current_supplier_catalog"
"2026-07-19","historical Mobilax-derived catalog snapshot (supplier label scrubbed)","REALME-2026-05-27","3000000390351","Premium Sim Tray Realme GT 7 5G/GT 7T IceSense Black","Realme","Flat Cable","A","GT 7 5G","","","GT 7 5G | GT 7T","2","0","draft","candidate_needs_technical_confirmation_not_current_supplier_catalog"
"2026-07-19","historical Mobilax-derived catalog snapshot (supplier label scrubbed)","REALME-2026-05-27","3000000390368","Premium Sim Tray Realme GT 7 5G/GT 7T IceSense Blue","Realme","Flat Cable","A","GT 7 5G","","","GT 7 5G | GT 7T","2","0","draft","candidate_needs_technical_confirmation_not_current_supplier_catalog"
"2026-07-19","historical Mobilax-derived catalog snapshot (supplier label scrubbed)","REALME-2026-05-27","3000000390375","Premium Inner Earpiece Realme GT 7 5G/GT 7T","Realme","Speaker","A","GT 7 5G","","","GT 7 5G | GT 7T","2","0","draft","candidate_needs_technical_confirmation_not_current_supplier_catalog"
"2026-07-19","historical Mobilax-derived catalog snapshot (supplier label scrubbed)","SAMSUNG-2026-05-25","3000000390740","Original FRC Flex Cable Samsung Galaxy Z Flip 6 5G F741/Galaxy Z Flip 7 FE F761 GH59-15770A  Top","Samsung","Flat Cable","A","Galaxy Z Flip 6 5G F741","","","Galaxy Z Flip 6 5G F741 | Galaxy Z Flip 7 FE F761","2","0","draft","candidate_needs_technical_confirmation_not_current_supplier_catalog"
"2026-07-19","historical Mobilax-derived catalog snapshot (supplier label scrubbed)","SAMSUNG-2026-05-25","3000000391785","Original Rear Cover Adhesive Stickers Samsung Galaxy Z Flip 6 5G F741/Galaxy Z Flip 7 FE F761 GH81-26116A","Samsung","Back Cover","A","Galaxy Z Flip 6 5G F741","","","Galaxy Z Flip 6 5G F741 | Galaxy Z Flip 7 FE F761","2","0","draft","candidate_needs_technical_confirmation_not_current_supplier_catalog"
"2026-07-19","historical Mobilax-derived catalog snapshot (supplier label scrubbed)","HONOR-2026-05-27","3000000394700","Original Internal Earpiece Honor 50/50 Lite/70/200 Lite/400 Lite 22030107","Honor","Speaker","A","50","","","50 | 200 Lite | 400 Lite | 50 Lite | 70","5","0","draft","candidate_needs_technical_confirmation_not_current_supplier_catalog"
"2026-07-19","historical Mobilax-derived catalog snapshot (supplier label scrubbed)","HONOR-2026-05-27","3000000394779","AI Camera Button Original Honor 400 Lite/X8C 2310AAHV Midnight Schwarz","Honor","Fotocamere","A","400 Lite","","","400 Lite | X8C","2","0","draft","candidate_needs_technical_confirmation_not_current_supplier_catalog"
"2026-07-19","historical Mobilax-derived catalog snapshot (supplier label scrubbed)","HONOR-2026-05-27","3000000394786","Original Battery Adhesive Stickers Honor 400 Lite/X8C 5163AFDL","Honor","Batterie","A","400 Lite","","","400 Lite | X8C","2","0","draft","candidate_needs_technical_confirmation_not_current_supplier_catalog"
"2026-07-19","historical Mobilax-derived catalog snapshot (supplier label scrubbed)","HONOR-2026-05-27","3000000395509","Premium Ultra Wide Angle Camera Honor 400 Pro/400 5G 12MP","Honor","Fotocamere","A","400 5G","","","400 5G | 400 Pro","2","0","draft","candidate_needs_technical_confirmation_not_current_supplier_catalog"
"2026-07-19","historical Mobilax-derived catalog snapshot (supplier label scrubbed)","2026-05-25","3000000396087","Incell FHD LTPS Display Touchscreen Diagnostic Apple iPhone 12/iPhone 12 Pro Black","Apple","Schermi","A","iPhone 12","","","iPhone 12 | iPhone 12 Pro","2","0","draft","candidate_needs_technical_confirmation_not_current_supplier_catalog"
"2026-07-19","historical Mobilax-derived catalog snapshot (supplier label scrubbed)","2026-05-25","3000000396155","Soft Oled Diagnostic Display Touchscreen Apple iPhone 12/iPhone 12 Pro Black","Apple","Schermi","A","iPhone 12","","","iPhone 12 | iPhone 12 Pro","2","0","draft","candidate_needs_technical_confirmation_not_current_supplier_catalog"
"2026-07-19","historical Mobilax-derived catalog snapshot (supplier label scrubbed)","OPPO-2026-05-27","3000000396704","Original Battery OPPO A5 4G (CPH2727)/ A5x (CPH2725)/A5 5G (CPH2735) 621035000309 621035000297   BLPC23","OPPO","Batterie","A","A5 4G CPH2727","","","A5 4G CPH2727 | A5 5G CPH2735 | A5X CPH2725","3","0","draft","candidate_needs_technical_confirmation_not_current_supplier_catalog"
"2026-07-19","historical Mobilax-derived catalog snapshot (supplier label scrubbed)","SAMSUNG-2026-05-25","3000000397183","Original Power and Volume Flex Cable Samsung Galaxy A17 5G A176/Galaxy A17 4G A175 GH59-15948A","Samsung","Flat Cable","A","Galaxy A17 4G A175","","","Galaxy A17 4G A175 | Galaxy A17 5G A176","2","0","draft","candidate_needs_technical_confirmation_not_current_supplier_catalog"
"2026-07-19","historical Mobilax-derived catalog snapshot (supplier label scrubbed)","SAMSUNG-2026-05-25","3000000397213","Original Volume Button Samsung Galaxy A17 5G A176/Galaxy A17 4G A175  GH64-09919A Black","Samsung","Flat Cable","A","Galaxy A17 4G A175","","","Galaxy A17 4G A175 | Galaxy A17 5G A176","2","0","draft","candidate_needs_technical_confirmation_not_current_supplier_catalog"
"2026-07-19","historical Mobilax-derived catalog snapshot (supplier label scrubbed)","SAMSUNG-2026-05-25","3000000397220","Original Volume Button Samsung Galaxy A17 5G A176/Galaxy A17 4G A175  GH64-09919B Grey","Samsung","Flat Cable","A","Galaxy A17 4G A175","","","Galaxy A17 4G A175 | Galaxy A17 5G A176","2","0","draft","candidate_needs_technical_confirmation_not_current_supplier_catalog"
"2026-07-19","historical Mobilax-derived catalog snapshot (supplier label scrubbed)","SAMSUNG-2026-05-25","3000000397275","Premium Sim Tray Samsung Galaxy A17 5G A176/Galaxy A17 4G A175 Black","Samsung","Flat Cable","A","Galaxy A17 4G A175","","","Galaxy A17 4G A175 | Galaxy A17 5G A176","2","0","draft","candidate_needs_technical_confirmation_not_current_supplier_catalog"
"2026-07-19","historical Mobilax-derived catalog snapshot (supplier label scrubbed)","SAMSUNG-2026-05-25","3000000397299","Premium Sim Tray Samsung Galaxy A17 5G A176/Galaxy A17 4G A175 Grey","Samsung","Flat Cable","A","Galaxy A17 4G A175","","","Galaxy A17 4G A175 | Galaxy A17 5G A176","2","0","draft","candidate_needs_technical_confirmation_not_current_supplier_catalog"
"2026-07-19","historical Mobilax-derived catalog snapshot (supplier label scrubbed)","SAMSUNG-2026-05-25","3000000397367","Premium Power and Volume Flex Cable Samsung Galaxy A17 4G A175/Galaxy A17 5G A176","Samsung","Flat Cable","A","Galaxy A17 4G A175","","","Galaxy A17 4G A175 | Galaxy A17 5G A176","2","0","draft","candidate_needs_technical_confirmation_not_current_supplier_catalog"
"2026-07-19","historical Mobilax-derived catalog snapshot (supplier label scrubbed)","SAMSUNG-2026-05-25","3000000397398","Original Screen Adhesive Sticker Samsung Galaxy A17 4G A175/Galaxy A17 5G A176 GH02-24429B","Samsung","Schermi","A","Galaxy A17 4G A175","","","Galaxy A17 4G A175 | Galaxy A17 5G A176","2","0","draft","candidate_needs_technical_confirmation_not_current_supplier_catalog"
"2026-07-19","historical Mobilax-derived catalog snapshot (supplier label scrubbed)","XIAOMI-2026-05-27","3000000397794","Original Battery Xiaomi Redmi 15C 4G/Redmi 15C 5G 1330101000254B  BN68","Xiaomi","Batterie","A","Redmi 15C 4G","","","Redmi 15C 4G | Redmi 15C 5G","2","0","draft","candidate_needs_technical_confirmation_not_current_supplier_catalog"
"2026-07-19","historical Mobilax-derived catalog snapshot (supplier label scrubbed)","XIAOMI-2026-05-27","3000000397893","Premium Fingerprint Reader Xiaomi Redmi 15 4G/Redmi 15 5G Grey","Xiaomi","Flat Cable","A","Redmi 15 4G","","","Redmi 15 4G | Redmi 15 5G","2","0","draft","candidate_needs_technical_confirmation_not_current_supplier_catalog"
"2026-07-19","historical Mobilax-derived catalog snapshot (supplier label scrubbed)","XIAOMI-2026-05-27","3000000397985","Premium Sim Tray Xiaomi Redmi 15 4G/Redmi 15 5G Midnight Schwarz","Xiaomi","Flat Cable","A","Redmi 15 4G","","","Redmi 15 4G | Redmi 15 5G","2","0","draft","candidate_needs_technical_confirmation_not_current_supplier_catalog"
"2026-07-19","historical Mobilax-derived catalog snapshot (supplier label scrubbed)","XIAOMI-2026-05-27","3000000398005","Premium Sim Tray Xiaomi Redmi 15 4G/Redmi 15 5G Grey","Xiaomi","Flat Cable","A","Redmi 15 4G","","","Redmi 15 4G | Redmi 15 5G","2","0","draft","candidate_needs_technical_confirmation_not_current_supplier_catalog"
"2026-07-19","historical Mobilax-derived catalog snapshot (supplier label scrubbed)","XIAOMI-2026-05-27","3000000398074","Premium Vibrator Xiaomi Redmi 15 5G/Redmi 15 4G","Xiaomi","Flat Cable","A","Redmi 15 4G","","","Redmi 15 4G | Redmi 15 5G","2","0","draft","candidate_needs_technical_confirmation_not_current_supplier_catalog"
"2026-07-19","historical Mobilax-derived catalog snapshot (supplier label scrubbed)","2026-05-25","3000000398203","Hard Oled Display Touchscreen Apple iPhone 16e/iPhone 17e (IC Removable) Black","Apple","Schermi","A","iPhone 16E","","","iPhone 16E | iPhone 17E","2","0","draft","candidate_needs_technical_confirmation_not_current_supplier_catalog"
"2026-07-19","historical Mobilax-derived catalog snapshot (supplier label scrubbed)","SAMSUNG-2026-05-25","3000000398456","Original Pulled Dock Connector Samsung Galaxy A12 A125/Galaxy M12 M127","Samsung","Connettori","A","Galaxy A12 A125","","","Galaxy A12 A125 | Galaxy M12 M127","2","0","draft","candidate_needs_technical_confirmation_not_current_supplier_catalog"
"2026-07-19","historical Mobilax-derived catalog snapshot (supplier label scrubbed)","SAMSUNG-2026-05-25","3000000398494","Original Pulled Dock Connector Samsung Galaxy A15 5G A156B/Galaxy A15 4G A155/Galaxy M15 5G M156","Samsung","Connettori","A","Galaxy A15 4G A155","","","Galaxy A15 4G A155 | Galaxy A15 5G A156B | Galaxy M15 5G M156","3","0","draft","candidate_needs_technical_confirmation_not_current_supplier_catalog"
"2026-07-19","historical Mobilax-derived catalog snapshot (supplier label scrubbed)","SAMSUNG-2026-05-27","3000000398791","Original Pulled Dock Connector Samsung Galaxy S20 G980/Galaxy S20 5G G981","Samsung","Connettori","A","Galaxy S20 5G G981","","","Galaxy S20 5G G981 | Galaxy S20 G980","2","0","draft","candidate_needs_technical_confirmation_not_current_supplier_catalog"
"2026-07-19","historical Mobilax-derived catalog snapshot (supplier label scrubbed)","SAMSUNG-2026-05-25","3000000398906","Original Pulled Dock Connector Samsung Galaxy A52 5G A526/Galaxy A52 4G A525","Samsung","Connettori","A","Galaxy A52 4G A525","","","Galaxy A52 4G A525 | Galaxy A52 5G A526","2","0","draft","candidate_needs_technical_confirmation_not_current_supplier_catalog"
"2026-07-19","historical Mobilax-derived catalog snapshot (supplier label scrubbed)","SAMSUNG-2026-05-25","3000000398937","Original Pulled Dock Connector Samsung Galaxy A13 5G A136/Galaxy M13 5G M136","Samsung","Connettori","A","Galaxy A13 5G A136","","","Galaxy A13 5G A136 | Galaxy M13 5G M136","2","0","draft","candidate_needs_technical_confirmation_not_current_supplier_catalog"
"2026-07-19","historical Mobilax-derived catalog snapshot (supplier label scrubbed)","SAMSUNG-2026-05-27","3000000399040","Original Pulled Dock Connector Samsung Galaxy S20 Plus 5G G986/Galaxy S20 Plus G985","Samsung","Connettori","A","Galaxy S20 Plus 5G G986","","","Galaxy S20 Plus G985 | Galaxy S20 Plus 5G G986","2","0","draft","candidate_needs_technical_confirmation_not_current_supplier_catalog"
"2026-07-19","historical Mobilax-derived catalog snapshot (supplier label scrubbed)","SAMSUNG-2026-05-25","3000000399064","Original Pulled Dock Connector Samsung Galaxy A03 A035F/Galaxy A03 A035G","Samsung","Connettori","A","Galaxy A03 A035F","","","Galaxy A03 A035F | Galaxy A03 A035G","2","0","draft","candidate_needs_technical_confirmation_not_current_supplier_catalog"
"2026-07-19","historical Mobilax-derived catalog snapshot (supplier label scrubbed)","SAMSUNG-2026-05-25","3000000399187","Original Pulled Dock Connector Samsung Galaxy M23 5G M236/Galaxy M33 5G M336","Samsung","Connettori","A","Galaxy M23 5G M236","","","Galaxy M23 5G M236 | Galaxy M33 5G M336","2","0","draft","candidate_needs_technical_confirmation_not_current_supplier_catalog"
"2026-07-19","historical Mobilax-derived catalog snapshot (supplier label scrubbed)","SAMSUNG-2026-05-25","3000000400692","Premium Volume Button Samsung Galaxy A17 4G A175/Galaxy A17 5G A176 Black","Samsung","Flat Cable","A","Galaxy A17 4G A175","","","Galaxy A17 4G A175 | Galaxy A17 5G A176","2","0","draft","candidate_needs_technical_confirmation_not_current_supplier_catalog"
"2026-07-19","historical Mobilax-derived catalog snapshot (supplier label scrubbed)","SAMSUNG-2026-05-25","3000000400708","Premium Volume Button Samsung Galaxy A17 4G A175/Galaxy A17 5G A176 Grey","Samsung","Flat Cable","A","Galaxy A17 4G A175","","","Galaxy A17 4G A175 | Galaxy A17 5G A176","2","0","draft","candidate_needs_technical_confirmation_not_current_supplier_catalog"
"2026-07-19","historical Mobilax-derived catalog snapshot (supplier label scrubbed)","MOTOROLA-2026-05-27","3000000401293","Original Dock Connector Motorola Moto G06 Power/Moto G06 4G S948E79529","Motorola","Connettori","A","Moto G06 4G","","","Moto G06 4G | Moto G06 Power","2","0","draft","candidate_needs_technical_confirmation_not_current_supplier_catalog"
"2026-07-19","historical Mobilax-derived catalog snapshot (supplier label scrubbed)","REALME-2026-05-27","3000000403433","Premium Main Camera Realme 14T 5G/P3 5G 50MP","Realme","Fotocamere","A","14T 5G","","","14T 5G | P3 5G","2","0","draft","candidate_needs_technical_confirmation_not_current_supplier_catalog"
"2026-07-19","historical Mobilax-derived catalog snapshot (supplier label scrubbed)","SAMSUNG-2026-05-25","3000000403457","Stickers Adhesive Back Cover Samsung Galaxy Z Flip 6 5G F741/Galaxy Z Flip 7 FE F761","Samsung","Back Cover","A","Galaxy Z Flip 6 5G F741","","","Galaxy Z Flip 6 5G F741 | Galaxy Z Flip 7 FE F761","2","0","draft","candidate_needs_technical_confirmation_not_current_supplier_catalog"
"2026-07-19","historical Mobilax-derived catalog snapshot (supplier label scrubbed)","XIAOMI-2026-05-27","3000000403884","Premium Lens Xiaomi Redmi 15C 4G/Redmi 15C 5G Black","Xiaomi","Fotocamere","A","Redmi 15C 4G","","","Redmi 15C 4G | Redmi 15C 5G","2","0","draft","candidate_needs_technical_confirmation_not_current_supplier_catalog"
"2026-07-19","historical Mobilax-derived catalog snapshot (supplier label scrubbed)","SAMSUNG-2026-05-27","3000000404539","Original Antenna Module Samsung Galaxy S20 Plus G985/Galaxy S20 Plus 5G G986 GH97-24206A","Samsung","Flat Cable","A","Galaxy S20 Plus 5G G986","","","Galaxy S20 Plus G985 | Galaxy S20 Plus 5G G986","2","0","draft","candidate_needs_technical_confirmation_not_current_supplier_catalog"
"2026-07-19","historical Mobilax-derived catalog snapshot (supplier label scrubbed)","SAMSUNG-2026-05-27","3000000404546","Premium Antenna Module Samsung Galaxy S20 Plus G985/Galaxy S20 Plus 5G G986","Samsung","Flat Cable","A","Galaxy S20 Plus 5G G986","","","Galaxy S20 Plus G985 | Galaxy S20 Plus 5G G986","2","0","draft","candidate_needs_technical_confirmation_not_current_supplier_catalog"
"2026-07-19","historical Mobilax-derived catalog snapshot (supplier label scrubbed)","SAMSUNG-2026-05-25","3000000404577","Original Screen Adhesive Sticker Samsung Galaxy Xcover 6 Pro G736/Galaxy Xcover 7 G556 GH02-24129A","Samsung","Schermi","A","Galaxy XCover 6 Pro G736","","","Galaxy XCover 6 Pro G736 | Galaxy XCover 7 G556","2","0","draft","candidate_needs_technical_confirmation_not_current_supplier_catalog"
"2026-07-19","historical Mobilax-derived catalog snapshot (supplier label scrubbed)","REALME-2026-05-27","3000000404935","Original Battery Realme C71/Note 70T/P3 Lite 4G 621035000290  BLPC75","Realme","Batterie","A","C71","","","C71 | Note 70T","2","0","draft","candidate_needs_technical_confirmation_not_current_supplier_catalog"
"2026-07-19","historical Mobilax-derived catalog snapshot (supplier label scrubbed)","REALME-2026-05-27","3000000407226","Premium LCD Flex Cable Realme 14 5G/14T 5G/P3 5G","Realme","Schermi","A","14 5G","","","14 5G | 14T 5G | P3 5G","3","0","draft","candidate_needs_technical_confirmation_not_current_supplier_catalog"
"2026-07-19","historical Mobilax-derived catalog snapshot (supplier label scrubbed)","REALME-2026-05-27","3000000407240","Premium Fingerprint Reader Realme GT 7 5G/GT 7T","Realme","Flat Cable","A","GT 7 5G","","","GT 7 5G | GT 7T","2","0","draft","candidate_needs_technical_confirmation_not_current_supplier_catalog"
"2026-07-19","historical Mobilax-derived catalog snapshot (supplier label scrubbed)","2026-05-25","3000000409916","Screw Kit Apple iPhone 17 Pro/iPhone 17 Pro Max Silver","Apple","Flat Cable","A","iPhone 17 Pro","","","iPhone 17 Pro | iPhone 17 Pro Max","2","0","draft","candidate_needs_technical_confirmation_not_current_supplier_catalog"
"2026-07-19","historical Mobilax-derived catalog snapshot (supplier label scrubbed)","2026-05-25","3000000409923","Screw Kit Apple iPhone 17 Pro/iPhone 17 Pro Max Cosmic Orange","Apple","Flat Cable","A","iPhone 17 Pro","","","iPhone 17 Pro | iPhone 17 Pro Max","2","0","draft","candidate_needs_technical_confirmation_not_current_supplier_catalog"
"2026-07-19","historical Mobilax-derived catalog snapshot (supplier label scrubbed)","2026-05-25","3000000409930","Screw Kit Apple iPhone 17 Pro/iPhone 17 Pro Max Intense Blue","Apple","Flat Cable","A","iPhone 17 Pro","","","iPhone 17 Pro | iPhone 17 Pro Max","2","0","draft","candidate_needs_technical_confirmation_not_current_supplier_catalog"
"2026-07-19","historical Mobilax-derived catalog snapshot (supplier label scrubbed)","SAMSUNG-2026-05-27","3000000410202","Original Touch Screen Assembled with Compatible Frame Samsung Galaxy S20 FE 4G G780/Galaxy S20 FE 5G G781 GH82-24214A  GH82-24215A  GH82-24219A  GH82-24220A  GH82-31321A  GH82-31328A  GH82-31329A  GH82-31320A Cloud Navy","Samsung","Schermi","A","Galaxy S20 FE 4G G780","","","Galaxy S20 FE 4G G780 | Galaxy S20 FE 5G G781","2","0","draft","candidate_needs_technical_confirmation_not_current_supplier_catalog"
"2026-07-19","historical Mobilax-derived catalog snapshot (supplier label scrubbed)","2026-05-25","3000000410691","Battery Diagnostic High Capacity Apple iPhone 12/iPhone 12 Pro GENUINE (TI 3230mAh)","Apple","Batterie","A","iPhone 12","","","iPhone 12 | iPhone 12 Pro","2","0","draft","candidate_needs_technical_confirmation_not_current_supplier_catalog"
"2026-07-19","historical Mobilax-derived catalog snapshot (supplier label scrubbed)","2026-05-25","3000000410851","Original Battery Apple iPhone 12/iPhone 12 Pro 661-17920 (Service Pack)","Apple","Batterie","A","iPhone 12","","","iPhone 12 | iPhone 12 Pro","2","0","draft","candidate_needs_technical_confirmation_not_current_supplier_catalog"
"2026-07-19","historical Mobilax-derived catalog snapshot (supplier label scrubbed)","REALME-2026-05-27","3000000411179","Premium Power and Volume Flex Cable Realme C71/Note 70T/P3 Lite 4G","Realme","Flat Cable","A","C71","","","C71 | Note 70T","2","0","draft","candidate_needs_technical_confirmation_not_current_supplier_catalog"
"2026-07-19","historical Mobilax-derived catalog snapshot (supplier label scrubbed)","REALME-2026-05-27","3000000411193","Premium Vibrator Realme C71/Note 70T/P3 Lite 4G","Realme","Flat Cable","A","C71","","","C71 | Note 70T","2","0","draft","candidate_needs_technical_confirmation_not_current_supplier_catalog"
"2026-07-19","historical Mobilax-derived catalog snapshot (supplier label scrubbed)","REALME-2026-05-27","3000000411216","Premium Power and Volume Flex Cable Realme 14 5G/14T 5G/P3 5G","Realme","Flat Cable","A","14 5G","","","14 5G | 14T 5G | P3 5G","3","0","draft","candidate_needs_technical_confirmation_not_current_supplier_catalog"
"2026-07-19","historical Mobilax-derived catalog snapshot (supplier label scrubbed)","OPPO-2026-05-27","3000000411391","Premium Dock Connector OPPO  A5x (CPH2725)/A5 4G (CPH2727)","OPPO","Connettori","A","A5 4G CPH2727","","","A5 4G CPH2727 | A5X CPH2725","2","0","draft","candidate_needs_technical_confirmation_not_current_supplier_catalog"
"2026-07-19","historical Mobilax-derived catalog snapshot (supplier label scrubbed)","REALME-2026-05-27","3000000411599","Premium Connection Flex Cable Realme 14 5G/14T 5G/P3 5G","Realme","Flat Cable","A","14 5G","","","14 5G | 14T 5G | P3 5G","3","0","draft","candidate_needs_technical_confirmation_not_current_supplier_catalog"
"2026-07-19","historical Mobilax-derived catalog snapshot (supplier label scrubbed)","2026-05-25","3000000411872","Soft Oled Premium Plus Display Touchscreen Apple iPhone 16e/iPhone 17e (IC Removable) *1 Year All-Breakage Warranty* Black","Apple","Schermi","A","iPhone 16E","","","iPhone 16E | iPhone 17E","2","0","draft","candidate_needs_technical_confirmation_not_current_supplier_catalog"
"2026-07-19","historical Mobilax-derived catalog snapshot (supplier label scrubbed)","2026-05-25","3000000411896","Soft Oled Premium Plus Display Touchscreen Apple iPhone 12/iPhone 12 Pro *1 Year All-Breakage Warranty* Black","Apple","Schermi","A","iPhone 12","","","iPhone 12 | iPhone 12 Pro","2","0","draft","candidate_needs_technical_confirmation_not_current_supplier_catalog"
"2026-07-19","historical Mobilax-derived catalog snapshot (supplier label scrubbed)","MOTOROLA-2026-05-27","3000000412848","Original Dock Connector Motorola Moto G06 Power/Moto G06 4G 5B28C31260","Motorola","Connettori","A","Moto G06 4G","","","Moto G06 4G | Moto G06 Power","2","0","draft","candidate_needs_technical_confirmation_not_current_supplier_catalog"
"2026-07-19","historical Mobilax-derived catalog snapshot (supplier label scrubbed)","OPPO-2026-05-27","3000000412978","Premium Fingerprint Reader OPPO A5 4G (CPH2727)/ A5x (CPH2725) Mist White","OPPO","Flat Cable","A","A5 4G CPH2727","","","A5 4G CPH2727 | A5X CPH2725","2","0","draft","candidate_needs_technical_confirmation_not_current_supplier_catalog"
"2026-07-19","historical Mobilax-derived catalog snapshot (supplier label scrubbed)","OPPO-2026-05-27","3000000412985","Premium Power and Volume Flex Cable OPPO A5 4G (CPH2727)/ A5x (CPH2725)","OPPO","Flat Cable","A","A5 4G CPH2727","","","A5 4G CPH2727 | A5X CPH2725","2","0","draft","candidate_needs_technical_confirmation_not_current_supplier_catalog"
"2026-07-19","historical Mobilax-derived catalog snapshot (supplier label scrubbed)","OPPO-2026-05-27","3000000413005","Premium Front Camera OPPO A5 4G (CPH2727)/ A5x (CPH2725) 5MP","OPPO","Fotocamere","A","A5 4G CPH2727","","","A5 4G CPH2727 | A5X CPH2725","2","0","draft","candidate_needs_technical_confirmation_not_current_supplier_catalog"
"2026-07-19","historical Mobilax-derived catalog snapshot (supplier label scrubbed)","OPPO-2026-05-27","3000000413029","Premium Loudspeaker OPPO A5 4G (CPH2727)/A5 5G (CPH2735)/ A5x (CPH2725)","OPPO","Speaker","A","A5 4G CPH2727","","","A5 4G CPH2727 | A5 5G CPH2735 | A5X CPH2725","3","0","draft","candidate_needs_technical_confirmation_not_current_supplier_catalog"
"2026-07-19","historical Mobilax-derived catalog snapshot (supplier label scrubbed)","OPPO-2026-05-27","3000000413043","Premium Sim Tray OPPO A5 4G (CPH2727)/ A5x (CPH2725) Mist White","OPPO","Flat Cable","A","A5 4G CPH2727","","","A5 4G CPH2727 | A5X CPH2725","2","0","draft","candidate_needs_technical_confirmation_not_current_supplier_catalog"
"2026-07-19","historical Mobilax-derived catalog snapshot (supplier label scrubbed)","REALME-2026-05-27","3000000413173","Premium Fingerprint Reader Realme 14 5G/P3 5G","Realme","Flat Cable","A","14 5G","","","14 5G | P3 5G","2","0","draft","candidate_needs_technical_confirmation_not_current_supplier_catalog"
"2026-07-19","historical Mobilax-derived catalog snapshot (supplier label scrubbed)","REALME-2026-05-27","3000000413258","Premium Inner Earpiece Realme C71/P3 Lite 4G/Note 70T","Realme","Speaker","A","C71","","","C71 | Note 70T","2","0","draft","candidate_needs_technical_confirmation_not_current_supplier_catalog"
"2026-07-19","historical Mobilax-derived catalog snapshot (supplier label scrubbed)","OPPO-2026-05-27","3000000413463","Original Display Touchscreen OPPO A5 4G (CPH2727)/ A5x (CPH2725) 621029000585 Black","OPPO","Schermi","A","A5 4G CPH2727","","","A5 4G CPH2727 | A5X CPH2725","2","0","draft","candidate_needs_technical_confirmation_not_current_supplier_catalog"
"2026-07-19","historical Mobilax-derived catalog snapshot (supplier label scrubbed)","OPPO-2026-05-27","3000000413654","Premium Ultra Wide Angle Camera OPPO Reno14 F 5G/Reno15 F 5G Realme 16 Pro 5G 8MP","OPPO","Fotocamere","A","RENO14 F 5G","","","RENO14 F 5G | RENO15 F 5G","2","0","draft","candidate_needs_technical_confirmation_not_current_supplier_catalog"
"2026-07-19","historical Mobilax-derived catalog snapshot (supplier label scrubbed)","SAMSUNG-2026-05-27","3000000414118","Soldered Charging Connector Samsung Galaxy S20 G980/Galaxy S20 Plus G985/Galaxy S20 FE 5G G781/Galaxy S20 Ultra G988/Galaxy S20 5G G981/Galaxy S20 Plus 5G G986/Galaxy Note 10 N970/Galaxy Note 10 Plus N975","Samsung","Connettori","A","Galaxy S20 5G G981","","","Galaxy S20 Plus G985 | Galaxy S20 5G G981 | Galaxy S20 FE 5G G781 | Galaxy S20 Ultra G988 | Galaxy S20 Plus 5G G986 | Galaxy S20 G980","6","0","draft","candidate_needs_technical_confirmation_not_current_supplier_catalog"
"2026-07-19","historical Mobilax-derived catalog snapshot (supplier label scrubbed)","SAMSUNG-2026-05-27","3000000414125","Soldered Charging Connector Samsung Galaxy S21 5G G991/Galaxy S21 Plus 5G G996/Galaxy S21 Ultra 5G G998/Galaxy S21 FE G990/Galaxy S22 S901/Galaxy S22 Plus S906/Galaxy S22 Ultra S908/Galaxy S23 5G S911/Galaxy S23 Plus 5G S916/Galaxy S23 Ultra 5G S918","Samsung","Connettori","A","Galaxy S21 5G G991","","","Galaxy S21 Ultra 5G G998 | Galaxy S21 Plus 5G G996 | Galaxy S21 FE G990 | Galaxy S23 Ultra 5G S918 | Galaxy S21 5G G991 | Galaxy S22 Ultra S908 | Galaxy S22 Plus S906 | Galaxy S23 5G S911 | Galaxy S23 Plus 5G S916 | Galaxy S22 S901","10","0","draft","candidate_needs_technical_confirmation_not_current_supplier_catalog"
"2026-07-19","historical Mobilax-derived catalog snapshot (supplier label scrubbed)","SAMSUNG-2026-05-27","3000000414132","Soldered Charging Connector Samsung Galaxy S10 G973/Galaxy S10 Plus G975/Galaxy S10e G970/Galaxy S10 5G G977","Samsung","Connettori","A","Galaxy S10 5G G977","","","Galaxy S10 Plus G975 | Galaxy S10E G970 | Galaxy S10 5G G977 | Galaxy S10 G973","4","0","draft","candidate_needs_technical_confirmation_not_current_supplier_catalog"
"2026-07-19","historical Mobilax-derived catalog snapshot (supplier label scrubbed)","SAMSUNG-2026-05-27","3000000414156","Soldered Charging Connector Samsung Galaxy S8 G950/Galaxy S8 Plus G955/Galaxy S9 G960/Galaxy S9 Plus G965","Samsung","Connettori","A","Galaxy S8 G950","","","Galaxy S9 G960 | Galaxy S8 Plus G955 | Galaxy S8 G950 | Galaxy S9 Plus G965","4","0","draft","candidate_needs_technical_confirmation_not_current_supplier_catalog"
"2026-07-19","historical Mobilax-derived catalog snapshot (supplier label scrubbed)","XIAOMI-2026-05-27","3000000415986","OEM Display Touchscreen Xiaomi Redmi 12 4G/Redmi 12 5G Black","Xiaomi","Schermi","A","Redmi 12 4G","","","Redmi 12 4G | Redmi 12 5G","2","0","draft","candidate_needs_technical_confirmation_not_current_supplier_catalog"
"2026-07-19","historical Mobilax-derived catalog snapshot (supplier label scrubbed)","XIAOMI-2026-05-27","3000000416112","Premium Ultra Wide Angle Camera Xiaomi 15T /15T Pro 12MP","Xiaomi","Fotocamere","A","15T","","","15T | 15T Pro","2","0","draft","candidate_needs_technical_confirmation_not_current_supplier_catalog"
"2026-07-19","historical Mobilax-derived catalog snapshot (supplier label scrubbed)","OPPO-2026-05-27","3000000417065","Oled Display Touchscreen OPPO Reno14 F 5G/A6 Pro 5G (CPH2781) Black","OPPO","Schermi","A","A6 Pro 5G CPH2781","","","A6 Pro 5G CPH2781 | RENO14 F 5G","2","0","draft","candidate_needs_technical_confirmation_not_current_supplier_catalog"
"2026-07-19","historical Mobilax-derived catalog snapshot (supplier label scrubbed)","REALME-2026-05-27","3000000420201","OEM Display Touchscreen Realme 12 4G/14 5G/14T 5G/P3 5G Black","Realme","Schermi","A","12 4G","","","12 4G | 14 5G | 14T 5G | P3 5G","4","0","draft","candidate_needs_technical_confirmation_not_current_supplier_catalog"
"2026-07-19","historical Mobilax-derived catalog snapshot (supplier label scrubbed)","XIAOMI-2026-05-27","3000000420232","Oled Display Touchscreen Xiaomi Redmi Note 14 5G/Redmi Note 14 4G Version Global Black Black","Xiaomi","Schermi","A","Redmi Note 14 4G","","","Redmi Note 14 4G | Redmi Note 14 5G","2","0","draft","candidate_needs_technical_confirmation_not_current_supplier_catalog"
"2026-07-19","historical Mobilax-derived catalog snapshot (supplier label scrubbed)","SAMSUNG-2026-05-25","3000000420911","Premium Lens Samsung Galaxy A17 4G A175/Galaxy A17 5G A176 Black","Samsung","Fotocamere","A","Galaxy A17 4G A175","","","Galaxy A17 4G A175 | Galaxy A17 5G A176","2","0","draft","candidate_needs_technical_confirmation_not_current_supplier_catalog"
"2026-07-19","historical Mobilax-derived catalog snapshot (supplier label scrubbed)","HONOR-2026-05-27","3000000421918","Premium Inner Earpiece Honor Magic 8 Pro/Magic V5","Honor","Speaker","A","Magic 8 Pro","","","Magic 8 Pro | Magic V5","2","0","draft","candidate_needs_technical_confirmation_not_current_supplier_catalog"
"2026-07-19","historical Mobilax-derived catalog snapshot (supplier label scrubbed)","2026-05-25","3000000422267","On/Off and Volume Button Apple iPhone 17 Pro/iPhone 17 Pro Max Cosmic Orange","Apple","Flat Cable","A","iPhone 17 Pro","","","iPhone 17 Pro | iPhone 17 Pro Max","2","0","draft","candidate_needs_technical_confirmation_not_current_supplier_catalog"
"2026-07-19","historical Mobilax-derived catalog snapshot (supplier label scrubbed)","2026-05-25","3000000422274","On/Off and Volume Button Apple iPhone 17 Pro/iPhone 17 Pro Max Silver","Apple","Flat Cable","A","iPhone 17 Pro","","","iPhone 17 Pro | iPhone 17 Pro Max","2","0","draft","candidate_needs_technical_confirmation_not_current_supplier_catalog"
"2026-07-19","historical Mobilax-derived catalog snapshot (supplier label scrubbed)","2026-05-25","3000000422281","On/Off and Volume Button Apple iPhone 17 Pro/iPhone 17 Pro Max Intense Blue","Apple","Flat Cable","A","iPhone 17 Pro","","","iPhone 17 Pro | iPhone 17 Pro Max","2","0","draft","candidate_needs_technical_confirmation_not_current_supplier_catalog"
"2026-07-19","historical Mobilax-derived catalog snapshot (supplier label scrubbed)","OPPO-2026-05-27","3000000422816","Premium Loudspeaker OPPO Find X9 Pro/Find X9 5G","OPPO","Speaker","A","Find X9 5G","","","Find X9 5G | Find X9 Pro","2","0","draft","candidate_needs_technical_confirmation_not_current_supplier_catalog"
"2026-07-19","historical Mobilax-derived catalog snapshot (supplier label scrubbed)","OPPO-2026-05-27","3000000423929","Premium Inner Earpiece OPPO  A5x (CPH2725)/A5 4G (CPH2727)","OPPO","Speaker","A","A5 4G CPH2727","","","A5 4G CPH2727 | A5X CPH2725","2","0","draft","candidate_needs_technical_confirmation_not_current_supplier_catalog"
"2026-07-19","historical Mobilax-derived catalog snapshot (supplier label scrubbed)","OPPO-2026-05-27","3000000424988","Premium Vibrator OPPO A5 4G (CPH2727)/ A5x (CPH2725)","OPPO","Flat Cable","A","A5 4G CPH2727","","","A5 4G CPH2727 | A5X CPH2725","2","0","draft","candidate_needs_technical_confirmation_not_current_supplier_catalog"
"2026-07-19","historical Mobilax-derived catalog snapshot (supplier label scrubbed)","XIAOMI-2026-05-27","3000000425497","Premium Inner Earpiece Xiaomi Redmi Note 15 4G/Redmi Note 15 5G","Xiaomi","Speaker","A","Redmi Note 15 4G","","","Redmi Note 15 4G | Redmi Note 15 5G","2","0","draft","candidate_needs_technical_confirmation_not_current_supplier_catalog"
"2026-07-19","historical Mobilax-derived catalog snapshot (supplier label scrubbed)","OPPO-2026-05-27","3000000426609","Original Battery OPPO Reno15 F 5G/A6 Pro 5G (CPH2781) 621035000423  621035000362 BLPD13","OPPO","Batterie","A","A6 Pro 5G CPH2781","","","A6 Pro 5G CPH2781 | RENO15 F 5G","2","0","draft","candidate_needs_technical_confirmation_not_current_supplier_catalog"
"2026-07-19","historical Mobilax-derived catalog snapshot (supplier label scrubbed)","OPPO-2026-05-27","3000000426753","Original Battery OPPO A6x 4G/A6x 5G 621035000401  BLPD83","OPPO","Batterie","A","A6X 4G","","","A6X 4G | A6X 5G","2","0","draft","candidate_needs_technical_confirmation_not_current_supplier_catalog"
"2026-07-19","historical Mobilax-derived catalog snapshot (supplier label scrubbed)","2026-05-25","3000000426883","SIM Reader Apple iPhone 15 Pro/iPhone 15 Pro Max","Apple","Flat Cable","A","iPhone 15 Pro","","","iPhone 15 Pro | iPhone 15 Pro Max","2","0","draft","candidate_needs_technical_confirmation_not_current_supplier_catalog"
"2026-07-19","historical Mobilax-derived catalog snapshot (supplier label scrubbed)","2026-05-25","3000000426890","SIM Reader Apple iPhone 16/iPhone 16 Plus","Apple","Flat Cable","A","iPhone 16","","","iPhone 16 | iPhone 16 Plus","2","0","draft","candidate_needs_technical_confirmation_not_current_supplier_catalog"
"2026-07-19","historical Mobilax-derived catalog snapshot (supplier label scrubbed)","2026-05-25","3000000426906","SIM Reader Apple iPhone 16 Pro/iPhone 16 Pro Max","Apple","Flat Cable","A","iPhone 16 Pro","","","iPhone 16 Pro | iPhone 16 Pro Max","2","0","draft","candidate_needs_technical_confirmation_not_current_supplier_catalog"
"2026-07-19","historical Mobilax-derived catalog snapshot (supplier label scrubbed)","SAMSUNG-2026-05-25","3000000427316","Original Main Camera Samsung Galaxy A57 5G A576/Galaxy A37 5G A376 GH96-21008A  50MP","Samsung","Fotocamere","A","Galaxy A37 5G A376","","","Galaxy A37 5G A376 | Galaxy A57 5G A576","2","0","draft","candidate_needs_technical_confirmation_not_current_supplier_catalog"
"2026-07-19","historical Mobilax-derived catalog snapshot (supplier label scrubbed)","OPPO-2026-05-27","3000000427736","Original Battery OPPO A6 4G/A6 5G 621035000397  BLPD77","OPPO","Batterie","A","A6 4G","","","A6 4G | A6 5G","2","0","draft","candidate_needs_technical_confirmation_not_current_supplier_catalog"
"2026-07-19","historical Mobilax-derived catalog snapshot (supplier label scrubbed)","2026-05-25","3000000427903","Wireless Charging Magnet  Apple iPhone 12/iPhone 12 Pro/iPhone 12 Pro Max","Apple","Connettori","A","iPhone 12","","","iPhone 12 | iPhone 12 Pro | iPhone 12 Pro Max","3","0","draft","candidate_needs_technical_confirmation_not_current_supplier_catalog"
"2026-07-19","historical Mobilax-derived catalog snapshot (supplier label scrubbed)","2026-05-25","3000000427910","Wireless Charging Magnet  Apple iPhone 13/iPhone 13 Pro/iPhone 13 Pro Max","Apple","Connettori","A","iPhone 13","","","iPhone 13 | iPhone 13 Pro | iPhone 13 Pro Max","3","0","draft","candidate_needs_technical_confirmation_not_current_supplier_catalog"
"2026-07-19","historical Mobilax-derived catalog snapshot (supplier label scrubbed)","2026-05-25","3000000427934","Wireless Charging Magnet  Apple iPhone 14/iPhone 14 Plus","Apple","Connettori","A","iPhone 14","","","iPhone 14 | iPhone 14 Plus","2","0","draft","candidate_needs_technical_confirmation_not_current_supplier_catalog"
"2026-07-19","historical Mobilax-derived catalog snapshot (supplier label scrubbed)","2026-05-25","3000000427941","Wireless Charging Magnet  Apple iPhone 14 Pro/iPhone 14 Pro Max","Apple","Connettori","A","iPhone 14 Pro","","","iPhone 14 Pro | iPhone 14 Pro Max","2","0","draft","candidate_needs_technical_confirmation_not_current_supplier_catalog"
"2026-07-19","historical Mobilax-derived catalog snapshot (supplier label scrubbed)","2026-05-25","3000000427958","Wireless Charging Magnet  Apple iPhone 15 Pro/iPhone 15 Pro Max","Apple","Connettori","A","iPhone 15 Pro","","","iPhone 15 Pro | iPhone 15 Pro Max","2","0","draft","candidate_needs_technical_confirmation_not_current_supplier_catalog"
"2026-07-19","historical Mobilax-derived catalog snapshot (supplier label scrubbed)","2026-05-25","3000000427965","Wireless Charging Magnet  Apple iPhone 16/iPhone 16 Plus/iPhone 17","Apple","Connettori","A","iPhone 16","","","iPhone 16 | iPhone 16 Plus | iPhone 17","3","0","draft","candidate_needs_technical_confirmation_not_current_supplier_catalog"
"2026-07-19","historical Mobilax-derived catalog snapshot (supplier label scrubbed)","2026-05-25","3000000427972","Wireless Charging Magnet  Apple iPhone 16 Pro/iPhone 16 Pro Max","Apple","Connettori","A","iPhone 16 Pro","","","iPhone 16 Pro | iPhone 16 Pro Max","2","0","draft","candidate_needs_technical_confirmation_not_current_supplier_catalog"
"2026-07-19","historical Mobilax-derived catalog snapshot (supplier label scrubbed)","2026-05-25","3000000427989","Wireless Charging Magnet  Apple iPhone 17 Pro/iPhone 17 Pro Max","Apple","Connettori","A","iPhone 17 Pro","","","iPhone 17 Pro | iPhone 17 Pro Max","2","0","draft","candidate_needs_technical_confirmation_not_current_supplier_catalog"
"2026-07-19","historical Mobilax-derived catalog snapshot (supplier label scrubbed)","XIAOMI-2026-05-27","3000000428672","Premium Front Camera Xiaomi 17 5G/17 Ultra 50MP","Xiaomi","Fotocamere","A","17 5G","","","17 5G | 17 Ultra","2","0","draft","candidate_needs_technical_confirmation_not_current_supplier_catalog"
"2026-07-19","historical Mobilax-derived catalog snapshot (supplier label scrubbed)","XIAOMI-2026-05-27","3000000428696","Premium Inner Earpiece Xiaomi Poco F8 Ultra/Poco X8 Pro Max","Xiaomi","Speaker","A","Poco F8 Ultra","","","Poco F8 Ultra | Poco X8 Pro Max","2","0","draft","candidate_needs_technical_confirmation_not_current_supplier_catalog"
"2026-07-19","historical Mobilax-derived catalog snapshot (supplier label scrubbed)","SAMSUNG-2026-05-27","3000000428856","Original Front Camera Samsung Galaxy S26 Plus S947/Galaxy S26 Ultra S948 GH96-20552A  12MP","Samsung","Fotocamere","A","Galaxy S26 Plus S947","","","Galaxy S26 Ultra S948 | Galaxy S26 Plus S947","2","0","draft","candidate_needs_technical_confirmation_not_current_supplier_catalog"
"2026-07-19","historical Mobilax-derived catalog snapshot (supplier label scrubbed)","SAMSUNG-2026-05-27","3000000429464","Original On/Off Button Samsung Galaxy S26 S942/Galaxy S26 Plus S947 GH98-50755C Purple","Samsung","Flat Cable","A","Galaxy S26 Plus S947","","","Galaxy S26 S942 | Galaxy S26 Plus S947","2","0","draft","candidate_needs_technical_confirmation_not_current_supplier_catalog"
"2026-07-19","historical Mobilax-derived catalog snapshot (supplier label scrubbed)","SAMSUNG-2026-05-27","3000000429471","Original On/Off Button Samsung Galaxy S26 S942/Galaxy S26 Plus S947 GH98-50755B Blue","Samsung","Flat Cable","A","Galaxy S26 Plus S947","","","Galaxy S26 S942 | Galaxy S26 Plus S947","2","0","draft","candidate_needs_technical_confirmation_not_current_supplier_catalog"
"2026-07-19","historical Mobilax-derived catalog snapshot (supplier label scrubbed)","SAMSUNG-2026-05-27","3000000429488","Original On/Off Button Samsung Galaxy S26 S942/Galaxy S26 Plus S947 GH98-50755D White","Samsung","Flat Cable","A","Galaxy S26 Plus S947","","","Galaxy S26 S942 | Galaxy S26 Plus S947","2","0","draft","candidate_needs_technical_confirmation_not_current_supplier_catalog"
"2026-07-19","historical Mobilax-derived catalog snapshot (supplier label scrubbed)","SAMSUNG-2026-05-27","3000000429495","Original On/Off Button Samsung Galaxy S26 S942/Galaxy S26 Plus S947  GH98-50755A Black","Samsung","Flat Cable","A","Galaxy S26 Plus S947","","","Galaxy S26 S942 | Galaxy S26 Plus S947","2","0","draft","candidate_needs_technical_confirmation_not_current_supplier_catalog"
"2026-07-19","historical Mobilax-derived catalog snapshot (supplier label scrubbed)","SAMSUNG-2026-05-27","3000000429501","On/Off Button and Original Volume Samsung Galaxy S26 S942/Galaxy S26 Plus S947 GH98-50757A Black","Samsung","Flat Cable","A","Galaxy S26 Plus S947","","","Galaxy S26 S942 | Galaxy S26 Plus S947","2","0","draft","candidate_needs_technical_confirmation_not_current_supplier_catalog"
"2026-07-19","historical Mobilax-derived catalog snapshot (supplier label scrubbed)","SAMSUNG-2026-05-27","3000000429518","On/Off Button and Original Volume Samsung Galaxy S26 S942/Galaxy S26 Plus S947 GH98-50757C Purple","Samsung","Flat Cable","A","Galaxy S26 Plus S947","","","Galaxy S26 S942 | Galaxy S26 Plus S947","2","0","draft","candidate_needs_technical_confirmation_not_current_supplier_catalog"
"2026-07-19","historical Mobilax-derived catalog snapshot (supplier label scrubbed)","SAMSUNG-2026-05-27","3000000429525","On/Off Button and Original Volume Samsung Galaxy S26 S942/Galaxy S26 Plus S947 GH98-50757E Rose Gold","Samsung","Flat Cable","A","Galaxy S26 Plus S947","","","Galaxy S26 S942 | Galaxy S26 Plus S947","2","0","draft","candidate_needs_technical_confirmation_not_current_supplier_catalog"
"2026-07-19","historical Mobilax-derived catalog snapshot (supplier label scrubbed)","SAMSUNG-2026-05-27","3000000429532","On/Off Button and Original Volume Samsung Galaxy S26 S942/Galaxy S26 Plus S947 GH98-50757F Silver","Samsung","Flat Cable","A","Galaxy S26 Plus S947","","","Galaxy S26 S942 | Galaxy S26 Plus S947","2","0","draft","candidate_needs_technical_confirmation_not_current_supplier_catalog"
"2026-07-19","historical Mobilax-derived catalog snapshot (supplier label scrubbed)","SAMSUNG-2026-05-27","3000000429549","On/Off Button and Original Volume Samsung Galaxy S26 S942/Galaxy S26 Plus S947 GH98-50757D White","Samsung","Flat Cable","A","Galaxy S26 Plus S947","","","Galaxy S26 S942 | Galaxy S26 Plus S947","2","0","draft","candidate_needs_technical_confirmation_not_current_supplier_catalog"
"2026-07-19","historical Mobilax-derived catalog snapshot (supplier label scrubbed)","SAMSUNG-2026-05-27","3000000429556","Original Volume Button Samsung Galaxy S26 S942/Galaxy S26 Plus S947 GH98-50756A Black","Samsung","Flat Cable","A","Galaxy S26 Plus S947","","","Galaxy S26 S942 | Galaxy S26 Plus S947","2","0","draft","candidate_needs_technical_confirmation_not_current_supplier_catalog"
"2026-07-19","historical Mobilax-derived catalog snapshot (supplier label scrubbed)","SAMSUNG-2026-05-27","3000000429563","Original Volume Button Samsung Galaxy S26 S942/Galaxy S26 Plus S947 GH98-50756C Purple","Samsung","Flat Cable","A","Galaxy S26 Plus S947","","","Galaxy S26 S942 | Galaxy S26 Plus S947","2","0","draft","candidate_needs_technical_confirmation_not_current_supplier_catalog"
"2026-07-19","historical Mobilax-derived catalog snapshot (supplier label scrubbed)","SAMSUNG-2026-05-27","3000000429570","Original Volume Button Samsung Galaxy S26 S942/Galaxy S26 Plus S947 GH98-50756D White","Samsung","Flat Cable","A","Galaxy S26 Plus S947","","","Galaxy S26 S942 | Galaxy S26 Plus S947","2","0","draft","candidate_needs_technical_confirmation_not_current_supplier_catalog"
"2026-07-19","historical Mobilax-derived catalog snapshot (supplier label scrubbed)","SAMSUNG-2026-05-27","3000000429587","Original Lens Samsung Galaxy S26 S942/Galaxy S26 Plus S947 Ultra Wide Angle Camera GH64-10106A","Samsung","Fotocamere","A","Galaxy S26 Plus S947","","","Galaxy S26 S942 | Galaxy S26 Plus S947","2","0","draft","candidate_needs_technical_confirmation_not_current_supplier_catalog"
"2026-07-19","historical Mobilax-derived catalog snapshot (supplier label scrubbed)","SAMSUNG-2026-05-27","3000000429594","Original Lens Samsung Galaxy S26 S942/Galaxy S26 Plus S947 Main Camera GH64-10107A","Samsung","Fotocamere","A","Galaxy S26 Plus S947","","","Galaxy S26 S942 | Galaxy S26 Plus S947","2","0","draft","candidate_needs_technical_confirmation_not_current_supplier_catalog"
"2026-07-19","historical Mobilax-derived catalog snapshot (supplier label scrubbed)","SAMSUNG-2026-05-27","3000000429600","Original Lens Samsung Galaxy S26 S942/Galaxy S26 Plus S947 Telephoto Lens GH64-10108A","Samsung","Fotocamere","A","Galaxy S26 Plus S947","","","Galaxy S26 S942 | Galaxy S26 Plus S947","2","0","draft","candidate_needs_technical_confirmation_not_current_supplier_catalog"
"2026-07-19","historical Mobilax-derived catalog snapshot (supplier label scrubbed)","SAMSUNG-2026-05-27","3000000429617","Original Volume Button Samsung Galaxy S26 S942/Galaxy S26 Plus S947 GH98-50756B Blue","Samsung","Flat Cable","A","Galaxy S26 Plus S947","","","Galaxy S26 S942 | Galaxy S26 Plus S947","2","0","draft","candidate_needs_technical_confirmation_not_current_supplier_catalog"
"2026-07-19","historical Mobilax-derived catalog snapshot (supplier label scrubbed)","SAMSUNG-2026-05-27","3000000429624","On/Off Button and Original Volume Samsung Galaxy S26 S942/Galaxy S26 Plus S947 GH98-50757B  Blue","Samsung","Flat Cable","A","Galaxy S26 Plus S947","","","Galaxy S26 S942 | Galaxy S26 Plus S947","2","0","draft","candidate_needs_technical_confirmation_not_current_supplier_catalog"
"2026-07-19","historical Mobilax-derived catalog snapshot (supplier label scrubbed)","2026-05-25","3000000431924","FPC Connector Apple iPhone 16 Pro/iPhone 16 Pro Max Telephoto & Ultrawide 44 Pins","Apple","Connettori","A","iPhone 16 Pro","","","iPhone 16 Pro | iPhone 16 Pro Max","2","0","draft","candidate_needs_technical_confirmation_not_current_supplier_catalog"
"2026-07-19","historical Mobilax-derived catalog snapshot (supplier label scrubbed)","2026-05-25","3000000431931","FPC Connector Apple iPhone 16 Pro/iPhone 16 Pro Max Handset Socket / Wifi Socket 22 Pins","Apple","Connettori","A","iPhone 16 Pro","","","iPhone 16 Pro | iPhone 16 Pro Max","2","0","draft","candidate_needs_technical_confirmation_not_current_supplier_catalog"
"2026-07-19","historical Mobilax-derived catalog snapshot (supplier label scrubbed)","2026-05-25","3000000431948","FPC Connector Apple iPhone 16 Pro/iPhone 16 Pro Max LCD / Digitizer 52 Pins","Apple","Connettori","A","iPhone 16 Pro","","","iPhone 16 Pro | iPhone 16 Pro Max","2","0","draft","candidate_needs_technical_confirmation_not_current_supplier_catalog"
"2026-07-19","historical Mobilax-derived catalog snapshot (supplier label scrubbed)","SAMSUNG-2026-05-27","3000000432440","Premium On/Off and Volume Buttons Samsung Galaxy S26 S942/Galaxy S26 Plus S947 Silver","Samsung","Flat Cable","A","Galaxy S26 Plus S947","","","Galaxy S26 S942 | Galaxy S26 Plus S947","2","0","draft","candidate_needs_technical_confirmation_not_current_supplier_catalog"
"2026-07-19","historical Mobilax-derived catalog snapshot (supplier label scrubbed)","SAMSUNG-2026-05-27","3000000432457","Premium On/Off and Volume Buttons Samsung Galaxy S26 S942/Galaxy S26 Plus S947 White","Samsung","Flat Cable","A","Galaxy S26 Plus S947","","","Galaxy S26 S942 | Galaxy S26 Plus S947","2","0","draft","candidate_needs_technical_confirmation_not_current_supplier_catalog"
"2026-07-19","historical Mobilax-derived catalog snapshot (supplier label scrubbed)","SAMSUNG-2026-05-27","3000000432464","Premium On/Off and Volume Buttons Samsung Galaxy S26 S942/Galaxy S26 Plus S947 Blue","Samsung","Flat Cable","A","Galaxy S26 Plus S947","","","Galaxy S26 S942 | Galaxy S26 Plus S947","2","0","draft","candidate_needs_technical_confirmation_not_current_supplier_catalog"
"2026-07-19","historical Mobilax-derived catalog snapshot (supplier label scrubbed)","SAMSUNG-2026-05-27","3000000432471","Premium On/Off and Volume Buttons Samsung Galaxy S26 S942/Galaxy S26 Plus S947 Black","Samsung","Flat Cable","A","Galaxy S26 Plus S947","","","Galaxy S26 S942 | Galaxy S26 Plus S947","2","0","draft","candidate_needs_technical_confirmation_not_current_supplier_catalog"
"2026-07-19","historical Mobilax-derived catalog snapshot (supplier label scrubbed)","SAMSUNG-2026-05-27","3000000432563","FPC Connector Samsung Galaxy S21 5G G991/Galaxy S21 Plus 5G G996/Galaxy S21 Ultra 5G G998/Galaxy S23 5G S911/Galaxy S23 Plus 5G S916/Galaxy S23 Ultra 5G S918/Galaxy S24 5G S921/Galaxy S24 Plus 5G S926/Galaxy S24 Ultra 5G S928/Galaxy S25 S931/Galaxy S25 Plus S936/Galaxy S25 Ultra S938 Antenna / NFC 12 Pins","Samsung","Connettori","A","Galaxy S21 5G G991","","","Galaxy S25 S931 | Galaxy S21 Ultra 5G G998 | Galaxy S21 Plus 5G G996 | Galaxy S24 Ultra 5G S928 | Galaxy S23 Ultra 5G S918 | Galaxy S21 5G G991 | Galaxy S24 Plus 5G S926 | Galaxy S23 5G S911 | Galaxy S25 Plus S936 | Galaxy S23 Plus 5G S916 | Galaxy S25 Ultra S938 | Galaxy S24 5G S921","12","0","draft","candidate_needs_technical_confirmation_not_current_supplier_catalog"
"2026-07-19","historical Mobilax-derived catalog snapshot (supplier label scrubbed)","SAMSUNG-2026-05-25","3000000436530","Premium Main Camera Samsung Galaxy A57 5G A576/Galaxy A37 5G A376 50MP","Samsung","Fotocamere","A","Galaxy A37 5G A376","","","Galaxy A37 5G A376 | Galaxy A57 5G A576","2","0","draft","candidate_needs_technical_confirmation_not_current_supplier_catalog"
"2026-07-19","historical Mobilax-derived catalog snapshot (supplier label scrubbed)","OPPO-2026-05-27","3000000440056","Premium Fingerprint Reader OPPO A6x 4G/A6x 5G Glacier Blue","OPPO","Flat Cable","A","A6X 4G","","","A6X 4G | A6X 5G","2","0","draft","candidate_needs_technical_confirmation_not_current_supplier_catalog"
"2026-07-19","historical Mobilax-derived catalog snapshot (supplier label scrubbed)","OPPO-2026-05-27","3000000440087","Premium Fingerprint Reader OPPO A6x 4G/A6x 5G Black Violet","OPPO","Flat Cable","A","A6X 4G","","","A6X 4G | A6X 5G","2","0","draft","candidate_needs_technical_confirmation_not_current_supplier_catalog"
"2026-07-19","historical Mobilax-derived catalog snapshot (supplier label scrubbed)","2026-05-25","3000000440841","Original Screen Adhesive Sticker Apple iPhone 16e/iPhone 17e 923-12051 (Service Pack)","Apple","Schermi","A","iPhone 16E","","","iPhone 16E | iPhone 17E","2","0","draft","candidate_needs_technical_confirmation_not_current_supplier_catalog"
"2026-07-19","historical Mobilax-derived catalog snapshot (supplier label scrubbed)","2026-05-25","3000000440889","Original Rear Cover Adhesive Stickers Apple iPhone 16e/iPhone 17e 923-12052 (Service Pack)","Apple","Back Cover","A","iPhone 16E","","","iPhone 16E | iPhone 17E","2","0","draft","candidate_needs_technical_confirmation_not_current_supplier_catalog"
"2026-07-19","historical Mobilax-derived catalog snapshot (supplier label scrubbed)","MOTOROLA-2026-05-27","3000000442289","OEM Display Touchscreen with Frame Motorola Moto G23/Moto G13 Black","Motorola","Schermi","A","Moto G13","","","Moto G13 | Moto G23","2","0","draft","candidate_needs_technical_confirmation_not_current_supplier_catalog"
"2026-07-19","historical Mobilax-derived catalog snapshot (supplier label scrubbed)","OPPO-2026-05-27","3000000444115","Premium Loudspeaker OPPO A6 4G/A6 5G","OPPO","Speaker","A","A6 4G","","","A6 4G | A6 5G","2","0","draft","candidate_needs_technical_confirmation_not_current_supplier_catalog"
"2026-07-19","historical Mobilax-derived catalog snapshot (supplier label scrubbed)","XIAOMI-2026-05-27","3000000444368","Premium Front Camera Xiaomi Redmi Note 15 Pro+ 5G/Redmi Note 15 Pro 4G 32MP","Xiaomi","Fotocamere","A","Redmi Note 15 Pro 4G","","","Redmi Note 15 Pro 4G | Redmi Note 15 Pro+ 5G","2","0","draft","candidate_needs_technical_confirmation_not_current_supplier_catalog"
"2026-07-19","historical Mobilax-derived catalog snapshot (supplier label scrubbed)","2026-05-25","3662898122096","Wireless Power Delivery IC Apple iPhone 13 Mini/iPhone 13/iPhone 13 Pro/iPhone 13 Pro Max/iPhone 14/iPhone 14 Plus/iPhone 14 Pro/iPhone 14 Pro Max/iPhone 15/iPhone 15 Plus/iPhone 15 Pro/iPhone 15 Pro Max BCM59365EA1IUBG","Apple","Flat Cable","A","iPhone 13","","","iPhone 13 | iPhone 13 Mini | iPhone 13 Pro | iPhone 13 Pro Max | iPhone 14 | iPhone 14 Plus | iPhone 14 Pro | iPhone 14 Pro Max | iPhone 15 | iPhone 15 Plus | iPhone 15 Pro | iPhone 15 Pro Max","12","0","draft","candidate_needs_technical_confirmation_not_current_supplier_catalog"
"2026-07-19","historical Mobilax-derived catalog snapshot (supplier label scrubbed)","SAMSUNG-2026-05-27","3700000064503","Premium Inner Earpiece Samsung Galaxy Note 10 N970/Galaxy S10e G970/Galaxy S10 Plus G975/Galaxy S20 Plus 5G G986/Galaxy S20 Ultra G988/Galaxy S9 G960","Samsung","Speaker","A","Galaxy S9 G960","","","Galaxy S9 G960 | Galaxy S20 Plus G985 | Galaxy S20 Ultra G988 | Galaxy S20 Plus 5G G986 | Galaxy S10 Plus G975 | Galaxy S10E G970","6","0","draft","candidate_needs_technical_confirmation_not_current_supplier_catalog"
"2026-07-19","historical Mobilax-derived catalog snapshot (supplier label scrubbed)","SAMSUNG-2026-05-27","3700000064749","Premium Volume Flex Cable Samsung Galaxy S9 G960/Galaxy S9 Plus G965","Samsung","Flat Cable","A","Galaxy S9 G960","","","Galaxy S9 G960 | Galaxy S9 Plus G965","2","0","draft","candidate_needs_technical_confirmation_not_current_supplier_catalog"
"2026-07-19","historical Mobilax-derived catalog snapshot (supplier label scrubbed)","2026-05-25","3708083046591","Battery Apple iPhone 5C/iPhone 5S","Apple","Batterie","A","iPhone 5C","","","iPhone 5C | iPhone 5S","2","0","draft","candidate_needs_technical_confirmation_not_current_supplier_catalog"
"2026-07-19","historical Mobilax-derived catalog snapshot (supplier label scrubbed)","SAMSUNG-2026-05-25","3708083064946","Premium Battery Samsung Galaxy Core Prime G360/Galaxy Core Prime VE G361 EB-BG360BBE","Samsung","Batterie","A","Galaxy Core Prime G360","","","Galaxy Core Prime G360 | Galaxy Core Prime Ve G361","2","0","draft","candidate_needs_technical_confirmation_not_current_supplier_catalog"
"2026-07-19","historical Mobilax-derived catalog snapshot (supplier label scrubbed)","SAMSUNG-2026-05-25","3708083075218","Premium Battery Samsung Galaxy Grand Prime G530/Galaxy J2 2018 J250/Galaxy J3 2016 J320/Galaxy J5 2015 J500 EB-BG530BBC","Samsung","Batterie","A","Galaxy Grand Prime G530","","","Galaxy Grand Prime G530 | Galaxy J2 2018 J250 | Galaxy J3 2016 J320 | Galaxy J5 2015 J500","4","0","draft","candidate_needs_technical_confirmation_not_current_supplier_catalog"
"2026-07-19","historical Mobilax-derived catalog snapshot (supplier label scrubbed)","SAMSUNG-2026-05-25","3708083088164","Original Battery Samsung Galaxy J5 2017 J530/Galaxy A5 2017 A520 GH43-04680A EB-BA520ABE","Samsung","Batterie","A","Galaxy A5 2017 A520","","","Galaxy A5 2017 A520 | Galaxy J5 2017 J530","2","0","draft","candidate_needs_technical_confirmation_not_current_supplier_catalog"
"2026-07-19","historical Mobilax-derived catalog snapshot (supplier label scrubbed)","2026-05-25","3708084048693","Home Flex Cable Apple iPhone 5S/iPhone SE (1er Gen) Black","Apple","Flat Cable","A","iPhone 5S","","","iPhone 5S | iPhone SE 1st Gen","2","0","draft","candidate_needs_technical_confirmation_not_current_supplier_catalog"
"2026-07-19","historical Mobilax-derived catalog snapshot (supplier label scrubbed)","2026-05-25","3708084048709","Home Flex Cable Apple iPhone 5S/iPhone SE (1er Gen) White","Apple","Flat Cable","A","iPhone 5S","","","iPhone 5S | iPhone SE 1st Gen","2","0","draft","candidate_needs_technical_confirmation_not_current_supplier_catalog"
"2026-07-19","historical Mobilax-derived catalog snapshot (supplier label scrubbed)","SAMSUNG-2026-05-25","3708114080402","LCD Samsung Galaxy Grand Prime G530/Galaxy Grand Prime VE G531","Samsung","Schermi","A","Galaxy Grand Prime G530","","","Galaxy Grand Prime G530 | Galaxy Grand Prime Ve G531","2","0","draft","candidate_needs_technical_confirmation_not_current_supplier_catalog"
"2026-07-19","historical Mobilax-derived catalog snapshot (supplier label scrubbed)","SAMSUNG-2026-05-25","3708114086664","LCD Samsung Galaxy Core Prime  G360/Galaxy Core Prime VE G361","Samsung","Schermi","A","Galaxy Core Prime G360","","","Galaxy Core Prime G360 | Galaxy Core Prime Ve G361","2","0","draft","candidate_needs_technical_confirmation_not_current_supplier_catalog"
"2026-07-19","historical Mobilax-derived catalog snapshot (supplier label scrubbed)","HONOR-2026-05-27","3708115035609","OEM Display Touchscreen Honor 8X Black","Honor","Schermi","A","8X","","","8X | 9X Lite","2","0","draft","candidate_needs_technical_confirmation_not_current_supplier_catalog"
"2026-07-19","historical Mobilax-derived catalog snapshot (supplier label scrubbed)","2026-05-25","3708115047732","Premium Display Touchscreen Apple iPhone 5S/iPhone SE (1er Gen) White","Apple","Schermi","A","iPhone 5S","","","iPhone 5S | iPhone SE 1st Gen","2","0","draft","candidate_needs_technical_confirmation_not_current_supplier_catalog"
"2026-07-19","historical Mobilax-derived catalog snapshot (supplier label scrubbed)","2026-05-25","3708115047749","Premium Display Touchscreen Apple iPhone 5S/iPhone SE (1er Gen) Black","Apple","Schermi","A","iPhone 5S","","","iPhone 5S | iPhone SE 1st Gen","2","0","draft","candidate_needs_technical_confirmation_not_current_supplier_catalog"
"2026-07-19","historical Mobilax-derived catalog snapshot (supplier label scrubbed)","SAMSUNG-2026-05-25","3708118083683","Premium Camera Samsung Galaxy A3 2015 A300/Galaxy Grand Prime G530 8MP","Samsung","Fotocamere","A","Galaxy A3 2015 A300","","","Galaxy A3 2015 A300 | Galaxy Grand Prime G530","2","0","draft","candidate_needs_technical_confirmation_not_current_supplier_catalog"
"2026-07-19","historical Mobilax-derived catalog snapshot (supplier label scrubbed)","2026-05-25","3708119052282","Internal Earpiece Apple iPhone 5S/iPhone SE (1er Gen)","Apple","Speaker","A","iPhone 5S","","","iPhone 5S | iPhone SE 1st Gen","2","0","draft","candidate_needs_technical_confirmation_not_current_supplier_catalog"
"2026-07-19","historical Mobilax-derived catalog snapshot (supplier label scrubbed)","SAMSUNG-2026-05-27","3708119066432","Premium Inner Earpiece Samsung Galaxy S7 Edge G935/Galaxy S7 G930","Samsung","Speaker","A","Galaxy S7 Edge G935","","","Galaxy S7 G930 | Galaxy S7 Edge G935","2","0","draft","candidate_needs_technical_confirmation_not_current_supplier_catalog"
"2026-07-19","historical Mobilax-derived catalog snapshot (supplier label scrubbed)","SAMSUNG-2026-05-25","3708119078909","Premium Inner Earpiece Samsung Galaxy A3 2017 A320/Galaxy A5 2017 A520/Galaxy A7 2017 A720","Samsung","Speaker","A","Galaxy A3 2017 A320","","","Galaxy A3 2017 A320 | Galaxy A5 2017 A520","2","0","draft","candidate_needs_technical_confirmation_not_current_supplier_catalog"
"2026-07-19","historical Mobilax-derived catalog snapshot (supplier label scrubbed)","SAMSUNG-2026-05-25","3708119086980","Premium Loudspeaker Samsung Galaxy A3 2016 A310/Galaxy A5 2016 A510/Galaxy J3 2016 J320/Galaxy J5 2016 J510/Galaxy J7 2016 J710","Samsung","Speaker","A","Galaxy A3 2016 A310","","","Galaxy A3 2016 A310 | Galaxy A5 2016 A510 | Galaxy J3 2016 J320 | Galaxy J5 2016 J510 | Galaxy J7 2016 J710","5","0","draft","candidate_needs_technical_confirmation_not_current_supplier_catalog"
"2026-07-19","historical Mobilax-derived catalog snapshot (supplier label scrubbed)","2026-05-25","3708119088854","Internal Earpiece Apple iPhone 8/iPhone SE (2nd Gen)/iPhone SE (3e Gen)","Apple","Speaker","A","iPhone 8","","","iPhone 8 | iPhone SE 2nd Gen | iPhone SE 3rd Gen","3","0","draft","candidate_needs_technical_confirmation_not_current_supplier_catalog"
"2026-07-19","historical Mobilax-derived catalog snapshot (supplier label scrubbed)","SAMSUNG-2026-05-27","3708119090505","Premium Inner Earpiece Samsung Galaxy A8 2018 A530/Galaxy Note 8 N950/Galaxy S8 G950/Galaxy S8 Plus G955","Samsung","Speaker","A","Galaxy S8 G950","","","Galaxy S8 Plus G955 | Galaxy S8 G950","2","0","draft","candidate_needs_technical_confirmation_not_current_supplier_catalog"
"2026-07-19","historical Mobilax-derived catalog snapshot (supplier label scrubbed)","2026-05-25","3708120053391","Loudspeaker Apple iPhone 5S/iPhone SE (1er Gen)","Apple","Speaker","A","iPhone 5S","","","iPhone 5S | iPhone SE 1st Gen","2","0","draft","candidate_needs_technical_confirmation_not_current_supplier_catalog"
"2026-07-19","historical Mobilax-derived catalog snapshot (supplier label scrubbed)","2026-05-25","3708120088843","Loudspeaker Apple iPhone 8/iPhone SE (2nd Gen)","Apple","Speaker","A","iPhone 8","","","iPhone 8 | iPhone SE 2nd Gen","2","0","draft","candidate_needs_technical_confirmation_not_current_supplier_catalog"
"2026-07-19","historical Mobilax-derived catalog snapshot (supplier label scrubbed)","2026-05-25","3708123089601","WiFi Flex Cable Apple iPhone 8/iPhone SE (2nd Gen)/iPhone SE (3e Gen)","Apple","Flat Cable","A","iPhone 8","","","iPhone 8 | iPhone SE 2nd Gen | iPhone SE 3rd Gen","3","0","draft","candidate_needs_technical_confirmation_not_current_supplier_catalog"
"2026-07-19","historical Mobilax-derived catalog snapshot (supplier label scrubbed)","SAMSUNG-2026-05-25","3708126079388","Premium Jack Flex Cable Samsung Galaxy A3 2017 A320/Galaxy A5 2017 A520","Samsung","Flat Cable","A","Galaxy A3 2017 A320","","","Galaxy A3 2017 A320 | Galaxy A5 2017 A520","2","0","draft","candidate_needs_technical_confirmation_not_current_supplier_catalog"
"2026-07-19","historical Mobilax-derived catalog snapshot (supplier label scrubbed)","2026-05-25","3708129088875","Power and Volume Flex Cable Apple iPhone 8/iPhone SE (2nd Gen)/iPhone SE (3e Gen)","Apple","Flat Cable","A","iPhone 8","","","iPhone 8 | iPhone SE 2nd Gen | iPhone SE 3rd Gen","3","0","draft","candidate_needs_technical_confirmation_not_current_supplier_catalog"
"2026-07-19","historical Mobilax-derived catalog snapshot (supplier label scrubbed)","SAMSUNG-2026-05-25","3708130079404","Premium Volume Flex Cable Samsung Galaxy A3 2017 A320/Galaxy A5 2017 A520/Galaxy A7 2017 A720","Samsung","Flat Cable","A","Galaxy A3 2017 A320","","","Galaxy A3 2017 A320 | Galaxy A5 2017 A520","2","0","draft","candidate_needs_technical_confirmation_not_current_supplier_catalog"
"2026-07-19","historical Mobilax-derived catalog snapshot (supplier label scrubbed)","2026-05-25","3708153089626","Vibrator Apple iPhone 8/iPhone SE (2nd Gen)/iPhone SE (3e Gen)","Apple","Flat Cable","A","iPhone 8","","","iPhone 8 | iPhone SE 2nd Gen | iPhone SE 3rd Gen","3","0","draft","candidate_needs_technical_confirmation_not_current_supplier_catalog"
"2026-07-19","historical Mobilax-derived catalog snapshot (supplier label scrubbed)","SAMSUNG-2026-05-25","3708156068673","Premium Sim Tray Samsung Galaxy A3 2016 A310/Galaxy A5 2016 A510 Silver","Samsung","Flat Cable","A","Galaxy A3 2016 A310","","","Galaxy A3 2016 A310 | Galaxy A5 2016 A510","2","0","draft","candidate_needs_technical_confirmation_not_current_supplier_catalog"
"2026-07-19","historical Mobilax-derived catalog snapshot (supplier label scrubbed)","SAMSUNG-2026-05-27","3708156086639","Premium Sim Tray Samsung Galaxy S8 G950/Galaxy S8 Plus G955 Gold","Samsung","Flat Cable","A","Galaxy S8 G950","","","Galaxy S8 Plus G955 | Galaxy S8 G950","2","0","draft","candidate_needs_technical_confirmation_not_current_supplier_catalog"
"2026-07-19","historical Mobilax-derived catalog snapshot (supplier label scrubbed)","SAMSUNG-2026-05-27","3708156086646","Premium Sim Tray Samsung Galaxy S8 G950/Galaxy S8 Plus G955 Orchid","Samsung","Flat Cable","A","Galaxy S8 G950","","","Galaxy S8 Plus G955 | Galaxy S8 G950","2","0","draft","candidate_needs_technical_confirmation_not_current_supplier_catalog"
"2026-07-19","historical Mobilax-derived catalog snapshot (supplier label scrubbed)","SAMSUNG-2026-05-27","3708156086653","Premium Sim Tray Samsung Galaxy S8 G950/Galaxy S8 Plus G955 Silver","Samsung","Flat Cable","A","Galaxy S8 G950","","","Galaxy S8 Plus G955 | Galaxy S8 G950","2","0","draft","candidate_needs_technical_confirmation_not_current_supplier_catalog"
"2026-07-19","historical Mobilax-derived catalog snapshot (supplier label scrubbed)","2026-05-25","3708156088886","Premium Sim Tray Apple iPhone 8/iPhone SE (2nd Gen)/iPhone SE (3e Gen) Black","Apple","Flat Cable","A","iPhone 8","","","iPhone 8 | iPhone SE 2nd Gen | iPhone SE 3rd Gen","3","0","draft","candidate_needs_technical_confirmation_not_current_supplier_catalog"
"2026-07-19","historical Mobilax-derived catalog snapshot (supplier label scrubbed)","2026-05-25","3708156089586","Premium Sim Tray Apple iPhone 8/iPhone SE (2nd Gen)/iPhone SE (3e Gen) White","Apple","Flat Cable","A","iPhone 8","","","iPhone 8 | iPhone SE 2nd Gen | iPhone SE 3rd Gen","3","0","draft","candidate_needs_technical_confirmation_not_current_supplier_catalog"
"2026-07-19","historical Mobilax-derived catalog snapshot (supplier label scrubbed)","2026-05-25","3708156089593","Premium Sim Tray Apple iPhone 8/iPhone SE (2nd Gen) Gold","Apple","Flat Cable","A","iPhone 8","","","iPhone 8 | iPhone SE 2nd Gen","2","0","draft","candidate_needs_technical_confirmation_not_current_supplier_catalog"
"2026-07-19","historical Mobilax-derived catalog snapshot (supplier label scrubbed)","SAMSUNG-2026-05-25","3708157073492","Premium Dock Connector Samsung Galaxy J2 2018 J250/Galaxy J3 2016 J320/Galaxy J3 2017 J330/Galaxy J4 Core J410/Galaxy J4 J400/Galaxy J5 2015 J500/Galaxy J5 2017 J530/Galaxy J7 2017 J730","Samsung","Connettori","A","Galaxy J2 2018 J250","","","Galaxy J2 2018 J250 | Galaxy J3 2016 J320 | Galaxy J3 2017 J330 | Galaxy J4 J400 | Galaxy J5 2015 J500 | Galaxy J5 2017 J530 | Galaxy J6 2018 J600 | Galaxy J7 2017 J730","8","0","draft","candidate_needs_technical_confirmation_not_current_supplier_catalog"
"2026-07-19","historical Mobilax-derived catalog snapshot (supplier label scrubbed)","SAMSUNG-2026-05-25","3708157073812","Premium Dock Connector Samsung Galaxy Core Prime  G360/Galaxy Core Prime VE G361/Galaxy Tab A 10.1 2016 Wi-Fi T580/Galaxy Tab E T560/T561","Samsung","Connettori","A","Galaxy Core Prime G360","","","Galaxy Core Prime G360 | Galaxy Core Prime Ve G361","2","0","draft","candidate_needs_technical_confirmation_not_current_supplier_catalog"
"2026-07-19","historical Mobilax-derived catalog snapshot (supplier label scrubbed)","SAMSUNG-2026-05-25","3708157078046","Premium Dock Connector Samsung Galaxy Core 4G G386/Galaxy Core Plus G350/Galaxy Grand Prime G530/Galaxy Grand Prime VE G531","Samsung","Connettori","A","Galaxy Core 4G G386","","","Galaxy Core 4G G386 | Galaxy Grand Prime G530 | Galaxy Grand Prime Ve G531","3","0","draft","candidate_needs_technical_confirmation_not_current_supplier_catalog"
"2026-07-19","historical Mobilax-derived catalog snapshot (supplier label scrubbed)","SAMSUNG-2026-05-25","3708157078817","Premium Dock Connector Samsung Galaxy A3 2017 A320/Galaxy A5 2017 A520","Samsung","Connettori","A","Galaxy A3 2017 A320","","","Galaxy A3 2017 A320 | Galaxy A5 2017 A520","2","0","draft","candidate_needs_technical_confirmation_not_current_supplier_catalog"
"2026-07-19","historical Mobilax-derived catalog snapshot (supplier label scrubbed)","SAMSUNG-2026-05-25","3708157084214","Premium Dock Connector Samsung Galaxy J5 2016 J510/Galaxy J7 2016 J710","Samsung","Connettori","A","Galaxy J5 2016 J510","","","Galaxy J5 2016 J510 | Galaxy J7 2016 J710","2","0","draft","candidate_needs_technical_confirmation_not_current_supplier_catalog"
"2026-07-19","historical Mobilax-derived catalog snapshot (supplier label scrubbed)","SAMSUNG-2026-05-25","3708382073854","Premium lens holder Samsung Galaxy A3 2016 A310/Galaxy A5 2016 A510 White","Samsung","Fotocamere","A","Galaxy A3 2016 A310","","","Galaxy A3 2016 A310 | Galaxy A5 2016 A510","2","0","draft","candidate_needs_technical_confirmation_not_current_supplier_catalog"
"2026-07-19","historical Mobilax-derived catalog snapshot (supplier label scrubbed)","SAMSUNG-2026-05-25","3708382073878","Premium Lens Samsung Galaxy A3 2016 A310/Galaxy A5 2016 A510 Black","Samsung","Fotocamere","A","Galaxy A3 2016 A310","","","Galaxy A3 2016 A310 | Galaxy A5 2016 A510","2","0","draft","candidate_needs_technical_confirmation_not_current_supplier_catalog"
"2026-07-19","historical Mobilax-derived catalog snapshot (supplier label scrubbed)","SAMSUNG-2026-05-27","3708382074615","Premium Lens Samsung Galaxy S7 Edge G935/Galaxy S7 G930 Black","Samsung","Fotocamere","A","Galaxy S7 Edge G935","","","Galaxy S7 G930 | Galaxy S7 Edge G935","2","0","draft","candidate_needs_technical_confirmation_not_current_supplier_catalog"
"2026-07-19","historical Mobilax-derived catalog snapshot (supplier label scrubbed)","SAMSUNG-2026-05-27","3708382074639","Premium lens holder Samsung Galaxy S7 Edge G935/Galaxy S7 G930 Gold","Samsung","Fotocamere","A","Galaxy S7 Edge G935","","","Galaxy S7 G930 | Galaxy S7 Edge G935","2","0","draft","candidate_needs_technical_confirmation_not_current_supplier_catalog"
"2026-07-19","historical Mobilax-derived catalog snapshot (supplier label scrubbed)","SAMSUNG-2026-05-27","3708382086359","Premium Lens Samsung Galaxy S6 Edge G925/Galaxy S6 G920 Black","Samsung","Fotocamere","A","Galaxy S6 Edge G925","","","Galaxy S6 G920 | Galaxy S6 Edge G925","2","0","draft","candidate_needs_technical_confirmation_not_current_supplier_catalog"
"2026-07-19","historical Mobilax-derived catalog snapshot (supplier label scrubbed)","SAMSUNG-2026-05-25","3708393066555","Premium Front Camera Samsung Galaxy A3 2016 A310/Galaxy A5 2016 A510 5MP","Samsung","Fotocamere","A","Galaxy A3 2016 A310","","","Galaxy A3 2016 A310 | Galaxy A5 2016 A510","2","0","draft","candidate_needs_technical_confirmation_not_current_supplier_catalog"
"2026-07-19","historical Mobilax-derived catalog snapshot (supplier label scrubbed)","SAMSUNG-2026-05-25","3708393088083","Premium Front Camera Samsung Galaxy J5 2017 J530/Galaxy J7 2017 J730 13MP","Samsung","Fotocamere","A","Galaxy J5 2017 J530","","","Galaxy J5 2017 J530 | Galaxy J7 2017 J730","2","0","draft","candidate_needs_technical_confirmation_not_current_supplier_catalog"
"2026-07-19","historical Mobilax-derived catalog snapshot (supplier label scrubbed)","SAMSUNG-2026-05-27","3708394077871","Premium Camera Samsung Galaxy S7 Edge G935/Galaxy S7 G930 12MP","Samsung","Fotocamere","A","Galaxy S7 Edge G935","","","Galaxy S7 G930 | Galaxy S7 Edge G935","2","0","draft","candidate_needs_technical_confirmation_not_current_supplier_catalog"
"2026-07-19","historical Mobilax-derived catalog snapshot (supplier label scrubbed)","SAMSUNG-2026-05-27","3708394080611","Premium Camera Samsung Galaxy S8 G950/Galaxy S8 Plus G955 12MP","Samsung","Fotocamere","A","Galaxy S8 G950","","","Galaxy S8 Plus G955 | Galaxy S8 G950","2","0","draft","candidate_needs_technical_confirmation_not_current_supplier_catalog"
"2026-07-19","historical Mobilax-derived catalog snapshot (supplier label scrubbed)","2026-05-25","3708395045558","SIM Reader Apple iPhone 5/iPhone 5C/iPhone 5S","Apple","Flat Cable","A","iPhone 5","","","iPhone 5 | iPhone 5C | iPhone 5S","3","0","draft","candidate_needs_technical_confirmation_not_current_supplier_catalog"
"2026-07-19","historical Mobilax-derived catalog snapshot (supplier label scrubbed)","SAMSUNG-2026-05-27","3708590062770","Premium SIM Reader Samsung Galaxy S7 Edge G935/Galaxy S7 G930","Samsung","Flat Cable","A","Galaxy S7 Edge G935","","","Galaxy S9 G960 | Galaxy S10 Plus G975 | Galaxy S10E G970 | Galaxy S8 Plus G955 | Galaxy S7 G930 | Galaxy S10 G973 | Galaxy S8 G950 | Galaxy S9 Plus G965 | Galaxy S7 Edge G935","9","0","draft","candidate_needs_technical_confirmation_not_current_supplier_catalog"
"2026-07-19","historical Mobilax-derived catalog snapshot (supplier label scrubbed)","2026-05-25","3708590071451","SIM Reader Apple iPhone 6/iPhone 6 Plus","Apple","Flat Cable","A","iPhone 6","","","iPhone 6 | iPhone 6 Plus","2","0","draft","candidate_needs_technical_confirmation_not_current_supplier_catalog"
"2026-07-19","historical Mobilax-derived catalog snapshot (supplier label scrubbed)","HONOR-2026-05-27","3708590085588","Premium SIM Reader Huawei P9 Honor 7/8","Honor","Flat Cable","A","7","","","7 | 8","2","0","draft","candidate_needs_technical_confirmation_not_current_supplier_catalog"
"2026-07-19","historical Mobilax-derived catalog snapshot (supplier label scrubbed)","2026-05-25","3708675071987","Battery Adhesive Stickers Apple iPhone 5/iPhone 5C/iPhone 5S/iPhone SE (1er Gen)","Apple","Batterie","A","iPhone 5","","","iPhone 5 | iPhone 5C | iPhone 5S | iPhone SE 1st Gen","4","0","draft","candidate_needs_technical_confirmation_not_current_supplier_catalog"
