row_id,catalog_department,current_brand,raw_model,raw_model_series,model_source,source_product_count,source_product_ids,source_skus,match_type,canonical_device_id,candidate_brand,candidate_canonical_name,candidate_normalized_key,candidate_aliases,candidate_model_codes,duplicate_group_key,duplicate_group_size,review_required,review_priority,proposed_action,decision,evidence_source,evidence_reference,correction_note,inventory_action,review_notes
M-0001,general_merchandise,REMAX,CA10,Remax Other,legacy,1,7eb6fe33-fc12-4f97-9be9-d03015450917,REMAX-6954851286134,unmatched_legacy,,,,,,,,1,true,high,research_required,pending_owner_review,legacy_compatibility_value,catalog_model_options → catalog_product_device_models legacy value; no confirmed canonical match in snapshot,当前快照没有确认的 canonical/alias/model-code 映射；禁止猜测。,none,source=legacy; products=1
M-0002,general_merchandise,REMAX,CB16,Remax Other,legacy,2,2dbe6848-80d0-4956-814b-1732b2e1aa64;adfce000-9172-4dab-a72c-0847871f0cb4,REMAX-6954851253525;REMAX-6954851253532,unmatched_legacy,,,,,,,,1,true,high,research_required,pending_owner_review,legacy_compatibility_value,catalog_model_options → catalog_product_device_models legacy value; no confirmed canonical match in snapshot,当前快照没有确认的 canonical/alias/model-code 映射；禁止猜测。,none,source=legacy; products=2
M-0003,general_merchandise,REMAX,CB19,Remax Other,legacy,1,65ec117f-87a4-4c47-87b1-635cdf3a1f86,REMAX-6954851256748,unmatched_legacy,,,,,,,,1,true,high,research_required,pending_owner_review,legacy_compatibility_value,catalog_model_options → catalog_product_device_models legacy value; no confirmed canonical match in snapshot,当前快照没有确认的 canonical/alias/model-code 映射；禁止猜测。,none,source=legacy; products=1
M-0004,general_merchandise,REMAX,CB25,Remax Other,legacy,2,12f52eb1-0f1d-47ac-bcdc-65f0af6b4d6a;479ed2b8-bd40-4e24-9ef6-22c16428a1ab,REMAX-6954851225270;REMAX-6954851247722,unmatched_legacy,,,,,,,,1,true,high,research_required,pending_owner_review,legacy_compatibility_value,catalog_model_options → catalog_product_device_models legacy value; no confirmed canonical match in snapshot,当前快照没有确认的 canonical/alias/model-code 映射；禁止猜测。,none,source=legacy; products=2
M-0005,general_merchandise,REMAX,CB39,Remax Other,legacy,1,797be4f3-7145-4fd5-a4c5-bb38267c485b,REMAX-6954851262879,unmatched_legacy,,,,,,,,1,true,high,research_required,pending_owner_review,legacy_compatibility_value,catalog_model_options → catalog_product_device_models legacy value; no confirmed canonical match in snapshot,当前快照没有确认的 canonical/alias/model-code 映射；禁止猜测。,none,source=legacy; products=1
M-0006,general_merchandise,REMAX,CB53,Remax Other,legacy,1,74c860b1-2108-49c0-8660-ac7a15fee28c,REMAX-6954851228714,unmatched_legacy,,,,,,,,1,true,high,research_required,pending_owner_review,legacy_compatibility_value,catalog_model_options → catalog_product_device_models legacy value; no confirmed canonical match in snapshot,当前快照没有确认的 canonical/alias/model-code 映射；禁止猜测。,none,source=legacy; products=1
M-0007,general_merchandise,REMAX,CB56,Remax Other,legacy,1,37e20131-1cc4-4c9f-ba01-2b313a3cbc98,REMAX-6954851293859,unmatched_legacy,,,,,,,,1,true,high,research_required,pending_owner_review,legacy_compatibility_value,catalog_model_options → catalog_product_device_models legacy value; no confirmed canonical match in snapshot,当前快照没有确认的 canonical/alias/model-code 映射；禁止猜测。,none,source=legacy; products=1
M-0008,general_merchandise,REMAX,CX08,Remax Other,legacy,1,5b994488-d545-450a-afd2-acd17f7e2ba0,REMAX-6954851261353,unmatched_legacy,,,,,,,,1,true,high,research_required,pending_owner_review,legacy_compatibility_value,catalog_model_options → catalog_product_device_models legacy value; no confirmed canonical match in snapshot,当前快照没有确认的 canonical/alias/model-code 映射；禁止猜测。,none,source=legacy; products=1
M-0009,general_merchandise,REMAX,FP-109,Remax Other,legacy,1,e2fdeb0f-66ec-47f3-961b-8f92ca9ee870,REMAX-FP-109-S,unmatched_legacy,,,,,,,,1,true,high,research_required,pending_owner_review,legacy_compatibility_value,catalog_model_options → catalog_product_device_models legacy value; no confirmed canonical match in snapshot,当前快照没有确认的 canonical/alias/model-code 映射；禁止猜测。,none,source=legacy; products=1
M-0010,general_merchandise,REMAX,FP-110,Remax Other,legacy,3,2cb4efeb-2fe7-4099-98c5-9aa5b4593384;3553eb5a-a6ea-4378-9a3c-c7b9e1a0dffa;f6a2f896-4899-4552-bedd-1809001c895f,REMAX-6954851265603;REMAX-FP-110-S;REMAX-FP-110-T,unmatched_legacy,,,,,,,,1,true,high,research_required,pending_owner_review,legacy_compatibility_value,catalog_model_options → catalog_product_device_models legacy value; no confirmed canonical match in snapshot,当前快照没有确认的 canonical/alias/model-code 映射；禁止猜测。,none,source=legacy; products=3
M-0011,general_merchandise,REMAX,JP368,Remax Other,legacy,2,3f0c1f66-a0bc-4f3a-b14b-40b40ac6eea9;47845c7d-6d91-43c1-a35e-3c40e2f0b941,REMAX-6954851266020;REMAX-6954851266037,unmatched_legacy,,,,,,,,1,true,high,research_required,pending_owner_review,legacy_compatibility_value,catalog_model_options → catalog_product_device_models legacy value; no confirmed canonical match in snapshot,当前快照没有确认的 canonical/alias/model-code 映射；禁止猜测。,none,source=legacy; products=2
M-0012,general_merchandise,REMAX,PD-BT710 PRO,Remax Other,legacy,1,0d62d3f4-dfe8-48a0-955b-ec4244dd0f4b,REMAX-PD-BT710-PRO-W,unmatched_legacy,,,,,,,,1,true,high,research_required,pending_owner_review,legacy_compatibility_value,catalog_model_options → catalog_product_device_models legacy value; no confirmed canonical match in snapshot,当前快照没有确认的 canonical/alias/model-code 映射；禁止猜测。,none,source=legacy; products=1
M-0013,general_merchandise,REMAX,RB-100HB,Remax Other,legacy,2,62417ed4-b406-403b-a7fc-e7fdb7dc92bf;92e8803f-a875-466e-952d-973faa64178a,REMAX-6954851249788;REMAX-6954851249795,unmatched_legacy,,,,,,,,1,true,high,research_required,pending_owner_review,legacy_compatibility_value,catalog_model_options → catalog_product_device_models legacy value; no confirmed canonical match in snapshot,当前快照没有确认的 canonical/alias/model-code 映射；禁止猜测。,none,source=legacy; products=2
M-0014,general_merchandise,REMAX,RB-705HB,Remax Other,legacy,1,2e8f1b6e-6fe3-4a5f-a62f-ee337fe0eecd,REMAX-6954851235514,unmatched_legacy,,,,,,,,1,true,high,research_required,pending_owner_review,legacy_compatibility_value,catalog_model_options → catalog_product_device_models legacy value; no confirmed canonical match in snapshot,当前快照没有确认的 canonical/alias/model-code 映射；禁止猜测。,none,source=legacy; products=1
M-0015,general_merchandise,REMAX,RPP-23,Remax Other,legacy,4,51b2a63e-e4e8-42d9-84fd-3753330e0700;59c3fedd-8849-4d62-8ac6-345ef1ca1c41;8c8238d3-615c-417d-9db9-814b51cc871f;f97edfb5-bdab-482e-9f7e-58437059d0de,REMAX-6954851215691;REMAX-6954851215721;REMAX-RPP-23-BK;REMAX-RPP-23-W,unmatched_legacy,,,,,,,,1,true,high,research_required,pending_owner_review,legacy_compatibility_value,catalog_model_options → catalog_product_device_models legacy value; no confirmed canonical match in snapshot,当前快照没有确认的 canonical/alias/model-code 映射；禁止猜测。,none,source=legacy; products=4
M-0016,general_merchandise,REMAX,RT-F13,Remax Other,legacy,1,f28d7d27-cc66-43bd-9c1b-5b35cd81e3e0,REMAX-6972174155487,unmatched_legacy,,,,,,,,1,true,high,research_required,pending_owner_review,legacy_compatibility_value,catalog_model_options → catalog_product_device_models legacy value; no confirmed canonical match in snapshot,当前快照没有确认的 canonical/alias/model-code 映射；禁止猜测。,none,source=legacy; products=1
M-0017,general_merchandise,REMAX,WP-117,Remax Other,legacy,3,a1a15943-fba9-4a43-bd5a-b5740f519582;b9b10e11-5132-433c-ba22-a34a785cb812;da4126a4-d27d-4187-a6bd-7b956b05f1aa,REMAX-WP-117-G;REMAX-WP-117-W;REMAX-WP-117-Z,unmatched_legacy,,,,,,,,1,true,high,research_required,pending_owner_review,legacy_compatibility_value,catalog_model_options → catalog_product_device_models legacy value; no confirmed canonical match in snapshot,当前快照没有确认的 canonical/alias/model-code 映射；禁止猜测。,none,source=legacy; products=3
M-0018,phone,Apple,iPhone 11,,legacy,4,11ab43e4-8db0-4c0c-93b2-f24e61e042a7;2bdb3bd6-8201-49eb-84e5-b20656980296;7a48faa2-939a-4326-9460-cd7e9a92afae;92609d6c-0b9c-4eba-b5a1-cd4076fa0ca7,3000000037461;3000000038000;3000000057438;3667075049425,unmatched_legacy,,,,,,,,1,true,high,research_required,pending_owner_review,legacy_compatibility_value,catalog_model_options → catalog_product_device_models legacy value; no confirmed canonical match in snapshot,当前快照没有确认的 canonical/alias/model-code 映射；禁止猜测。,none,source=legacy; products=4
M-0019,phone,Apple,iPhone 11 Pro,,legacy,3,11fcd794-2a8a-46c2-8a2c-e58aea0adeb5;3a34d949-3614-4f14-a7aa-2d0053962456;7f47538d-db7a-4fde-8e44-d5920ec0c145,3000000038017;3000000057476;3667075049418,unmatched_legacy,,,,,,,,1,true,high,research_required,pending_owner_review,legacy_compatibility_value,catalog_model_options → catalog_product_device_models legacy value; no confirmed canonical match in snapshot,当前快照没有确认的 canonical/alias/model-code 映射；禁止猜测。,none,source=legacy; products=3
M-0020,phone,Apple,iPhone 11 Pro Max,,legacy,3,06060eb1-bb69-4e86-83cb-c6f81166b6b7;0991bb4a-5c23-4873-8f4f-f04628a38e18;ba446752-e020-4a89-a502-febd18114b2d,3000000036235;3000000038024;3667075049401,unmatched_legacy,,,,,,,,1,true,high,research_required,pending_owner_review,legacy_compatibility_value,catalog_model_options → catalog_product_device_models legacy value; no confirmed canonical match in snapshot,当前快照没有确认的 canonical/alias/model-code 映射；禁止猜测。,none,source=legacy; products=3
M-0021,phone,Apple,iPhone 12,,legacy+normalized,6,646ad831-b6c2-41e8-aae5-a75d2a84e2a8;7b108078-5fe8-4fb5-8255-31d3c2f722a5;7cac26b9-7e26-40ef-a9f9-bfa32d923b95;815dc9e6-5411-438a-bf85-8cfebfac3e8a;9212b38d-9b0c-4446-91eb-4fdba9296366;c5a88c53-bfe9-40ad-83ee-8b39611d4185,3000000051559;3000000056363;3000000083789;3000000096659;3000000280898;3667075049395,exact_canonical,3,Apple,iPhone 12,iphone-12,,,,1,false,low,keep_canonical,pending_owner_review,device_models_canonical,Supabase public.device_models canonical_name; read-only snapshot 2026-08-28,,none,source=legacy+normalized; products=6
M-0022,phone,Apple,iPhone 12 mini,,legacy,1,880d3f81-deb5-4070-9f33-8df5d1bcbd55,3701344044732,unmatched_legacy,,,,,,,case_punctuation::Apple::iphone12mini,2,true,high,research_required,pending_owner_review,legacy_compatibility_value,catalog_model_options → catalog_product_device_models legacy value; no confirmed canonical match in snapshot,当前快照没有确认的 canonical/alias/model-code 映射；禁止猜测。,none,source=legacy; products=1; format_duplicate_group=2
M-0023,phone,Apple,iPhone 12 Mini,,legacy,5,71d3f1d5-8742-43ad-8217-3b73704016f2;df547f1d-d907-4b6a-a640-78320e304929;f335f7ee-a7d2-42e0-8556-b07c593155ac;f5599fa0-7b51-42d2-86fb-513527fe8a26;fb181b2c-2488-4698-a102-0e15b09f4d3e,3000000062784;3000000062920;3000000062937;3000000096642;3000000403921,unmatched_legacy,,,,,,,case_punctuation::Apple::iphone12mini,2,true,high,research_required,pending_owner_review,legacy_compatibility_value,catalog_model_options → catalog_product_device_models legacy value; no confirmed canonical match in snapshot,当前快照没有确认的 canonical/alias/model-code 映射；禁止猜测。,none,source=legacy; products=5; format_duplicate_group=2
M-0024,phone,Apple,iPhone 12 Pro,,legacy+normalized,11,00c172c8-e53c-4a89-a12c-80d1810cbae5;2c8e47d2-ceea-4850-bb43-85124601fba8;32ae36c6-7d57-4811-9235-9d3f958f9d92;40ae6b3f-c694-46c4-9d90-e67fb429826b;646ad831-b6c2-41e8-aae5-a75d2a84e2a8;7b108078-5fe8-4fb5-8255-31d3c2f722a5;7cac26b9-7e26-40ef-a9f9-bfa32d923b95;815dc9e6-5411-438a-bf85-8cfebfac3e8a;9212b38d-9b0c-4446-91eb-4fdba9296366;c5a88c53-bfe9-40ad-83ee-8b39611d4185;f756f46e-408b-4a74-8db7-1c37919fe3f8,3000000051559;3000000056363;3000000062449;3000000062456;3000000062463;3000000083789;3000000096659;3000000280898;3667075049395;PP-APL-IP12P-FILM-3D;PP-APL-IP12P-FILM-PRIV,exact_canonical,4,Apple,iPhone 12 Pro,iphone-12-pro,,,,1,false,low,keep_canonical,pending_owner_review,device_models_canonical,Supabase public.device_models canonical_name; read-only snapshot 2026-08-28,,none,source=legacy+normalized; products=11
M-0025,phone,Apple,iPhone 12 Pro Max,,legacy+normalized,9,00c172c8-e53c-4a89-a12c-80d1810cbae5;2c8e47d2-ceea-4850-bb43-85124601fba8;496da692-0bfd-48da-80b5-1de1ca7ca8bb;93deb272-f6a6-41af-8477-5cd9ca3b9b78;9b7b42be-6729-423e-a13f-2e5c90fc78b4;a9f51d9f-6e9e-4776-8c02-a65c26d05bd4;b61fc921-021c-47d2-b108-afb5e8cee7bb;c18d9141-cf2e-4571-9b30-759108fdc123;f756f46e-408b-4a74-8db7-1c37919fe3f8,3000000062449;3000000062456;3000000062463;3000000096666;3000000109793;3000000280713;3667075049371;PP-APL-IP12PM-FILM-3D;PP-APL-IP12PM-FILM-PRIV,exact_canonical,313,Apple,iPhone 12 Pro Max,iphone-12-pro-max,,,,1,false,low,keep_canonical,pending_owner_review,device_models_canonical,Supabase public.device_models canonical_name; read-only snapshot 2026-08-28,,none,source=legacy+normalized; products=9
M-0026,phone,Apple,iPhone 13,,legacy,8,17a2978a-b0c4-4aa2-af63-944b0c1a46af;440294bb-5ca5-4da1-b826-78a4591a4351;4b5b0916-2084-49af-8cb2-46342aa8409f;5c0db6a3-b6a0-4bab-bf16-259557b85059;8c01b889-ee12-4c94-abf2-ed9cf5a18cfc;a7195201-cab6-41d1-bcad-4433fed31262;de18d9f9-0907-442f-833c-1d820dc30890;e0af81eb-4be8-4d72-8fd0-d463fa783957,3000000101230;3000000101247;3000000101254;3000000101261;3000000110614;3000000143421;3000000280881;3701569305441,unmatched_legacy,,,,,,,,1,true,high,research_required,pending_owner_review,legacy_compatibility_value,catalog_model_options → catalog_product_device_models legacy value; no confirmed canonical match in snapshot,当前快照没有确认的 canonical/alias/model-code 映射；禁止猜测。,none,source=legacy; products=8
M-0027,phone,Apple,iPhone 13 Mini,,legacy,5,a378164f-3985-402e-8255-bd5cfdd7e989;ba8d6728-f5e6-4ff4-8e1c-5e3a987c9936;d48ed54c-4f93-444d-8494-4f7c2809fab2;fa35fbee-3677-4204-a540-0c4af0328ad2;ff2ee076-1852-4c48-b93c-3ff9d817e4da,3000000101315;3000000101339;3000000101346;3000000143414;3000000299227,unmatched_legacy,,,,,,,,1,true,high,research_required,pending_owner_review,legacy_compatibility_value,catalog_model_options → catalog_product_device_models legacy value; no confirmed canonical match in snapshot,当前快照没有确认的 canonical/alias/model-code 映射；禁止猜测。,none,source=legacy; products=5
M-0028,phone,Apple,iPhone 13 Pro,,legacy+normalized,9,0a34aa61-f6f2-4425-b2f6-008b67d69966;165bb95f-e8ab-4935-adb3-b3226dd3dfa9;50343f61-b4cd-47de-85f8-6b9ce76f5354;5ab49d5b-6182-44ca-84e7-2d0d21a5cbaa;6482b11a-ead5-4299-a85c-b0568220a843;9dd64c73-1de9-4c39-aeb6-f6afd48921a6;a4cbc370-d528-4ac6-a2c4-fd7589f00255;bf7020ed-4231-431c-a980-c6d53c9a1516;d1d7c371-bc2d-4550-bc7e-6ef83b95e9c3,3000000101353;3000000101360;3000000101377;3000000110621;3000000264430;3000000280874;3000000299241;3000000299258;3667075049357,exact_canonical,314,Apple,iPhone 13 Pro,iphone-13-pro,,,,1,false,low,keep_canonical,pending_owner_review,device_models_canonical,Supabase public.device_models canonical_name; read-only snapshot 2026-08-28,,none,source=legacy+normalized; products=9
M-0029,phone,Apple,iPhone 13 Pro Max,,legacy+normalized,9,0a34aa61-f6f2-4425-b2f6-008b67d69966;0ba9ed60-5273-4cb9-9f0c-a3e530187c9e;1c4ad842-dcba-44c7-9634-831c64f859a7;50343f61-b4cd-47de-85f8-6b9ce76f5354;5ab49d5b-6182-44ca-84e7-2d0d21a5cbaa;5bf9ade6-47cb-4cc2-9f6b-21c67da16a2d;6444bfc0-a446-44e3-a81c-e31c4928aded;d203f675-4f67-416f-8909-109cfb4f4783;d645ad26-2c40-4ce2-8cfe-f7a753a43d81,3000000101377;3000000110638;3000000264447;3000000280904;3000000299241;3000000299258;3667075049333;PP-APL-IP13PM-FILM-3D;PP-APL-IP13PM-FILM-PRIV,exact_canonical,315,Apple,iPhone 13 Pro Max,iphone-13-pro-max,,,,1,false,low,keep_canonical,pending_owner_review,device_models_canonical,Supabase public.device_models canonical_name; read-only snapshot 2026-08-28,,none,source=legacy+normalized; products=9
M-0030,phone,Apple,iPhone 14,,legacy+normalized,9,3758f2ee-4fba-40ac-aab9-ee7e116c1328;45e0f01b-8e5e-420d-90ef-1d5385d7cee5;5a27c89e-29ad-43b6-bb04-0c233670f8eb;79b033c8-0896-4c9f-bb88-79ebefe7816e;9478d91d-ffeb-4f31-a2aa-380ea1e27b57;bc5d47e5-1d2f-44ef-88a5-d810bdee17b4;c956ac6d-51b5-460d-bd6c-2a498316444c;da910759-11f8-44df-aea7-3deefc4d239c;ec0225db-2de3-4446-8bf2-ae0f4baa48d4,3000000159682;3000000159699;3000000159705;3000000159712;3000000159729;3000000162439;3000000163825;3000000177273;3667075049319,exact_canonical,316,Apple,iPhone 14,iphone-14,,,,1,false,low,keep_canonical,pending_owner_review,device_models_canonical,Supabase public.device_models canonical_name; read-only snapshot 2026-08-28,,none,source=legacy+normalized; products=9
M-0031,phone,Apple,iPhone 14 Plus,,legacy+normalized,9,45e0f01b-8e5e-420d-90ef-1d5385d7cee5;5c52a1c4-f21f-4177-9bc4-b6e5617a2921;79b033c8-0896-4c9f-bb88-79ebefe7816e;8650019c-8482-485f-a8e7-3d9037f26400;b552e143-5d70-4bb7-8005-7888ba986fa2;ba08c3c8-a401-4f13-9e7d-29dd90abd2c7;c956ac6d-51b5-460d-bd6c-2a498316444c;da910759-11f8-44df-aea7-3deefc4d239c;ec0225db-2de3-4446-8bf2-ae0f4baa48d4,3000000159682;3000000159699;3000000159705;3000000159712;3000000159729;3000000181300;3000000189481;3000000280805;3667075049302,exact_canonical,317,Apple,iPhone 14 Plus,iphone-14-plus,,,,1,false,low,keep_canonical,pending_owner_review,device_models_canonical,Supabase public.device_models canonical_name; read-only snapshot 2026-08-28,,none,source=legacy+normalized; products=9
M-0032,phone,Apple,iPhone 14 Pro,,legacy+normalized,5,53ec1bd1-4184-45ab-a970-0fb7e97b3a61;5e6bb2b5-21c2-409f-816c-a82bfb5fa9f0;84ada0f2-860f-4479-a1a2-426167e82fb9;e9a91ee0-a20c-4094-8249-063734113446;f7bab0cc-36f6-4ed7-90a6-e2ab325e4c8e,3000000280812;3000000300558;3667075049296;PP-APL-IP14P-FILM-3D;PP-APL-IP14P-FILM-PRIV,exact_canonical,568,Apple,iPhone 14 Pro,iphone-14-pro,,,,1,false,low,keep_canonical,pending_owner_review,device_models_canonical,Supabase public.device_models canonical_name; read-only snapshot 2026-08-28,,none,source=legacy+normalized; products=5
M-0033,phone,Apple,iPhone 14 Pro Max,,legacy+normalized,4,6495d13d-95c8-4dcc-a573-e74c2d1297a8;8436bb8c-fc75-4518-97f9-43d3a3727c7c;b01b3870-b960-47e5-bdaf-d0cdf0aaa8e7;c3d97abb-433f-4cf1-9f2e-f19cd76cacdd,3000000171295;3000000300565;3667075049289;PP-APL-IP14PM-FILM-PRIV,exact_canonical,569,Apple,iPhone 14 Pro Max,iphone-14-pro-max,,,,1,false,low,keep_canonical,pending_owner_review,device_models_canonical,Supabase public.device_models canonical_name; read-only snapshot 2026-08-28,,none,source=legacy+normalized; products=4
M-0034,phone,Apple,iPhone 15,,legacy+normalized,11,17ec844b-9135-464a-a888-cf6c5f411409;3c2911a8-05d7-49f7-a662-58ca2d7e5c75;47debdd9-affb-4ae0-b1bd-250a37f63f8d;48cadddf-3551-4f15-89ea-04d01d067e71;6029c24c-d96a-4c25-9168-be77da3a8939;78a80179-39cc-41aa-8cce-840e88114f5d;94cc8dc8-4a66-4977-ac1f-250ec21517c9;9f441f37-d73a-402d-b57b-f5a22d6e6bae;ae53e47b-fdb2-44fe-af9e-b710f53794ce;d5d336bf-3551-4783-bd08-1696df368fff;fa73b56c-48fe-414a-be42-617ef4ec84b3,3000000255384;3000000255391;3000000255407;3000000255414;3000000255421;3000000255940;3000000255957;3000000280416;3000000289624;3000000411995;3667075096641,exact_canonical,318,Apple,iPhone 15,iphone-15,,,,1,false,low,keep_canonical,pending_owner_review,device_models_canonical,Supabase public.device_models canonical_name; read-only snapshot 2026-08-28,,none,source=legacy+normalized; products=11
M-0035,phone,Apple,iPhone 15 Plus,,legacy+normalized,9,3753bbff-0b06-4f17-8cdd-03b9fe42b80d;42528177-0fbd-47c4-8eb8-62ad32941c7d;709c008e-12cb-47c4-82b7-91223604d27c;78a80179-39cc-41aa-8cce-840e88114f5d;94cc8dc8-4a66-4977-ac1f-250ec21517c9;9f441f37-d73a-402d-b57b-f5a22d6e6bae;d5d336bf-3551-4783-bd08-1696df368fff;db55ccb8-b1f0-418c-8054-5041bb9f9f89;fa73b56c-48fe-414a-be42-617ef4ec84b3,3000000255384;3000000255391;3000000255407;3000000255414;3000000255421;3000000257111;3000000257821;3000000280423;3667075096634,exact_canonical,319,Apple,iPhone 15 Plus,iphone-15-plus,,,,1,false,low,keep_canonical,pending_owner_review,device_models_canonical,Supabase public.device_models canonical_name; read-only snapshot 2026-08-28,,none,source=legacy+normalized; products=9
M-0036,phone,Apple,iPhone 15 Pro,,legacy+normalized,11,309fff31-7af6-412a-9678-8bb76bff4312;39311d1a-846f-4f01-9cd5-a5888b1b9813;4f8dbb1e-fd69-4d4a-bc48-94e53c911ef4;7a035abc-2b35-4dbe-92ed-05faef431b28;84d0ed99-f02c-4dd3-900d-ed7399897ef5;90c6fe6c-2cf3-4a77-a999-229404767897;948d0280-da33-452f-8615-8f0e43cfdd5d;a2c71b58-8640-4c27-a827-dc930a6413fc;ac853f07-7987-4485-8e4e-27f11f89afb6;e3aa69cc-1578-4b2a-8643-5681dea78b4e;f1509ff4-36e7-40b3-b64d-c9e33dbdc6d6,3000000255438;3000000255445;3000000255452;3000000255469;3000000255964;3000000293188;3000000353318;3000000411858;3667075096627;PP-APL-IP15P-FILM-3D;PP-APL-IP15P-FILM-PRIV,exact_canonical,320,Apple,iPhone 15 Pro,iphone-15-pro,,,,1,false,low,keep_canonical,pending_owner_review,device_models_canonical,Supabase public.device_models canonical_name; read-only snapshot 2026-08-28,,none,source=legacy+normalized; products=11
M-0037,phone,Apple,iPhone 15 Pro Max,,legacy+normalized,10,31d43115-2ed6-4ca8-a838-5a5c4790e5c9;39311d1a-846f-4f01-9cd5-a5888b1b9813;3c7d58fe-7081-4313-9916-ea69cb23ec92;41afe38b-e04f-49c8-b6f6-dac995bedf66;90c6fe6c-2cf3-4a77-a999-229404767897;964c7132-daeb-4bf5-9ff9-9537d3e7c1f4;a2c71b58-8640-4c27-a827-dc930a6413fc;e3aa69cc-1578-4b2a-8643-5681dea78b4e;e4a0ceaf-656f-4eca-a1d0-2f423abcbb45;f55e47dc-fa72-45bc-9131-19a5d41d695e,3000000255438;3000000255445;3000000255452;3000000255469;3000000255971;3000000262771;3000000305744;3000000311233;3667075096610;PP-APL-IP15PM-FILM-PRIV,exact_canonical,321,Apple,iPhone 15 Pro Max,iphone-15-pro-max,,,,1,false,low,keep_canonical,pending_owner_review,device_models_canonical,Supabase public.device_models canonical_name; read-only snapshot 2026-08-28,,none,source=legacy+normalized; products=10
M-0038,phone,Apple,iPhone 16,,legacy+normalized,7,3f83ae93-c05d-46ed-86d9-3b965b1f5f67;6195b9b1-62d8-426a-8753-861d1ca1405e;93eb21c2-ca14-4984-954d-c1dda79f10e0;a09844e3-5d03-4134-ba6a-6222911f9955;bdc06b2b-1f03-4604-b400-0725b113bdef;d9f265af-f232-4c96-a94f-e5f1f262386e;f88842c1-d607-4b8b-bc7e-b3b30811b25c,3000000330296;3000000330319;3000000330326;3000000330333;3000000337776;3000000337783;3000000354728,exact_canonical,322,Apple,iPhone 16,iphone-16,,,,1,false,low,keep_canonical,pending_owner_review,device_models_canonical,Supabase public.device_models canonical_name; read-only snapshot 2026-08-28,,none,source=legacy+normalized; products=7
M-0039,phone,Apple,iPhone 16 Plus,,legacy+normalized,9,027592a0-f7eb-4992-bea9-fead8e31fff6;0d252663-027f-4b79-a25c-06ae712eca2e;3f83ae93-c05d-46ed-86d9-3b965b1f5f67;6195b9b1-62d8-426a-8753-861d1ca1405e;73e7f24a-d490-4276-bbea-c265562d5810;93eb21c2-ca14-4984-954d-c1dda79f10e0;a09844e3-5d03-4134-ba6a-6222911f9955;a5533590-3658-4474-8334-6473146df801;bdc06b2b-1f03-4604-b400-0725b113bdef,3000000330319;3000000330326;3000000330333;3000000337585;3000000337646;3000000337776;3000000337783;3000000354735;3667075164708,exact_canonical,323,Apple,iPhone 16 Plus,iphone-16-plus,,,,1,false,low,keep_canonical,pending_owner_review,device_models_canonical,Supabase public.device_models canonical_name; read-only snapshot 2026-08-28,,none,source=legacy+normalized; products=9
M-0040,phone,Apple,iPhone 16 Pro,,legacy+normalized,10,471b13ec-519c-40d3-9bca-d31433b76364;5070f143-2952-4af6-90ef-b025e98ff869;601b91bc-3946-4477-86be-bd12d60ff8b1;671f3488-9818-4436-95c8-2bc03ac43a72;7a6c206c-e01e-422e-a5be-e7da0819e6d6;9625908e-cc34-4b80-acab-0fcdbcfb96eb;acb6e14f-6d8a-4d36-a41a-17b6012a7c0e;b395c6ee-39bb-4944-a354-6a98a70eeb01;be326525-39bb-49ec-ba1f-0e02bccbfd68;ff21594c-f669-4e66-b0ad-5b07fa85f756,3000000329870;3000000329887;3000000329894;3000000329900;3000000330258;3000000330517;3000000365885;3667075164692;PP-APL-IP16P-FILM-3D;PP-APL-IP16P-FILM-PRIV,exact_canonical,324,Apple,iPhone 16 Pro,iphone-16-pro,,,,1,false,low,keep_canonical,pending_owner_review,device_models_canonical,Supabase public.device_models canonical_name; read-only snapshot 2026-08-28,,none,source=legacy+normalized; products=10
M-0041,phone,Apple,iPhone 16 Pro Max,,legacy+normalized,8,10cc7cd5-6c88-4b56-9fc9-d749d41b9d91;49982dc6-b79d-4911-8d8a-f983119df153;4d27e34e-8905-45e7-91b4-48494b54bc57;671f3488-9818-4436-95c8-2bc03ac43a72;7a6c206c-e01e-422e-a5be-e7da0819e6d6;9625908e-cc34-4b80-acab-0fcdbcfb96eb;991309e2-b4ab-43db-afd8-8abdaa7d63f1;be326525-39bb-49ec-ba1f-0e02bccbfd68,3000000329870;3000000329887;3000000329894;3000000329900;3000000330609;3000000365892;3667075164685;PP-APL-IP16PM-FILM-PRIV,exact_canonical,325,Apple,iPhone 16 Pro Max,iphone-16-pro-max,,,,1,false,low,keep_canonical,pending_owner_review,device_models_canonical,Supabase public.device_models canonical_name; read-only snapshot 2026-08-28,,none,source=legacy+normalized; products=8
M-0042,phone,Apple,iPhone 16e,,normalized,3,71477f39-786d-4140-9e9d-939a059eead9;b24b4597-7596-4c88-9562-05378ff22b5e;cea6a1b8-1190-4962-aecb-24d611cf5205,3000000367766;3000000367773;3000000373309,exact_canonical,326,Apple,iPhone 16e,iphone-16e,iPhone 16E,,case_punctuation::Apple::iphone16e,2,false,low,keep_canonical,pending_owner_review,device_models_canonical,Supabase public.device_models canonical_name; read-only snapshot 2026-08-28,,none,source=normalized; products=3; format_duplicate_group=2
M-0043,phone,Apple,iPhone 16E,,legacy,3,0f8e0c4e-ba0c-49cf-83a3-3b41ee6736b5;a11b32f5-8e43-4323-8885-64e1f4314bbc;eb18d870-db88-48d4-9a9c-47ef971a5c47,3000000364628;3000000364635;3000000368848,case_punctuation_equivalent,326,Apple,iPhone 16e,iphone-16e,iPhone 16E,,case_punctuation::Apple::iphone16e,2,false,low,normalize_format_to_canonical,approved,approved_device_master,Canonical/alias case-punctuation comparison against public.device_models; snapshot 2026-08-28,统一大小写、空格或标点；保留一个 canonical 显示值。,none,source=legacy; products=3; format_duplicate_group=2; display_projection_approved; canonical display/search only; no product_device_compatibilities or inventory change
M-0044,phone,Apple,iPhone 17,,legacy,6,68f0bd82-b676-4803-9f8c-0d40fdd0a90f;78592848-52a9-4790-b11d-c9e47027d972;9518ecf1-ef65-4368-ae36-908e15d78a2d;a6e2e8fd-ae03-442d-8994-605fe075d6ee;cd4671df-11c3-4225-a9fb-a00b97c97df7;f3d9e7bd-51dd-40d9-8441-c6e5a5e7e1e1,3000000409503;3000000409510;3000000409527;3000000409534;3000000409541;3000000441879,unmatched_legacy,,,,,,,,1,true,high,research_required,pending_owner_review,legacy_compatibility_value,catalog_model_options → catalog_product_device_models legacy value; no confirmed canonical match in snapshot,当前快照没有确认的 canonical/alias/model-code 映射；禁止猜测。,none,source=legacy; products=6
M-0045,phone,Apple,iPhone 17 Pro,,legacy,4,499eeac5-67d3-489a-8424-04633255d3bb;94027f4f-a915-4ae8-9df0-67b7b67acf94;c936c086-a312-46df-8123-c020a0e6a3d9;e91088fc-5ad6-47c9-8856-7d3ac89d8a9b,3000000404737;3000000415306;3000000415313;3000000415320,unmatched_legacy,,,,,,,,1,true,high,research_required,pending_owner_review,legacy_compatibility_value,catalog_model_options → catalog_product_device_models legacy value; no confirmed canonical match in snapshot,当前快照没有确认的 canonical/alias/model-code 映射；禁止猜测。,none,source=legacy; products=4
M-0046,phone,Apple,iPhone 17 Pro Max,,legacy,3,af0950b0-5c13-40bd-abf7-eb6f8378e8f7;cd70c0a0-8c15-4cd5-b2dd-99c9bba0372b;f8a0bf1f-8ed7-46b2-98ba-8f51443b0d54,3000000409558;3000000409572;3000000409589,unmatched_legacy,,,,,,,,1,true,high,research_required,pending_owner_review,legacy_compatibility_value,catalog_model_options → catalog_product_device_models legacy value; no confirmed canonical match in snapshot,当前快照没有确认的 canonical/alias/model-code 映射；禁止猜测。,none,source=legacy; products=3
M-0047,phone,Apple,iPhone 17e,,normalized,3,71477f39-786d-4140-9e9d-939a059eead9;b24b4597-7596-4c88-9562-05378ff22b5e;cea6a1b8-1190-4962-aecb-24d611cf5205,3000000367766;3000000367773;3000000373309,exact_canonical,327,Apple,iPhone 17e,iphone-17e,iPhone 17E,,case_punctuation::Apple::iphone17e,2,false,low,keep_canonical,pending_owner_review,device_models_canonical,Supabase public.device_models canonical_name; read-only snapshot 2026-08-28,,none,source=normalized; products=3; format_duplicate_group=2
M-0048,phone,Apple,iPhone 17E,,legacy,3,345b0184-7693-4b6d-b7c9-88a3623c734a;69da0628-35e0-4a3d-9ae8-e5b3d4ce463e;be070023-6104-4801-b558-584b86d75715,3000000448991;3000000449004;3000000449011,case_punctuation_equivalent,327,Apple,iPhone 17e,iphone-17e,iPhone 17E,,case_punctuation::Apple::iphone17e,2,false,low,normalize_format_to_canonical,approved,approved_device_master,Canonical/alias case-punctuation comparison against public.device_models; snapshot 2026-08-28,统一大小写、空格或标点；保留一个 canonical 显示值。,none,source=legacy; products=3; format_duplicate_group=2; display_projection_approved; canonical display/search only; no product_device_compatibilities or inventory change
M-0049,phone,Apple,iPhone 7,,legacy,1,2de306d2-4436-4759-82d4-8cd988026623,3667075049487,unmatched_legacy,,,,,,,,1,true,high,research_required,pending_owner_review,legacy_compatibility_value,catalog_model_options → catalog_product_device_models legacy value; no confirmed canonical match in snapshot,当前快照没有确认的 canonical/alias/model-code 映射；禁止猜测。,none,source=legacy; products=1
M-0050,phone,Apple,iPhone 7 Plus,,legacy,1,72c278d2-0071-4127-9ac7-c1a0f69042cc,3701569302242,unmatched_legacy,,,,,,,,1,true,high,research_required,pending_owner_review,legacy_compatibility_value,catalog_model_options → catalog_product_device_models legacy value; no confirmed canonical match in snapshot,当前快照没有确认的 canonical/alias/model-code 映射；禁止猜测。,none,source=legacy; products=1
M-0051,phone,Apple,iPhone 8,,legacy+normalized,4,6c3a5ebd-1edb-458d-908e-56af8a9f702e;6ea0bbbf-6868-4623-aea2-26c253f6ca74;9726acc1-7ac0-4591-97ae-83f20d4511b0;d0bea0c2-bd3b-4666-addd-ab19c2d1780e,3667075049470;3708114088835;3708114088927;3708157088816,exact_canonical,1,Apple,iPhone 8,iphone-8,,,,1,false,low,keep_canonical,pending_owner_review,device_models_canonical,Supabase public.device_models canonical_name; read-only snapshot 2026-08-28,,none,source=legacy+normalized; products=4
M-0052,phone,Apple,iPhone 8 Plus,,legacy,4,03dab612-7204-479a-8be8-5c648a8d55e6;0961b357-6016-46a5-8e62-5df5385fca92;4f5f4d4c-4268-4f7b-a33b-f9081ada63e9;765419a2-9e22-4042-9625-af303552bc38,3000000003596;3000000003602;3701569302259;3708157089714,unmatched_legacy,,,,,,,,1,true,high,research_required,pending_owner_review,legacy_compatibility_value,catalog_model_options → catalog_product_device_models legacy value; no confirmed canonical match in snapshot,当前快照没有确认的 canonical/alias/model-code 映射；禁止猜测。,none,source=legacy; products=4
M-0053,phone,Apple,iPhone Air,,normalized,2,96a24886-c9d9-41b2-9473-82e8a1ce3866;abf7bd63-f955-4ac3-99dd-b7fe5223727c,PP-APL-IPAIR-FILM-3D;PP-APL-IPAIR-FILM-PRIV,exact_canonical,570,Apple,iPhone Air,iphone-air,iPhone 17 Air;17 Air;17air,,,1,false,low,keep_canonical,pending_owner_review,device_models_canonical,Supabase public.device_models canonical_name; read-only snapshot 2026-08-28,,none,source=normalized; products=2
M-0054,phone,Apple,iPhone SE 2nd Gen,,legacy+normalized,3,6c3a5ebd-1edb-458d-908e-56af8a9f702e;6ea0bbbf-6868-4623-aea2-26c253f6ca74;9c8dc231-8146-4dbc-8dbc-c884f0c09669,3000000189115;3708114088835;3708114088927,exact_canonical,2,Apple,iPhone SE 2nd Gen,iphone-se-2nd-gen,iPhone SE 2020;iPhone SE2;iPhone SE (2nd Gen),,,1,false,low,keep_canonical,pending_owner_review,device_models_canonical,Supabase public.device_models canonical_name; read-only snapshot 2026-08-28,,none,source=legacy+normalized; products=3
M-0055,phone,Apple,iPhone SE 3rd Gen,,legacy,1,bdea4e71-db18-4fb1-83f3-b42e53754fbd,3000000188880,unmatched_legacy,,,,,,,,1,true,high,research_required,pending_owner_review,legacy_compatibility_value,catalog_model_options → catalog_product_device_models legacy value; no confirmed canonical match in snapshot,当前快照没有确认的 canonical/alias/model-code 映射；禁止猜测。,none,source=legacy; products=1
M-0056,phone,Apple,iPhone X,,legacy,6,5dc6e0c6-3d6a-4381-9e6f-bee110920cb0;642f88c6-317f-4106-922e-27164f7d8fa1;8759ddd9-6981-4dea-82ff-ea36ee0b9332;b85e097b-ce6b-494f-bf72-740fec0e4f1b;c597ed13-2156-44cf-a32a-0a9a54de61ce;f87f02fa-570a-4fc0-8998-1d1aed58c9d3,3000000001479;3000000001509;3000000001516;3000000006788;3000000037966;3667075049463,unmatched_legacy,,,,,,,,1,true,high,research_required,pending_owner_review,legacy_compatibility_value,catalog_model_options → catalog_product_device_models legacy value; no confirmed canonical match in snapshot,当前快照没有确认的 canonical/alias/model-code 映射；禁止猜测。,none,source=legacy; products=6
M-0057,phone,Apple,iPhone XR,,legacy,11,0d4595e6-cc52-41d7-86ae-aed7cd04caaf;149b6ae2-22ca-4a54-9f3e-7357497f01cb;38919d46-6e9f-4874-a0e6-d45a6a018182;473657ce-6059-4224-af85-10de2e324c63;577fa0a3-c0e2-4e95-9c82-3d84fbee5c90;9634fe3b-b2b6-4777-bec6-bcb09aa32b76;d268b370-d5ca-47cb-bb97-8377a706de11;d46230d3-3b01-4d46-9a42-10f9840d0d5a;db55a254-f9b3-4589-b6b1-adacc29f13d0;e18b2ccd-71cd-4b0c-9e1e-b3b652a32e8a;ec29e6d4-6a07-460c-9382-d4afd44503b2,3000000020609;3000000020654;3000000020661;3000000020678;3000000020685;3000000020692;3000000020784;3000000029749;3000000037973;3000000060476;3667075049449,unmatched_legacy,,,,,,,,1,true,high,research_required,pending_owner_review,legacy_compatibility_value,catalog_model_options → catalog_product_device_models legacy value; no confirmed canonical match in snapshot,当前快照没有确认的 canonical/alias/model-code 映射；禁止猜测。,none,source=legacy; products=11
M-0058,phone,Apple,iPhone XS,,legacy,7,0490f426-4cd5-46f8-9778-7a2639cecbc7;0624afd6-63e4-4f5f-8094-6072e0546a9a;4982bae8-44b9-409f-a9ad-f11d3ab66c4a;5f0951cf-ceec-4195-aad6-14bc51721f86;65fee7ec-70be-44cd-a3c1-4bb18921bff3;d6f5b0a6-dfee-4aff-baff-7e7e56a2873d;dd1ecdc6-13ea-4a8c-a8ab-26411fb9d847,3000000017838;3000000020623;3000000020630;3000000020647;3000000021200;3000000037980;3667075049456,unmatched_legacy,,,,,,,,1,true,high,research_required,pending_owner_review,legacy_compatibility_value,catalog_model_options → catalog_product_device_models legacy value; no confirmed canonical match in snapshot,当前快照没有确认的 canonical/alias/model-code 映射；禁止猜测。,none,source=legacy; products=7
M-0059,phone,Apple,iPhone XS Max,,legacy,7,205ab9d0-6daa-470e-ae07-a80a55cbe695;2b3e1fec-75e8-43c9-b849-2d23e1741579;3761b713-e6ce-4a10-ab33-7450e09d30d9;423ecc85-38ea-444a-8c11-118cab912e64;7e9c8b7a-0695-4d78-95fb-b37ab5afe5d4;b0588d2c-fbf4-4726-bd0d-c2d6fe0675f0;cb1b8f09-5808-4ea4-81a7-26b32e194937,3000000020715;3000000020913;3000000020937;3000000021088;3000000021217;3000000037997;3701344044787,unmatched_legacy,,,,,,,,1,true,high,research_required,pending_owner_review,legacy_compatibility_value,catalog_model_options → catalog_product_device_models legacy value; no confirmed canonical match in snapshot,当前快照没有确认的 canonical/alias/model-code 映射；禁止猜测。,none,source=legacy; products=7
M-0060,phone,Google,Pixel 7,Google Other,legacy,1,1c69d0c5-3900-4d6d-906c-60588ed4582d,3000000168752,unmatched_legacy,,,,,,,,1,true,high,research_required,pending_owner_review,legacy_compatibility_value,catalog_model_options → catalog_product_device_models legacy value; no confirmed canonical match in snapshot,当前快照没有确认的 canonical/alias/model-code 映射；禁止猜测。,none,source=legacy; products=1
M-0061,phone,Honor,10X Lite,Series 10/20/50,legacy,1,c3dc2dce-9b6d-4e8e-a731-9278c11fd83a,3000000064481,unmatched_legacy,,,,,,,,1,true,high,research_required,pending_owner_review,legacy_compatibility_value,catalog_model_options → catalog_product_device_models legacy value; no confirmed canonical match in snapshot,当前快照没有确认的 canonical/alias/model-code 映射；禁止猜测。,none,source=legacy; products=1
M-0062,phone,Honor,20 Pro,Series 10/20/50,normalized,1,c78df71d-0fcd-47d2-be42-b680baa5ac56,3000000001622,exact_canonical,328,Honor,20 Pro,20-pro,,,,1,false,low,keep_canonical,pending_owner_review,device_models_canonical,Supabase public.device_models canonical_name; read-only snapshot 2026-08-28,,none,source=normalized; products=1
M-0063,phone,Honor,200 Lite,Series 70/90/200/300/400,normalized,1,72143be5-17f0-4e17-8695-d2f932429487,PP-HON-X8B-200L-X8C-ORG-LCD,exact_canonical,512,Honor,200 Lite,200-lite,,,,1,false,low,keep_canonical,pending_owner_review,device_models_canonical,Supabase public.device_models canonical_name; read-only snapshot 2026-08-28,,none,source=normalized; products=1
M-0064,phone,Honor,5X,Series 5/6/7/8/9,legacy,1,ac8c7d8d-74e1-4a8f-b1ff-5eeecc8e4ef6,3708157081794,unmatched_legacy,,,,,,,,1,true,high,research_required,pending_owner_review,legacy_compatibility_value,catalog_model_options → catalog_product_device_models legacy value; no confirmed canonical match in snapshot,当前快照没有确认的 canonical/alias/model-code 映射；禁止猜测。,none,source=legacy; products=1
M-0065,phone,Honor,70 Lite,Series 70/90/200/300/400,normalized,1,f93f3845-e6e9-4c81-91c6-3048b2c21a45,3000000168158,exact_canonical,329,Honor,70 Lite,70-lite,,,,1,false,low,keep_canonical,pending_owner_review,device_models_canonical,Supabase public.device_models canonical_name; read-only snapshot 2026-08-28,,none,source=normalized; products=1
M-0066,phone,Honor,7X,Series 5/6/7/8/9,legacy,1,b8fadc28-84a3-4fc4-ae06-fd812b999d47,3000000019238,unmatched_legacy,,,,,,,,1,true,high,research_required,pending_owner_review,legacy_compatibility_value,catalog_model_options → catalog_product_device_models legacy value; no confirmed canonical match in snapshot,当前快照没有确认的 canonical/alias/model-code 映射；禁止猜测。,none,source=legacy; products=1
M-0067,phone,Honor,8X,Series 5/6/7/8/9,legacy,1,63066c23-2240-46f1-93f4-453c46eda8d4,3000000025277,unmatched_legacy,,,,,,,,1,true,high,research_required,pending_owner_review,legacy_compatibility_value,catalog_model_options → catalog_product_device_models legacy value; no confirmed canonical match in snapshot,当前快照没有确认的 canonical/alias/model-code 映射；禁止猜测。,none,source=legacy; products=1
M-0068,phone,Honor,9 Lite,Series 5/6/7/8/9,legacy,1,8021c3cb-606f-424b-be0c-c4e02234d7bd,3000000001684,unmatched_legacy,,,,,,,,1,true,high,research_required,pending_owner_review,legacy_compatibility_value,catalog_model_options → catalog_product_device_models legacy value; no confirmed canonical match in snapshot,当前快照没有确认的 canonical/alias/model-code 映射；禁止猜测。,none,source=legacy; products=1
M-0069,phone,Honor,90 Lite,Series 70/90/200/300/400,normalized,1,b23425de-5b84-464d-9898-bd39b8f277c2,3000000204887,exact_canonical,330,Honor,90 Lite,90-lite,,,,1,false,low,keep_canonical,pending_owner_review,device_models_canonical,Supabase public.device_models canonical_name; read-only snapshot 2026-08-28,,none,source=normalized; products=1
M-0070,phone,Honor,90 Smart,Series 70/90/200/300/400,normalized,1,ac99d232-33b5-475a-9e01-9831112b8e6a,3000000290613,exact_canonical,513,Honor,90 Smart,90-smart,,,,1,false,low,keep_canonical,pending_owner_review,device_models_canonical,Supabase public.device_models canonical_name; read-only snapshot 2026-08-28,,none,source=normalized; products=1
M-0071,phone,Honor,9X,Series 5/6/7/8/9,legacy,1,5941d6ef-7eca-46a2-923f-2728f49e7029,3000000353837,unmatched_legacy,,,,,,,,1,true,high,research_required,pending_owner_review,legacy_compatibility_value,catalog_model_options → catalog_product_device_models legacy value; no confirmed canonical match in snapshot,当前快照没有确认的 canonical/alias/model-code 映射；禁止猜测。,none,source=legacy; products=1
M-0072,phone,Honor,9X Pro,Series 5/6/7/8/9,legacy,1,19220408-454a-4502-930c-195ffbc02cd8,3000000064283,unmatched_legacy,,,,,,,,1,true,high,research_required,pending_owner_review,legacy_compatibility_value,catalog_model_options → catalog_product_device_models legacy value; no confirmed canonical match in snapshot,当前快照没有确认的 canonical/alias/model-code 映射；禁止猜测。,none,source=legacy; products=1
M-0073,phone,Honor,View 20,Series Magic / Play / View,normalized,1,c78df71d-0fcd-47d2-be42-b680baa5ac56,3000000001622,exact_canonical,331,Honor,View 20,view-20,,,,1,false,low,keep_canonical,pending_owner_review,device_models_canonical,Supabase public.device_models canonical_name; read-only snapshot 2026-08-28,,none,source=normalized; products=1
M-0074,phone,Honor,X5C Plus,Series X,legacy,1,3c49646a-69a0-4316-8fca-8b0c07ad6f95,3000000412855,unmatched_legacy,,,,,,,,1,true,high,research_required,pending_owner_review,legacy_compatibility_value,catalog_model_options → catalog_product_device_models legacy value; no confirmed canonical match in snapshot,当前快照没有确认的 canonical/alias/model-code 映射；禁止猜测。,none,source=legacy; products=1
M-0075,phone,Honor,X6,Series X,legacy+normalized,2,145a0ace-ba02-4698-ac92-b9c1d5c7a9f2;f93f3845-e6e9-4c81-91c6-3048b2c21a45,3000000167830;3000000168158,exact_canonical,332,Honor,X6,x6,,,,1,false,low,keep_canonical,pending_owner_review,device_models_canonical,Supabase public.device_models canonical_name; read-only snapshot 2026-08-28,,none,source=legacy+normalized; products=2
M-0076,phone,Honor,X6A,Series X,legacy,2,0e86b20e-f120-4fca-912e-67aaafd0cb21;d7176535-6af9-4fd0-93c1-b895c0c170c6,3000000246757;3000000256534,unmatched_legacy,,,,,,,,1,true,high,research_required,pending_owner_review,legacy_compatibility_value,catalog_model_options → catalog_product_device_models legacy value; no confirmed canonical match in snapshot,当前快照没有确认的 canonical/alias/model-code 映射；禁止猜测。,none,source=legacy; products=2
M-0077,phone,Honor,X6B,Series X,legacy,2,0a2d5db3-2304-48ee-b5e7-9a30123fbc8d;f548394a-6ffb-4b2e-8993-f553d0e0f32e,3000000321164;3000000321171,unmatched_legacy,,,,,,,,1,true,high,research_required,pending_owner_review,legacy_compatibility_value,catalog_model_options → catalog_product_device_models legacy value; no confirmed canonical match in snapshot,当前快照没有确认的 canonical/alias/model-code 映射；禁止猜测。,none,source=legacy; products=2
M-0078,phone,Honor,X7,Series X,legacy,2,0be0d0cb-fd25-4f0a-9937-96bf6e163f25;b93bfb11-93dc-4c21-ba0b-1a2fff76a7ea,3000000136492;3000000136522,unmatched_legacy,,,,,,,,1,true,high,research_required,pending_owner_review,legacy_compatibility_value,catalog_model_options → catalog_product_device_models legacy value; no confirmed canonical match in snapshot,当前快照没有确认的 canonical/alias/model-code 映射；禁止猜测。,none,source=legacy; products=2
M-0079,phone,Honor,X7A,Series X,legacy,2,939fbb21-bdc9-4f57-9ced-36415d57a20e;f9b1f144-f011-41c2-9d02-e3f7f80a6a1c,3000000189542;3000000212257,unmatched_legacy,,,,,,,,1,true,high,research_required,pending_owner_review,legacy_compatibility_value,catalog_model_options → catalog_product_device_models legacy value; no confirmed canonical match in snapshot,当前快照没有确认的 canonical/alias/model-code 映射；禁止猜测。,none,source=legacy; products=2
M-0080,phone,Honor,X7b,Series X,normalized,1,ac99d232-33b5-475a-9e01-9831112b8e6a,3000000290613,exact_canonical,514,Honor,X7b,x7b,X7B,,case_punctuation::Honor::x7b,2,false,low,keep_canonical,pending_owner_review,device_models_canonical,Supabase public.device_models canonical_name; read-only snapshot 2026-08-28,,none,source=normalized; products=1; format_duplicate_group=2
M-0081,phone,Honor,X7B,Series X,legacy,1,c6262bfc-3921-462d-813b-387e52795828,3000000290606,case_punctuation_equivalent,514,Honor,X7b,x7b,X7B,,case_punctuation::Honor::x7b,2,false,low,normalize_format_to_canonical,approved,approved_device_master,Canonical/alias case-punctuation comparison against public.device_models; snapshot 2026-08-28,统一大小写、空格或标点；保留一个 canonical 显示值。,none,source=legacy; products=1; format_duplicate_group=2; display_projection_approved; canonical display/search only; no product_device_compatibilities or inventory change
M-0082,phone,Honor,X8,Series X,legacy,2,9f3168a8-c373-4eba-a4f8-e2df79cc7ce0;c338b6fb-c738-4c12-acf2-b5fb8631b4f2,3000000131299;3000000136485,unmatched_legacy,,,,,,,,1,true,high,research_required,pending_owner_review,legacy_compatibility_value,catalog_model_options → catalog_product_device_models legacy value; no confirmed canonical match in snapshot,当前快照没有确认的 canonical/alias/model-code 映射；禁止猜测。,none,source=legacy; products=2
M-0083,phone,Honor,X8 5G,Series X,legacy+normalized,3,0da993d4-432b-40a9-bc45-1308fbb547c6;3b4903b3-9e91-433d-8bc3-03156caed7c0;f93f3845-e6e9-4c81-91c6-3048b2c21a45,3000000156414;3000000168158;3000000178904,exact_canonical,333,Honor,X8 5G,x8-5g,,,,1,false,low,keep_canonical,pending_owner_review,device_models_canonical,Supabase public.device_models canonical_name; read-only snapshot 2026-08-28,,none,source=legacy+normalized; products=3
M-0084,phone,Honor,X8a,Series X,normalized,1,b23425de-5b84-464d-9898-bd39b8f277c2,3000000204887,exact_canonical,334,Honor,X8a,x8a,X8A,,case_punctuation::Honor::x8a,2,false,low,keep_canonical,pending_owner_review,device_models_canonical,Supabase public.device_models canonical_name; read-only snapshot 2026-08-28,,none,source=normalized; products=1; format_duplicate_group=2
M-0085,phone,Honor,X8A,Series X,legacy,1,815997a5-e6d1-40ad-bbee-597bb18d7590,3000000204894,case_punctuation_equivalent,334,Honor,X8a,x8a,X8A,,case_punctuation::Honor::x8a,2,false,low,normalize_format_to_canonical,approved,approved_device_master,Canonical/alias case-punctuation comparison against public.device_models; snapshot 2026-08-28,统一大小写、空格或标点；保留一个 canonical 显示值。,none,source=legacy; products=1; format_duplicate_group=2; display_projection_approved; canonical display/search only; no product_device_compatibilities or inventory change
M-0086,phone,Honor,X8B,Series X,legacy+normalized,2,72143be5-17f0-4e17-8695-d2f932429487;ceeaa7d8-d211-49dc-949d-f73662621e4a,3000000291184;PP-HON-X8B-200L-X8C-ORG-LCD,exact_canonical,515,Honor,X8B,x8b,X8B,,,1,false,low,keep_canonical,pending_owner_review,device_models_canonical,Supabase public.device_models canonical_name; read-only snapshot 2026-08-28,,none,source=legacy+normalized; products=2
M-0087,phone,Honor,X8C,Series X,legacy+normalized,2,2a8910d5-cfe3-4cf3-ab5d-7f380ce18a48;72143be5-17f0-4e17-8695-d2f932429487,3000000365854;PP-HON-X8B-200L-X8C-ORG-LCD,exact_canonical,516,Honor,X8C,x8c,X8C,,,1,false,low,keep_canonical,pending_owner_review,device_models_canonical,Supabase public.device_models canonical_name; read-only snapshot 2026-08-28,,none,source=legacy+normalized; products=2
M-0088,phone,Huawei,Mate 10,Huawei Other,normalized,1,c78df71d-0fcd-47d2-be42-b680baa5ac56,3000000001622,exact_canonical,335,Huawei,Mate 10,mate-10,,,,1,false,low,keep_canonical,pending_owner_review,device_models_canonical,Supabase public.device_models canonical_name; read-only snapshot 2026-08-28,,none,source=normalized; products=1
M-0089,phone,Huawei,Mate 10 Pro,Huawei Other,normalized,1,c78df71d-0fcd-47d2-be42-b680baa5ac56,3000000001622,exact_canonical,336,Huawei,Mate 10 Pro,mate-10-pro,,,,1,false,low,keep_canonical,pending_owner_review,device_models_canonical,Supabase public.device_models canonical_name; read-only snapshot 2026-08-28,,none,source=normalized; products=1
M-0090,phone,Huawei,Mate 20,Huawei Other,normalized,1,c78df71d-0fcd-47d2-be42-b680baa5ac56,3000000001622,exact_canonical,337,Huawei,Mate 20,mate-20,,,,1,false,low,keep_canonical,pending_owner_review,device_models_canonical,Supabase public.device_models canonical_name; read-only snapshot 2026-08-28,,none,source=normalized; products=1
M-0091,phone,Huawei,P Smart,Huawei Other,normalized,1,2847b994-26a2-40f5-a070-916991848370,3000000155103,exact_canonical,338,Huawei,P Smart,p-smart,,,,1,false,low,keep_canonical,pending_owner_review,device_models_canonical,Supabase public.device_models canonical_name; read-only snapshot 2026-08-28,,none,source=normalized; products=1
M-0092,phone,Huawei,P10 Lite,Huawei Other,normalized,1,2847b994-26a2-40f5-a070-916991848370,3000000155103,exact_canonical,339,Huawei,P10 Lite,p10-lite,,,,1,false,low,keep_canonical,pending_owner_review,device_models_canonical,Supabase public.device_models canonical_name; read-only snapshot 2026-08-28,,none,source=normalized; products=1
M-0093,phone,Huawei,P20 Lite,Huawei Other,normalized,1,2847b994-26a2-40f5-a070-916991848370,3000000155103,exact_canonical,340,Huawei,P20 Lite,p20-lite,,,,1,false,low,keep_canonical,pending_owner_review,device_models_canonical,Supabase public.device_models canonical_name; read-only snapshot 2026-08-28,,none,source=normalized; products=1
M-0094,phone,Huawei,P20 Pro,Huawei Other,normalized,1,c78df71d-0fcd-47d2-be42-b680baa5ac56,3000000001622,exact_canonical,341,Huawei,P20 Pro,p20-pro,,,,1,false,low,keep_canonical,pending_owner_review,device_models_canonical,Supabase public.device_models canonical_name; read-only snapshot 2026-08-28,,none,source=normalized; products=1
M-0095,phone,Huawei,P8 Lite 2017,Huawei Other,normalized,1,2847b994-26a2-40f5-a070-916991848370,3000000155103,exact_canonical,342,Huawei,P8 Lite 2017,p8-lite-2017,,,,1,false,low,keep_canonical,pending_owner_review,device_models_canonical,Supabase public.device_models canonical_name; read-only snapshot 2026-08-28,,none,source=normalized; products=1
M-0096,phone,Huawei,P9,Huawei Other,normalized,1,2847b994-26a2-40f5-a070-916991848370,3000000155103,exact_canonical,343,Huawei,P9,p9,,,,1,false,low,keep_canonical,pending_owner_review,device_models_canonical,Supabase public.device_models canonical_name; read-only snapshot 2026-08-28,,none,source=normalized; products=1
M-0097,phone,Huawei,P9 Lite,Huawei Other,normalized,1,2847b994-26a2-40f5-a070-916991848370,3000000155103,exact_canonical,344,Huawei,P9 Lite,p9-lite,,,,1,false,low,keep_canonical,pending_owner_review,device_models_canonical,Supabase public.device_models canonical_name; read-only snapshot 2026-08-28,,none,source=normalized; products=1
M-0098,phone,Motorola,Moto E13,Moto E,legacy,2,36076135-19e8-4abc-aad1-a21bd35648cc;96858acb-3d74-4bfc-9a4e-cf89d0d502e6,3000000206126;3000000206133,unmatched_legacy,,,,,,,,1,true,high,research_required,pending_owner_review,legacy_compatibility_value,catalog_model_options → catalog_product_device_models legacy value; no confirmed canonical match in snapshot,当前快照没有确认的 canonical/alias/model-code 映射；禁止猜测。,none,source=legacy; products=2
M-0099,phone,Motorola,Moto E14,Moto E,legacy,1,a6c66286-0a1f-4c07-b6eb-cecfbf6d8d5c,3000000319239,unmatched_legacy,,,,,,,,1,true,high,research_required,pending_owner_review,legacy_compatibility_value,catalog_model_options → catalog_product_device_models legacy value; no confirmed canonical match in snapshot,当前快照没有确认的 canonical/alias/model-code 映射；禁止猜测。,none,source=legacy; products=1
M-0100,phone,Motorola,Moto E20,Moto E,legacy,1,e43d35f6-3510-4acd-875b-deaee9e0b112,3000000106471,unmatched_legacy,,,,,,,,1,true,high,research_required,pending_owner_review,legacy_compatibility_value,catalog_model_options → catalog_product_device_models legacy value; no confirmed canonical match in snapshot,当前快照没有确认的 canonical/alias/model-code 映射；禁止猜测。,none,source=legacy; products=1
M-0101,phone,Motorola,Moto E22I,Moto E,legacy,1,5a46a74e-72f6-43b5-8ec3-5cffd12146e4,3000000184806,unmatched_legacy,,,,,,,,1,true,high,research_required,pending_owner_review,legacy_compatibility_value,catalog_model_options → catalog_product_device_models legacy value; no confirmed canonical match in snapshot,当前快照没有确认的 canonical/alias/model-code 映射；禁止猜测。,none,source=legacy; products=1
M-0102,phone,Motorola,Moto E30,Moto E,legacy,1,2ff2898e-8e50-4358-ae3b-fb709c330061,3000000106488,unmatched_legacy,,,,,,,,1,true,high,research_required,pending_owner_review,legacy_compatibility_value,catalog_model_options → catalog_product_device_models legacy value; no confirmed canonical match in snapshot,当前快照没有确认的 canonical/alias/model-code 映射；禁止猜测。,none,source=legacy; products=1
M-0103,phone,Motorola,Moto E32,Moto E,normalized,1,6e1f24d8-8bbe-4118-bdbe-effb36011562,3000000133569,exact_canonical,517,Motorola,Moto E32,moto-e32,,,,1,false,low,keep_canonical,pending_owner_review,device_models_canonical,Supabase public.device_models canonical_name; read-only snapshot 2026-08-28,,none,source=normalized; products=1
M-0104,phone,Motorola,Moto E32S,Moto E,normalized,1,6e1f24d8-8bbe-4118-bdbe-effb36011562,3000000133569,exact_canonical,518,Motorola,Moto E32S,moto-e32s,,,,1,false,low,keep_canonical,pending_owner_review,device_models_canonical,Supabase public.device_models canonical_name; read-only snapshot 2026-08-28,,none,source=normalized; products=1
M-0105,phone,Motorola,Moto E40,Moto E,legacy,2,9bac78f3-0906-4e93-bd44-e4870d5390ce;ad6f45ca-4104-433d-8a7c-7d4d8a183c43,3000000106495;3000000282373,unmatched_legacy,,,,,,,,1,true,high,research_required,pending_owner_review,legacy_compatibility_value,catalog_model_options → catalog_product_device_models legacy value; no confirmed canonical match in snapshot,当前快照没有确认的 canonical/alias/model-code 映射；禁止猜测。,none,source=legacy; products=2
M-0106,phone,Motorola,Moto E7,Moto E,legacy+normalized,2,3c41f786-2429-4c60-bc83-04a8ee282696;7bb28a03-7241-4e14-95e7-cd760723c61e,3000000081693;3000000102046,exact_canonical,345,Motorola,Moto E7,moto-e7,,,,1,false,low,keep_canonical,pending_owner_review,device_models_canonical,Supabase public.device_models canonical_name; read-only snapshot 2026-08-28,,none,source=legacy+normalized; products=2
M-0107,phone,Motorola,Moto E7 Plus,Moto E,normalized,1,b789fb53-8bb8-48ce-b132-8a8d912cf2a2,3000000106570,exact_canonical,346,Motorola,Moto E7 Plus,moto-e7-plus,,,,1,false,low,keep_canonical,pending_owner_review,device_models_canonical,Supabase public.device_models canonical_name; read-only snapshot 2026-08-28,,none,source=normalized; products=1
M-0108,phone,Motorola,Moto E7i Power,Moto E,normalized,1,7bb28a03-7241-4e14-95e7-cd760723c61e,3000000081693,exact_canonical,347,Motorola,Moto E7i Power,moto-e7i-power,Moto E7I Power,,case_punctuation::Motorola::motoe7ipower,2,false,low,keep_canonical,pending_owner_review,device_models_canonical,Supabase public.device_models canonical_name; read-only snapshot 2026-08-28,,none,source=normalized; products=1; format_duplicate_group=2
M-0109,phone,Motorola,Moto E7I Power,Moto E,legacy,1,bd1d0533-9b06-4ed7-ad71-6262c65dd31d,3000000120675,case_punctuation_equivalent,347,Motorola,Moto E7i Power,moto-e7i-power,Moto E7I Power,,case_punctuation::Motorola::motoe7ipower,2,false,low,normalize_format_to_canonical,approved,approved_device_master,Canonical/alias case-punctuation comparison against public.device_models; snapshot 2026-08-28,统一大小写、空格或标点；保留一个 canonical 显示值。,none,source=legacy; products=1; format_duplicate_group=2; display_projection_approved; canonical display/search only; no product_device_compatibilities or inventory change
M-0110,phone,Motorola,Moto G04,Moto G,legacy+normalized,2,c280fc86-7fbe-48f2-9ed5-945ae42baf0c;f13083a5-1204-439a-b06a-2112b820cf2c,3000000296387;3000000304068,exact_canonical,348,Motorola,Moto G04,moto-g04,,,,1,false,low,keep_canonical,pending_owner_review,device_models_canonical,Supabase public.device_models canonical_name; read-only snapshot 2026-08-28,,none,source=legacy+normalized; products=2
M-0111,phone,Motorola,Moto G05,Moto G,legacy,1,c8597292-d6f7-4bdb-a070-a1fd6e49f8ef,3000000358627,unmatched_legacy,,,,,,,,1,true,high,research_required,pending_owner_review,legacy_compatibility_value,catalog_model_options → catalog_product_device_models legacy value; no confirmed canonical match in snapshot,当前快照没有确认的 canonical/alias/model-code 映射；禁止猜测。,none,source=legacy; products=1
M-0112,phone,Motorola,Moto G06 4G,Moto G,normalized,1,8b3fe23d-3dc6-4bd1-9cdb-1230a46af2d0,3000000405086,exact_canonical,349,Motorola,Moto G06 4G,moto-g06-4g,,,,1,false,low,keep_canonical,pending_owner_review,device_models_canonical,Supabase public.device_models canonical_name; read-only snapshot 2026-08-28,,none,source=normalized; products=1
M-0113,phone,Motorola,Moto G06 Power,Moto G,normalized,1,8b3fe23d-3dc6-4bd1-9cdb-1230a46af2d0,3000000405086,exact_canonical,350,Motorola,Moto G06 Power,moto-g06-power,,,,1,false,low,keep_canonical,pending_owner_review,device_models_canonical,Supabase public.device_models canonical_name; read-only snapshot 2026-08-28,,none,source=normalized; products=1
M-0114,phone,Motorola,Moto G10,Moto G,legacy,1,4d731c08-a612-4ee5-b699-a9fe21bca6c7,3000000081679,unmatched_legacy,,,,,,,,1,true,high,research_required,pending_owner_review,legacy_compatibility_value,catalog_model_options → catalog_product_device_models legacy value; no confirmed canonical match in snapshot,当前快照没有确认的 canonical/alias/model-code 映射；禁止猜测。,none,source=legacy; products=1
M-0115,phone,Motorola,Moto G13,Moto G,legacy+normalized,2,b44cb2f1-d679-43e5-b3dd-39427d240f50;cd38e651-cc55-49ae-bef0-b7b335a51c1a,3000000202692;3000000216682,exact_canonical,351,Motorola,Moto G13,moto-g13,,,,1,false,low,keep_canonical,pending_owner_review,device_models_canonical,Supabase public.device_models canonical_name; read-only snapshot 2026-08-28,,none,source=legacy+normalized; products=2
M-0116,phone,Motorola,Moto G14,Moto G,legacy,2,3a726e00-224b-4d59-9aa7-7ecab1a191b8;c38a86f9-82c2-4c1c-a7e2-3be4f50f74af,3000000253519;3000000260104,unmatched_legacy,,,,,,,,1,true,high,research_required,pending_owner_review,legacy_compatibility_value,catalog_model_options → catalog_product_device_models legacy value; no confirmed canonical match in snapshot,当前快照没有确认的 canonical/alias/model-code 映射；禁止猜测。,none,source=legacy; products=2
M-0117,phone,Motorola,Moto G15,Moto G,normalized,1,efb96c66-0b79-4bb0-8e92-f1b0bf987c8f,3000000358665,exact_canonical,352,Motorola,Moto G15,moto-g15,,,,1,false,low,keep_canonical,pending_owner_review,device_models_canonical,Supabase public.device_models canonical_name; read-only snapshot 2026-08-28,,none,source=normalized; products=1
M-0118,phone,Motorola,Moto G15 Power,Moto G,normalized,1,efb96c66-0b79-4bb0-8e92-f1b0bf987c8f,3000000358665,exact_canonical,353,Motorola,Moto G15 Power,moto-g15-power,,,,1,false,low,keep_canonical,pending_owner_review,device_models_canonical,Supabase public.device_models canonical_name; read-only snapshot 2026-08-28,,none,source=normalized; products=1
M-0119,phone,Motorola,Moto G22,Moto G,legacy,1,4560b429-10e3-4c46-9c6c-af2b6e4982df,3000000130346,unmatched_legacy,,,,,,,,1,true,high,research_required,pending_owner_review,legacy_compatibility_value,catalog_model_options → catalog_product_device_models legacy value; no confirmed canonical match in snapshot,当前快照没有确认的 canonical/alias/model-code 映射；禁止猜测。,none,source=legacy; products=1
M-0120,phone,Motorola,Moto G23,Moto G,legacy+normalized,2,1c9707fd-e7e0-4478-bb5d-d15009b581c9;b44cb2f1-d679-43e5-b3dd-39427d240f50,3000000202692;3000000206805,exact_canonical,354,Motorola,Moto G23,moto-g23,,,,1,false,low,keep_canonical,pending_owner_review,device_models_canonical,Supabase public.device_models canonical_name; read-only snapshot 2026-08-28,,none,source=legacy+normalized; products=2
M-0121,phone,Motorola,Moto G24 4G,Moto G,normalized,2,404378f6-6c6a-4979-b217-d5ce00effec8;c280fc86-7fbe-48f2-9ed5-945ae42baf0c,3000000296387;3000000306178,exact_canonical,355,Motorola,Moto G24 4G,moto-g24-4g,,,,1,false,low,keep_canonical,pending_owner_review,device_models_canonical,Supabase public.device_models canonical_name; read-only snapshot 2026-08-28,,none,source=normalized; products=2
M-0122,phone,Motorola,Moto G24 Power,Moto G,normalized,2,404378f6-6c6a-4979-b217-d5ce00effec8;c280fc86-7fbe-48f2-9ed5-945ae42baf0c,3000000296387;3000000306178,exact_canonical,356,Motorola,Moto G24 Power,moto-g24-power,,,,1,false,low,keep_canonical,pending_owner_review,device_models_canonical,Supabase public.device_models canonical_name; read-only snapshot 2026-08-28,,none,source=normalized; products=2
M-0123,phone,Motorola,Moto G30,Moto G,legacy,1,3cafdd5f-8daa-4c85-9608-7f50748fb51e,3000000198957,unmatched_legacy,,,,,,,,1,true,high,research_required,pending_owner_review,legacy_compatibility_value,catalog_model_options → catalog_product_device_models legacy value; no confirmed canonical match in snapshot,当前快照没有确认的 canonical/alias/model-code 映射；禁止猜测。,none,source=legacy; products=1
M-0124,phone,Motorola,Moto G34 5G,Moto G,legacy,1,14e2faea-b48e-4a5a-9f33-ca7cf5454667,3000000292075,unmatched_legacy,,,,,,,,1,true,high,research_required,pending_owner_review,legacy_compatibility_value,catalog_model_options → catalog_product_device_models legacy value; no confirmed canonical match in snapshot,当前快照没有确认的 canonical/alias/model-code 映射；禁止猜测。,none,source=legacy; products=1
M-0125,phone,Motorola,Moto G35 5G,Moto G,legacy,1,d709aa62-7b35-43c7-97a1-ed839843c16b,3000000332108,unmatched_legacy,,,,,,,,1,true,high,research_required,pending_owner_review,legacy_compatibility_value,catalog_model_options → catalog_product_device_models legacy value; no confirmed canonical match in snapshot,当前快照没有确认的 canonical/alias/model-code 映射；禁止猜测。,none,source=legacy; products=1
M-0126,phone,Motorola,Moto G41,Moto G,legacy,1,fc8db7e2-12ca-4910-b098-92013c37baff,3000000367476,unmatched_legacy,,,,,,,,1,true,high,research_required,pending_owner_review,legacy_compatibility_value,catalog_model_options → catalog_product_device_models legacy value; no confirmed canonical match in snapshot,当前快照没有确认的 canonical/alias/model-code 映射；禁止猜测。,none,source=legacy; products=1
M-0127,phone,Motorola,Moto G42,Moto G,legacy,1,7815a37a-6131-4984-b7b7-14eba877b1f2,3000000159606,unmatched_legacy,,,,,,,,1,true,high,research_required,pending_owner_review,legacy_compatibility_value,catalog_model_options → catalog_product_device_models legacy value; no confirmed canonical match in snapshot,当前快照没有确认的 canonical/alias/model-code 映射；禁止猜测。,none,source=legacy; products=1
M-0128,phone,Motorola,Moto G50,Moto G,legacy,1,666192c6-44d1-4e09-bb96-af0f8aea7db9,3000000099704,unmatched_legacy,,,,,,,,1,true,high,research_required,pending_owner_review,legacy_compatibility_value,catalog_model_options → catalog_product_device_models legacy value; no confirmed canonical match in snapshot,当前快照没有确认的 canonical/alias/model-code 映射；禁止猜测。,none,source=legacy; products=1
M-0129,phone,Motorola,Moto G51 5G,Moto G,legacy,1,c89fd415-af65-4b3e-8967-2fff34ce2815,3000000367490,unmatched_legacy,,,,,,,,1,true,high,research_required,pending_owner_review,legacy_compatibility_value,catalog_model_options → catalog_product_device_models legacy value; no confirmed canonical match in snapshot,当前快照没有确认的 canonical/alias/model-code 映射；禁止猜测。,none,source=legacy; products=1
M-0130,phone,Motorola,Moto G53,Moto G,legacy,1,2aa522e6-2a05-45e9-ae60-8d818ce9c541,3000000206157,unmatched_legacy,,,,,,,,1,true,high,research_required,pending_owner_review,legacy_compatibility_value,catalog_model_options → catalog_product_device_models legacy value; no confirmed canonical match in snapshot,当前快照没有确认的 canonical/alias/model-code 映射；禁止猜测。,none,source=legacy; products=1
M-0131,phone,Motorola,Moto G54 5G,Moto G,legacy,1,6ac06cff-8361-44d0-b978-9f22592d2577,3000000258316,unmatched_legacy,,,,,,,,1,true,high,research_required,pending_owner_review,legacy_compatibility_value,catalog_model_options → catalog_product_device_models legacy value; no confirmed canonical match in snapshot,当前快照没有确认的 canonical/alias/model-code 映射；禁止猜测。,none,source=legacy; products=1
M-0132,phone,Motorola,Moto G55 5G,Moto G,legacy,1,c5a33a03-e758-4f3f-b3f5-5368b02a7399,3000000332085,unmatched_legacy,,,,,,,,1,true,high,research_required,pending_owner_review,legacy_compatibility_value,catalog_model_options → catalog_product_device_models legacy value; no confirmed canonical match in snapshot,当前快照没有确认的 canonical/alias/model-code 映射；禁止猜测。,none,source=legacy; products=1
M-0133,phone,Motorola,Moto G62 5G,Moto G,legacy,2,0b9ed30c-dc3c-4173-ac57-96912433be82;f1c744b2-9ea3-44f8-88ef-9db54c0c2759,3000000160152;3000000160169,unmatched_legacy,,,,,,,,1,true,high,research_required,pending_owner_review,legacy_compatibility_value,catalog_model_options → catalog_product_device_models legacy value; no confirmed canonical match in snapshot,当前快照没有确认的 canonical/alias/model-code 映射；禁止猜测。,none,source=legacy; products=2
M-0134,phone,Motorola,Moto G73,Moto G,legacy,1,8f5ad7d4-1f9a-4d9c-975d-0de79f7fab50,3000000206812,unmatched_legacy,,,,,,,,1,true,high,research_required,pending_owner_review,legacy_compatibility_value,catalog_model_options → catalog_product_device_models legacy value; no confirmed canonical match in snapshot,当前快照没有确认的 canonical/alias/model-code 映射；禁止猜测。,none,source=legacy; products=1
M-0135,phone,Motorola,Moto G75 5G,Moto G,legacy,1,7abe4ac9-5b4a-40d3-a4a8-0da6e6fd1690,3000000345566,unmatched_legacy,,,,,,,,1,true,high,research_required,pending_owner_review,legacy_compatibility_value,catalog_model_options → catalog_product_device_models legacy value; no confirmed canonical match in snapshot,当前快照没有确认的 canonical/alias/model-code 映射；禁止猜测。,none,source=legacy; products=1
M-0136,phone,Motorola,Moto G84 5G,Moto G,legacy,1,5984a7af-4da7-4f62-8dce-6f3cb125798c,3000000258347,unmatched_legacy,,,,,,,,1,true,high,research_required,pending_owner_review,legacy_compatibility_value,catalog_model_options → catalog_product_device_models legacy value; no confirmed canonical match in snapshot,当前快照没有确认的 canonical/alias/model-code 映射；禁止猜测。,none,source=legacy; products=1
M-0137,phone,Motorola,Moto G85 5G,Moto G,legacy,1,bd93992a-90e6-42ff-8890-0a223ce0dc2b,3000000320945,unmatched_legacy,,,,,,,,1,true,high,research_required,pending_owner_review,legacy_compatibility_value,catalog_model_options → catalog_product_device_models legacy value; no confirmed canonical match in snapshot,当前快照没有确认的 canonical/alias/model-code 映射；禁止猜测。,none,source=legacy; products=1
M-0138,phone,Motorola,Moto G9 Power,Moto G,legacy,2,9e6a2ad8-7abe-451c-b211-749118b3c775;ccfba370-f485-4868-89f4-ab121abf8ede,3000000081662;3000000120620,unmatched_legacy,,,,,,,,1,true,high,research_required,pending_owner_review,legacy_compatibility_value,catalog_model_options → catalog_product_device_models legacy value; no confirmed canonical match in snapshot,当前快照没有确认的 canonical/alias/model-code 映射；禁止猜测。,none,source=legacy; products=2
M-0139,phone,OnePlus,Nord CE 3 Lite 5G,Oneplus Other,normalized,1,4d929aa4-f89e-4294-b455-c01e1476da38,3000000202050,exact_canonical,563,OnePlus,Nord CE 3 Lite 5G,nord-ce-3-lite-5g,,,,1,false,low,keep_canonical,pending_owner_review,device_models_canonical,Supabase public.device_models canonical_name; read-only snapshot 2026-08-28,,none,source=normalized; products=1
M-0140,phone,OnePlus,Nord N20 SE,Oneplus Other,normalized,1,3ecfc586-e564-4d57-8333-ee22d0abb399,3000000151105,exact_canonical,357,OnePlus,Nord N20 SE,nord-n20-se,,,,1,false,low,keep_canonical,pending_owner_review,device_models_canonical,Supabase public.device_models canonical_name; read-only snapshot 2026-08-28,,none,source=normalized; products=1
M-0141,phone,OPPO,A15,A,legacy,2,0832873f-60a5-468c-8e6b-445a2e401c61;e9d8df9b-d2c8-4cff-a269-9bcde59bc108,3000000068991;3000000069028,unmatched_legacy,,,,,,,,1,true,high,research_required,pending_owner_review,legacy_compatibility_value,catalog_model_options → catalog_product_device_models legacy value; no confirmed canonical match in snapshot,当前快照没有确认的 canonical/alias/model-code 映射；禁止猜测。,none,source=legacy; products=2
M-0142,phone,OPPO,A16 4G,A,normalized,3,3ebc0a26-5d5b-48cd-8883-2108176abbed;46de92c2-73dd-4acc-8eff-69b859430ab8;a30c97a5-4ed6-46fc-987d-9c8d6b7e39f9,3000000093078;3000000093085;3000000093092,exact_canonical,153,OPPO,A16 4G,a16-4g,,CPH2271,,1,false,low,keep_canonical,pending_owner_review,device_models_canonical,Supabase public.device_models canonical_name; read-only snapshot 2026-08-28,,none,source=normalized; products=3
M-0143,phone,OPPO,A16s,A,normalized,3,3ebc0a26-5d5b-48cd-8883-2108176abbed;46de92c2-73dd-4acc-8eff-69b859430ab8;a30c97a5-4ed6-46fc-987d-9c8d6b7e39f9,3000000093078;3000000093085;3000000093092,exact_canonical,155,OPPO,A16s,a16s,,CPH2269,,1,false,low,keep_canonical,pending_owner_review,device_models_canonical,Supabase public.device_models canonical_name; read-only snapshot 2026-08-28,,none,source=normalized; products=3
M-0144,phone,OPPO,A17,A,normalized,1,057674d4-b87e-4445-b2eb-0828b71537a0,3000000174722,exact_canonical,360,OPPO,A17,a17,A17 CPH2477,CPH2477,code_suffix::OPPO::a17,2,false,low,keep_canonical,pending_owner_review,device_models_canonical,Supabase public.device_models canonical_name; read-only snapshot 2026-08-28,,none,source=normalized; products=1; code_duplicate_group=2
M-0145,phone,OPPO,A17 CPH2477,A,legacy,2,1f38e059-a865-462d-8c2a-22cc7fe94ed7;2835fbba-3cdf-4dd1-a313-781f9a611fb4,3000000174739;3000000217962,exact_alias,360,OPPO,A17,a17,A17 CPH2477,CPH2477,code_suffix::OPPO::a17,2,false,medium,collapse_alias_to_canonical,approved,approved_device_master,Supabase public.device_models.aliases; read-only snapshot 2026-08-28,保留 raw 值作为 alias，不作为独立菜单行。,none,source=legacy; products=2; code_duplicate_group=2; display_projection_approved; canonical display/search only; no product_device_compatibilities or inventory change
M-0146,phone,OPPO,A18,A,normalized,1,3fab1525-b56b-42e4-a260-44fb1b37bd1f,3000000261828,exact_canonical,361,OPPO,A18,a18,,,,1,false,low,keep_canonical,pending_owner_review,device_models_canonical,Supabase public.device_models canonical_name; read-only snapshot 2026-08-28,,none,source=normalized; products=1
M-0147,phone,OPPO,A38,A,normalized,2,3fab1525-b56b-42e4-a260-44fb1b37bd1f;dacbf2be-8baa-4034-8e79-61ff599ab58a,3000000261828;3000000261880,exact_canonical,362,OPPO,A38,a38,A38 CPH2579,CPH2579,code_suffix::OPPO::a38,2,false,low,keep_canonical,pending_owner_review,device_models_canonical,Supabase public.device_models canonical_name; read-only snapshot 2026-08-28,,none,source=normalized; products=2; code_duplicate_group=2
M-0148,phone,OPPO,A38 CPH2579,A,legacy,1,0bf167f6-a943-4517-9a63-6587bb8b98c0,3000000261811,exact_alias,362,OPPO,A38,a38,A38 CPH2579,CPH2579,code_suffix::OPPO::a38,2,false,medium,collapse_alias_to_canonical,approved,approved_device_master,Supabase public.device_models.aliases; read-only snapshot 2026-08-28,保留 raw 值作为 alias，不作为独立菜单行。,none,source=legacy; products=1; code_duplicate_group=2; display_projection_approved; canonical display/search only; no product_device_compatibilities or inventory change
M-0149,phone,OPPO,A40,A,normalized,1,28705da5-aa9b-459f-a1d2-a47193fae111,3000000338520,exact_canonical,363,OPPO,A40,a40,A40 CPH2669,CPH2669,code_suffix::OPPO::a40,2,false,low,keep_canonical,pending_owner_review,device_models_canonical,Supabase public.device_models canonical_name; read-only snapshot 2026-08-28,,none,source=normalized; products=1; code_duplicate_group=2
M-0150,phone,OPPO,A40 CPH2669,A,legacy,2,ad06b258-c8bd-4d2d-a804-64f546f78e95;ba254d18-df38-454b-b57b-5a64b5abc49a,3000000338278;3000000338452,exact_alias,363,OPPO,A40,a40,A40 CPH2669,CPH2669,code_suffix::OPPO::a40,2,false,medium,collapse_alias_to_canonical,approved,approved_device_master,Supabase public.device_models.aliases; read-only snapshot 2026-08-28,保留 raw 值作为 alias，不作为独立菜单行。,none,source=legacy; products=2; code_duplicate_group=2; display_projection_approved; canonical display/search only; no product_device_compatibilities or inventory change
M-0151,phone,OPPO,A5 2020,A,legacy+normalized,3,4d3f5eed-0373-4811-b1a9-0e1a22090393;c8f46ed7-584a-47e5-a98e-b34fee5a1bf3;dec95f9f-d7e5-4e2b-83a3-d3c348803778,3000000035290;3000000035306;3000000035375,exact_canonical,364,OPPO,A5 2020,a5-2020,,,,1,false,low,keep_canonical,pending_owner_review,device_models_canonical,Supabase public.device_models canonical_name; read-only snapshot 2026-08-28,,none,source=legacy+normalized; products=3
M-0152,phone,OPPO,A5 4G,A,normalized,1,29a42400-db5d-46b1-b274-023afd053534,3000000375433,exact_canonical,365,OPPO,A5 4G,a5-4g,A5 4G CPH2727,CPH2727,,1,false,low,keep_canonical,pending_owner_review,device_models_canonical,Supabase public.device_models canonical_name; read-only snapshot 2026-08-28,,none,source=normalized; products=1
M-0153,phone,OPPO,A5 5G,A,normalized,1,29a42400-db5d-46b1-b274-023afd053534,3000000375433,exact_canonical,366,OPPO,A5 5G,a5-5g,A5 5G CPH2735,CPH2735,,1,false,low,keep_canonical,pending_owner_review,device_models_canonical,Supabase public.device_models canonical_name; read-only snapshot 2026-08-28,,none,source=normalized; products=1
M-0154,phone,OPPO,A5 Pro,A,normalized,1,29a42400-db5d-46b1-b274-023afd053534,3000000375433,exact_canonical,367,OPPO,A5 Pro,a5-pro,A5 Pro CPH2711,CPH2711,code_suffix::OPPO::a5pro,2,false,low,keep_canonical,pending_owner_review,device_models_canonical,Supabase public.device_models canonical_name; read-only snapshot 2026-08-28,,none,source=normalized; products=1; code_duplicate_group=2
M-0155,phone,OPPO,A5 Pro 5G,A,normalized,1,29a42400-db5d-46b1-b274-023afd053534,3000000375433,exact_canonical,368,OPPO,A5 Pro 5G,a5-pro-5g,A5 Pro 5G CPH2695,CPH2695,code_suffix::OPPO::a5pro5g,2,false,low,keep_canonical,pending_owner_review,device_models_canonical,Supabase public.device_models canonical_name; read-only snapshot 2026-08-28,,none,source=normalized; products=1; code_duplicate_group=2
M-0156,phone,OPPO,A5 Pro 5G CPH2695,A,legacy,1,e9e8b60b-71c4-4344-b46b-1ee941aa32e6,3000000375501,exact_alias,368,OPPO,A5 Pro 5G,a5-pro-5g,A5 Pro 5G CPH2695,CPH2695,code_suffix::OPPO::a5pro5g,2,false,medium,collapse_alias_to_canonical,approved,approved_device_master,Supabase public.device_models.aliases; read-only snapshot 2026-08-28,保留 raw 值作为 alias，不作为独立菜单行。,none,source=legacy; products=1; code_duplicate_group=2; display_projection_approved; canonical display/search only; no product_device_compatibilities or inventory change
M-0157,phone,OPPO,A5 Pro CPH2711,A,legacy,1,053f2ae1-e93a-412b-9407-2344db38fd76,3000000375518,exact_alias,367,OPPO,A5 Pro,a5-pro,A5 Pro CPH2711,CPH2711,code_suffix::OPPO::a5pro,2,false,medium,collapse_alias_to_canonical,approved,approved_device_master,Supabase public.device_models.aliases; read-only snapshot 2026-08-28,保留 raw 值作为 alias，不作为独立菜单行。,none,source=legacy; products=1; code_duplicate_group=2; display_projection_approved; canonical display/search only; no product_device_compatibilities or inventory change
M-0158,phone,OPPO,A53 4G 2020,A,legacy+normalized,3,3ebc0a26-5d5b-48cd-8883-2108176abbed;57a02f72-3435-467a-afe1-0c3dfd4e45f2;dd57af09-6b89-49c8-865a-cd1cc9e04a20,3000000052174;3000000093085;3000000094204,exact_canonical,152,OPPO,A53 4G 2020,a53-4g-2020,,CPH2127;CPH2135,,1,false,low,keep_canonical,pending_owner_review,device_models_canonical,Supabase public.device_models canonical_name; read-only snapshot 2026-08-28,,none,source=legacy+normalized; products=3
M-0159,phone,OPPO,A53 5G 2020,A,legacy,3,068206b9-f7b7-47d2-a5f9-cfab5f02eba9;e52b8c3e-8e58-474d-8a1e-239d3eaa2ef4;f8ea5f4a-673d-4e7b-8b53-ce1ad56194e5,3000000052112;3000000052129;3000000052136,unmatched_legacy,,,,,,,,1,true,high,research_required,pending_owner_review,legacy_compatibility_value,catalog_model_options → catalog_product_device_models legacy value; no confirmed canonical match in snapshot,当前快照没有确认的 canonical/alias/model-code 映射；禁止猜测。,none,source=legacy; products=3
M-0160,phone,OPPO,A53s 2020,A,normalized,2,3ebc0a26-5d5b-48cd-8883-2108176abbed;dd57af09-6b89-49c8-865a-cd1cc9e04a20,3000000093085;3000000094204,exact_canonical,149,OPPO,A53s 2020,a53s-2020,,CPH2139,,1,false,low,keep_canonical,pending_owner_review,device_models_canonical,Supabase public.device_models canonical_name; read-only snapshot 2026-08-28,,none,source=normalized; products=2
M-0161,phone,OPPO,A54 4G,A,legacy+normalized,3,3ebc0a26-5d5b-48cd-8883-2108176abbed;46de92c2-73dd-4acc-8eff-69b859430ab8;5c257cb6-c29b-4f07-9e57-afa6b3e11077,3000000093085;3000000093092;3000000159514,exact_canonical,156,OPPO,A54 4G,a54-4g,,,,1,false,low,keep_canonical,pending_owner_review,device_models_canonical,Supabase public.device_models canonical_name; read-only snapshot 2026-08-28,,none,source=legacy+normalized; products=3
M-0162,phone,OPPO,A54 5G,A,normalized,3,3ebc0a26-5d5b-48cd-8883-2108176abbed;d2192c89-6a41-430d-b31e-05473e63fd0b;d68e2abe-1188-4283-986c-86ee87f717f7,3000000078518;3000000078624;3000000093085,exact_canonical,151,OPPO,A54 5G,a54-5g,,,,1,false,low,keep_canonical,pending_owner_review,device_models_canonical,Supabase public.device_models canonical_name; read-only snapshot 2026-08-28,,none,source=normalized; products=3
M-0163,phone,OPPO,A54s,A,normalized,3,3ebc0a26-5d5b-48cd-8883-2108176abbed;46de92c2-73dd-4acc-8eff-69b859430ab8;a30c97a5-4ed6-46fc-987d-9c8d6b7e39f9,3000000093078;3000000093085;3000000093092,exact_canonical,154,OPPO,A54s,a54s,,CPH2273,,1,false,low,keep_canonical,pending_owner_review,device_models_canonical,Supabase public.device_models canonical_name; read-only snapshot 2026-08-28,,none,source=normalized; products=3
M-0164,phone,OPPO,A57,A,normalized,2,3ecfc586-e564-4d57-8333-ee22d0abb399;dde4db54-1971-4ac3-b4eb-97928c8cfc50,3000000151105;3000000167175,exact_canonical,372,OPPO,A57,a57,A57 CPH2387,CPH2387,code_suffix::OPPO::a57,2,false,low,keep_canonical,pending_owner_review,device_models_canonical,Supabase public.device_models canonical_name; read-only snapshot 2026-08-28,,none,source=normalized; products=2; code_duplicate_group=2
M-0165,phone,OPPO,A57 CPH2387,A,legacy,1,5a4668c8-9f2d-47be-a3c2-a586c51a4d04,3000000217993,exact_alias,372,OPPO,A57,a57,A57 CPH2387,CPH2387,code_suffix::OPPO::a57,2,false,medium,collapse_alias_to_canonical,approved,approved_device_master,Supabase public.device_models.aliases; read-only snapshot 2026-08-28,保留 raw 值作为 alias，不作为独立菜单行。,none,source=legacy; products=1; code_duplicate_group=2; display_projection_approved; canonical display/search only; no product_device_compatibilities or inventory change
M-0166,phone,OPPO,A57s 4G,A,normalized,2,3ecfc586-e564-4d57-8333-ee22d0abb399;dde4db54-1971-4ac3-b4eb-97928c8cfc50,3000000151105;3000000167175,exact_canonical,373,OPPO,A57s 4G,a57s-4g,,CPH2385,case_punctuation::OPPO::a57s4g,2,false,low,keep_canonical,pending_owner_review,device_models_canonical,Supabase public.device_models canonical_name; read-only snapshot 2026-08-28,,none,source=normalized; products=2; format_duplicate_group=2
M-0167,phone,OPPO,A57S 4G,A,legacy,1,60a32e50-c305-4a0f-b41d-3dc80b1387ca,3000000173138,case_punctuation_equivalent,373,OPPO,A57s 4G,a57s-4g,,CPH2385,case_punctuation::OPPO::a57s4g,2,false,low,normalize_format_to_canonical,approved,approved_device_master,Canonical/alias case-punctuation comparison against public.device_models; snapshot 2026-08-28,统一大小写、空格或标点；保留一个 canonical 显示值。,none,source=legacy; products=1; format_duplicate_group=2; display_projection_approved; canonical display/search only; no product_device_compatibilities or inventory change
M-0168,phone,OPPO,A58 4G,A,normalized,1,dacbf2be-8baa-4034-8e79-61ff599ab58a,3000000261880,exact_canonical,374,OPPO,A58 4G,a58-4g,A58 4G CPH2577,CPH2577,code_suffix::OPPO::a584g,2,false,low,keep_canonical,pending_owner_review,device_models_canonical,Supabase public.device_models canonical_name; read-only snapshot 2026-08-28,,none,source=normalized; products=1; code_duplicate_group=2
M-0169,phone,OPPO,A58 4G CPH2577,A,legacy,2,4b0a35da-b067-430f-a62c-0be1306806f1;712dc532-fc29-48f1-9c65-018177dc0ea9,3000000261859;3000000261866,exact_alias,374,OPPO,A58 4G,a58-4g,A58 4G CPH2577,CPH2577,code_suffix::OPPO::a584g,2,false,medium,collapse_alias_to_canonical,approved,approved_device_master,Supabase public.device_models.aliases; read-only snapshot 2026-08-28,保留 raw 值作为 alias，不作为独立菜单行。,none,source=legacy; products=2; code_duplicate_group=2; display_projection_approved; canonical display/search only; no product_device_compatibilities or inventory change
M-0170,phone,OPPO,A5x,A,normalized,1,29a42400-db5d-46b1-b274-023afd053534,3000000375433,exact_canonical,375,OPPO,A5x,a5x,A5X CPH2725,CPH2725,,1,false,low,keep_canonical,pending_owner_review,device_models_canonical,Supabase public.device_models canonical_name; read-only snapshot 2026-08-28,,none,source=normalized; products=1
M-0171,phone,OPPO,A60 4G CPH2631,A,legacy,3,175963e8-fd4d-445c-aaba-28d6943356a9;3798ae59-11fd-4e69-943a-9ab2a949af7f;cb01f706-0eed-4f4b-bd69-c9ae6519e5b9,3000000308653;3000000308660;3000000309049,unmatched_legacy,,,,,,,,1,true,high,research_required,pending_owner_review,legacy_compatibility_value,catalog_model_options → catalog_product_device_models legacy value; no confirmed canonical match in snapshot,当前快照没有确认的 canonical/alias/model-code 映射；禁止猜测。,none,source=legacy; products=3
M-0172,phone,OPPO,A60 5G,A,normalized,2,28705da5-aa9b-459f-a1d2-a47193fae111;7d1b1a44-7f88-4f49-8317-993c43992a6b,3000000335406;3000000338520,exact_canonical,376,OPPO,A60 5G,a60-5g,A60 5G CPH2683,CPH2683,,1,false,low,keep_canonical,pending_owner_review,device_models_canonical,Supabase public.device_models canonical_name; read-only snapshot 2026-08-28,,none,source=normalized; products=2
M-0173,phone,OPPO,A6X 4G,A,legacy,1,0a09fe8b-703e-4a87-b1d4-9271005639c4,3000000440759,unmatched_legacy,,,,,,,,1,true,high,research_required,pending_owner_review,legacy_compatibility_value,catalog_model_options → catalog_product_device_models legacy value; no confirmed canonical match in snapshot,当前快照没有确认的 canonical/alias/model-code 映射；禁止猜测。,none,source=legacy; products=1
M-0174,phone,OPPO,A72 4G,A,legacy,3,02a5b432-f538-40bf-964b-e3c3a657917f;b1779d79-24ab-425b-a637-f44434f1864e;e409f66a-8d91-4178-b635-20be1a48244a,3000000052181;3000000052211;3000000052228,unmatched_legacy,,,,,,,,1,true,high,research_required,pending_owner_review,legacy_compatibility_value,catalog_model_options → catalog_product_device_models legacy value; no confirmed canonical match in snapshot,当前快照没有确认的 canonical/alias/model-code 映射；禁止猜测。,none,source=legacy; products=3
M-0175,phone,OPPO,A72 5G,A,legacy+normalized,3,8e188358-c515-4e2b-bb40-bb5b63244412;adb8ac85-6d11-4361-bc51-2f5423cd08ba;f6e3b1c8-33ba-4405-bb91-7a875a5a6d84,3000000078075;3000000081266;3000000354339,exact_canonical,377,OPPO,A72 5G,a72-5g,,,,1,false,low,keep_canonical,pending_owner_review,device_models_canonical,Supabase public.device_models canonical_name; read-only snapshot 2026-08-28,,none,source=legacy+normalized; products=3
M-0176,phone,OPPO,A73 5G,A,normalized,1,8e188358-c515-4e2b-bb40-bb5b63244412,3000000354339,exact_canonical,378,OPPO,A73 5G,a73-5g,,,,1,false,low,keep_canonical,pending_owner_review,device_models_canonical,Supabase public.device_models canonical_name; read-only snapshot 2026-08-28,,none,source=normalized; products=1
M-0177,phone,OPPO,A74 4G,A,legacy+normalized,3,317c7c11-77ac-4aef-8c2d-565635f421b2;58770781-3e54-4e85-9827-e755b579debe;b457b674-eff8-4bd9-9774-ab07594e39cd,3000000078570;3000000078617;3000000279816,exact_canonical,379,OPPO,A74 4G,a74-4g,,,,1,false,low,keep_canonical,pending_owner_review,device_models_canonical,Supabase public.device_models canonical_name; read-only snapshot 2026-08-28,,none,source=legacy+normalized; products=3
M-0178,phone,OPPO,A74 5G,A,normalized,3,3ebc0a26-5d5b-48cd-8883-2108176abbed;d2192c89-6a41-430d-b31e-05473e63fd0b;d68e2abe-1188-4283-986c-86ee87f717f7,3000000078518;3000000078624;3000000093085,exact_canonical,150,OPPO,A74 5G,a74-5g,,,,1,false,low,keep_canonical,pending_owner_review,device_models_canonical,Supabase public.device_models canonical_name; read-only snapshot 2026-08-28,,none,source=normalized; products=3
M-0179,phone,OPPO,A76 4G,A,legacy+normalized,3,7f249582-a341-4d76-bd55-bb0003cfa1bd;a841ef7b-d7b5-4e79-80da-8a75b8a49c3d;f4c1cf35-0e63-44c9-b8cd-d44b9b8cef47,3000000127155;3000000127162;3000000127179,exact_canonical,381,OPPO,A76 4G,a76-4g,,,,1,false,low,keep_canonical,pending_owner_review,device_models_canonical,Supabase public.device_models canonical_name; read-only snapshot 2026-08-28,,none,source=legacy+normalized; products=3
M-0180,phone,OPPO,A77 5G,A,legacy+normalized,3,3ecfc586-e564-4d57-8333-ee22d0abb399;77220324-695c-4e95-abd2-43ed9df37b16;bb0a514b-ba75-4656-b1e8-59cedd5945f3,3000000151068;3000000151075;3000000151105,exact_canonical,382,OPPO,A77 5G,a77-5g,,,,1,false,low,keep_canonical,pending_owner_review,device_models_canonical,Supabase public.device_models canonical_name; read-only snapshot 2026-08-28,,none,source=legacy+normalized; products=3
M-0181,phone,OPPO,A78 4G CPH2565,A,legacy,2,81b7c456-5679-4be1-8b14-2a556d738148;cf697312-28ed-4a83-97b0-624fa0b477a0,3000000292945;3000000292976,unmatched_legacy,,,,,,,,1,true,high,research_required,pending_owner_review,legacy_compatibility_value,catalog_model_options → catalog_product_device_models legacy value; no confirmed canonical match in snapshot,当前快照没有确认的 canonical/alias/model-code 映射；禁止猜测。,none,source=legacy; products=2
M-0182,phone,OPPO,A78 5G,A,normalized,2,057674d4-b87e-4445-b2eb-0828b71537a0;3ecfc586-e564-4d57-8333-ee22d0abb399,3000000151105;3000000174722,exact_canonical,383,OPPO,A78 5G,a78-5g,A78 5G CPH2483,CPH2483,code_suffix::OPPO::a785g,2,false,low,keep_canonical,pending_owner_review,device_models_canonical,Supabase public.device_models canonical_name; read-only snapshot 2026-08-28,,none,source=normalized; products=2; code_duplicate_group=2
M-0183,phone,OPPO,A78 5G CPH2483,A,legacy,1,6cd16a24-9b20-4720-a558-894afefc43ac,3000000205518,exact_alias,383,OPPO,A78 5G,a78-5g,A78 5G CPH2483,CPH2483,code_suffix::OPPO::a785g,2,false,medium,collapse_alias_to_canonical,approved,approved_device_master,Supabase public.device_models.aliases; read-only snapshot 2026-08-28,保留 raw 值作为 alias，不作为独立菜单行。,none,source=legacy; products=1; code_duplicate_group=2; display_projection_approved; canonical display/search only; no product_device_compatibilities or inventory change
M-0184,phone,OPPO,A79 5G,A,normalized,1,dacbf2be-8baa-4034-8e79-61ff599ab58a,3000000261880,exact_canonical,384,OPPO,A79 5G,a79-5g,A79 5G CPH2553,CPH2553,code_suffix::OPPO::a795g,2,false,low,keep_canonical,pending_owner_review,device_models_canonical,Supabase public.device_models canonical_name; read-only snapshot 2026-08-28,,none,source=normalized; products=1; code_duplicate_group=2
M-0185,phone,OPPO,A79 5G CPH2553,A,legacy,2,78d4386a-8019-47a3-a600-fc27b6ebf663;fc320c59-7496-4535-b38c-5c8abba4ef4d,3000000293089;3000000293096,exact_alias,384,OPPO,A79 5G,a79-5g,A79 5G CPH2553,CPH2553,code_suffix::OPPO::a795g,2,false,medium,collapse_alias_to_canonical,approved,approved_device_master,Supabase public.device_models.aliases; read-only snapshot 2026-08-28,保留 raw 值作为 alias，不作为独立菜单行。,none,source=legacy; products=2; code_duplicate_group=2; display_projection_approved; canonical display/search only; no product_device_compatibilities or inventory change
M-0186,phone,OPPO,A80 5G,A,legacy+normalized,3,22c54ba8-fcf5-4879-996e-9848b3b9d3af;28705da5-aa9b-459f-a1d2-a47193fae111;7d1b1a44-7f88-4f49-8317-993c43992a6b,3000000335390;3000000335406;3000000338520,exact_canonical,385,OPPO,A80 5G,a80-5g,,,,1,false,low,keep_canonical,pending_owner_review,device_models_canonical,Supabase public.device_models canonical_name; read-only snapshot 2026-08-28,,none,source=legacy+normalized; products=3
M-0187,phone,OPPO,A9 2020,A,legacy+normalized,3,4d3f5eed-0373-4811-b1a9-0e1a22090393;c0d28acd-2bf5-4f35-b4fd-2f3cf4374ae4;dec95f9f-d7e5-4e2b-83a3-d3c348803778,3000000035290;3000000035375;3000000035399,exact_canonical,386,OPPO,A9 2020,a9-2020,,,,1,false,low,keep_canonical,pending_owner_review,device_models_canonical,Supabase public.device_models canonical_name; read-only snapshot 2026-08-28,,none,source=legacy+normalized; products=3
M-0188,phone,OPPO,A94 4G,A,legacy+normalized,3,58770781-3e54-4e85-9827-e755b579debe;a0e7b5f4-e0d8-4471-b951-b3ba242d9269;bd0528cb-81d2-4796-ba0a-ecb36b40fc48,3000000217825;3000000268483;3000000279816,exact_canonical,387,OPPO,A94 4G,a94-4g,,,,1,false,low,keep_canonical,pending_owner_review,device_models_canonical,Supabase public.device_models canonical_name; read-only snapshot 2026-08-28,,none,source=legacy+normalized; products=3
M-0189,phone,OPPO,A94 5G,A,normalized,2,58770781-3e54-4e85-9827-e755b579debe;e4bad0c8-a3cd-41d1-aafc-2aec71941ba3,3000000078556;3000000279816,exact_canonical,388,OPPO,A94 5G,a94-5g,,,,1,false,low,keep_canonical,pending_owner_review,device_models_canonical,Supabase public.device_models canonical_name; read-only snapshot 2026-08-28,,none,source=normalized; products=2
M-0190,phone,OPPO,A96 4G,A,legacy+normalized,2,7f249582-a341-4d76-bd55-bb0003cfa1bd;f8d8a2c1-c6a7-4ad9-8fe8-6416bd8f78d4,3000000127155;3000000179246,exact_canonical,389,OPPO,A96 4G,a96-4g,,,,1,false,low,keep_canonical,pending_owner_review,device_models_canonical,Supabase public.device_models canonical_name; read-only snapshot 2026-08-28,,none,source=legacy+normalized; products=2
M-0191,phone,OPPO,A98 5G,A,normalized,1,4d929aa4-f89e-4294-b455-c01e1476da38,3000000202050,exact_canonical,564,OPPO,A98 5G,a98-5g,A98 5G CPH2529,CPH2529,code_suffix::OPPO::a985g,2,false,low,keep_canonical,pending_owner_review,device_models_canonical,Supabase public.device_models canonical_name; read-only snapshot 2026-08-28,,none,source=normalized; products=1; code_duplicate_group=2
M-0192,phone,OPPO,A98 5G CPH2529,A,legacy,2,261b73fa-d0b7-4c84-a361-c6adc5089b32;b712d52a-9485-45c1-8129-cd28a086b22b,3000000202029;3000000256008,exact_alias,564,OPPO,A98 5G,a98-5g,A98 5G CPH2529,CPH2529,code_suffix::OPPO::a985g,2,false,medium,collapse_alias_to_canonical,approved,approved_device_master,Supabase public.device_models.aliases; read-only snapshot 2026-08-28,保留 raw 值作为 alias，不作为独立菜单行。,none,source=legacy; products=2; code_duplicate_group=2; display_projection_approved; canonical display/search only; no product_device_compatibilities or inventory change
M-0193,phone,OPPO,F19 Pro,F,normalized,1,58770781-3e54-4e85-9827-e755b579debe,3000000279816,exact_canonical,390,OPPO,F19 Pro,f19-pro,,,,1,false,low,keep_canonical,pending_owner_review,device_models_canonical,Supabase public.device_models canonical_name; read-only snapshot 2026-08-28,,none,source=normalized; products=1
M-0194,phone,OPPO,F19 Pro+ 5G,F,normalized,1,e4bad0c8-a3cd-41d1-aafc-2aec71941ba3,3000000078556,exact_canonical,391,OPPO,F19 Pro+ 5G,f19-pro-plus-5g,,,,1,false,low,keep_canonical,pending_owner_review,device_models_canonical,Supabase public.device_models canonical_name; read-only snapshot 2026-08-28,,none,source=normalized; products=1
M-0195,phone,OPPO,Find X3 Lite,Find,legacy,1,825ffba1-f2f9-4ea5-a2c5-09dedce954bb,PP-OPP-FX3L-TFT-LCD-BLK,unmatched_legacy,,,,,,,,1,true,high,research_required,pending_owner_review,legacy_compatibility_value,catalog_model_options → catalog_product_device_models legacy value; no confirmed canonical match in snapshot,当前快照没有确认的 canonical/alias/model-code 映射；禁止猜测。,none,source=legacy; products=1
M-0196,phone,OPPO,Find X5 Lite,Find,normalized,1,302d7291-4d68-43bf-88e3-86a28adcff7c,PP-OPP-FX5L-R8-N60-TFT-LCD-BLK,exact_canonical,526,OPPO,Find X5 Lite,find-x5-lite,,,,1,false,low,keep_canonical,pending_owner_review,device_models_canonical,Supabase public.device_models canonical_name; read-only snapshot 2026-08-28,,none,source=normalized; products=1
M-0197,phone,OPPO,Reno 8 5G,Reno,normalized,1,302d7291-4d68-43bf-88e3-86a28adcff7c,PP-OPP-FX5L-R8-N60-TFT-LCD-BLK,exact_canonical,527,OPPO,Reno 8 5G,reno-8-5g,,,,1,false,low,keep_canonical,pending_owner_review,device_models_canonical,Supabase public.device_models canonical_name; read-only snapshot 2026-08-28,,none,source=normalized; products=1
M-0198,phone,OPPO,Reno5 F,Reno,normalized,1,58770781-3e54-4e85-9827-e755b579debe,3000000279816,exact_canonical,392,OPPO,Reno5 F,reno5-f,,,,1,false,low,keep_canonical,pending_owner_review,device_models_canonical,Supabase public.device_models canonical_name; read-only snapshot 2026-08-28,,none,source=normalized; products=1
M-0199,phone,OPPO,Reno5 Lite,Reno,normalized,1,58770781-3e54-4e85-9827-e755b579debe,3000000279816,exact_canonical,393,OPPO,Reno5 Lite,reno5-lite,,,,1,false,low,keep_canonical,pending_owner_review,device_models_canonical,Supabase public.device_models canonical_name; read-only snapshot 2026-08-28,,none,source=normalized; products=1
M-0200,phone,OPPO,Reno5 Z,Reno,normalized,1,e4bad0c8-a3cd-41d1-aafc-2aec71941ba3,3000000078556,exact_canonical,394,OPPO,Reno5 Z,reno5-z,,,,1,false,low,keep_canonical,pending_owner_review,device_models_canonical,Supabase public.device_models canonical_name; read-only snapshot 2026-08-28,,none,source=normalized; products=1
M-0201,phone,OPPO,Reno6 Z 5G,Reno,normalized,1,e4bad0c8-a3cd-41d1-aafc-2aec71941ba3,3000000078556,exact_canonical,395,OPPO,Reno6 Z 5G,reno6-z-5g,RENO6 Z 5G,,,1,false,low,keep_canonical,pending_owner_review,device_models_canonical,Supabase public.device_models canonical_name; read-only snapshot 2026-08-28,,none,source=normalized; products=1
M-0202,phone,Realme,C11 2020,Series C/GT/X/P,legacy,2,08ddf0a2-d6a7-4d35-aa7a-0df7bc66548b;ac543dbe-2e85-431b-a605-47c324e2c544,3000000051085;3000000051122,unmatched_legacy,,,,,,,,1,true,high,research_required,pending_owner_review,legacy_compatibility_value,catalog_model_options → catalog_product_device_models legacy value; no confirmed canonical match in snapshot,当前快照没有确认的 canonical/alias/model-code 映射；禁止猜测。,none,source=legacy; products=2
M-0203,phone,Realme,C11 2021,Series C/GT/X/P,legacy,1,77783e8a-2a61-486b-b1f0-c28baa175f11,3000000105788,unmatched_legacy,,,,,,,,1,true,high,research_required,pending_owner_review,legacy_compatibility_value,catalog_model_options → catalog_product_device_models legacy value; no confirmed canonical match in snapshot,当前快照没有确认的 canonical/alias/model-code 映射；禁止猜测。,none,source=legacy; products=1
M-0204,phone,Realme,C21,Series C/GT/X/P,legacy,1,36f5eabf-7280-4373-a978-5053d875d834,3000000081532,unmatched_legacy,,,,,,,,1,true,high,research_required,pending_owner_review,legacy_compatibility_value,catalog_model_options → catalog_product_device_models legacy value; no confirmed canonical match in snapshot,当前快照没有确认的 canonical/alias/model-code 映射；禁止猜测。,none,source=legacy; products=1
M-0205,phone,Realme,C21 Y,Series C/GT/X/P,legacy,1,4b897168-f1ed-4ff2-8600-424d4632c1bf,3000000110522,case_punctuation_equivalent,396,Realme,C21-Y,c21-y,C21 Y,,case_punctuation::Realme::c21y,2,false,low,normalize_format_to_canonical,approved,approved_device_master,Canonical/alias case-punctuation comparison against public.device_models; snapshot 2026-08-28,统一大小写、空格或标点；保留一个 canonical 显示值。,none,source=legacy; products=1; format_duplicate_group=2; display_projection_approved; canonical display/search only; no product_device_compatibilities or inventory change
M-0206,phone,Realme,C21-Y,Series C/GT/X/P,normalized,1,af5d60a3-7677-4e99-aa4f-3b56da05ff3c,3000000126981,exact_canonical,396,Realme,C21-Y,c21-y,C21 Y,,case_punctuation::Realme::c21y,2,false,low,keep_canonical,pending_owner_review,device_models_canonical,Supabase public.device_models canonical_name; read-only snapshot 2026-08-28,,none,source=normalized; products=1; format_duplicate_group=2
M-0207,phone,Realme,C25Y,Series C/GT/X/P,legacy+normalized,2,6ad00cb8-a429-40d4-bf5d-866799c1b0d8;af5d60a3-7677-4e99-aa4f-3b56da05ff3c,3000000110409;3000000126981,exact_canonical,397,Realme,C25Y,c25y,,,,1,false,low,keep_canonical,pending_owner_review,device_models_canonical,Supabase public.device_models canonical_name; read-only snapshot 2026-08-28,,none,source=legacy+normalized; products=2
M-0208,phone,Realme,C3,Series C/GT/X/P,legacy,1,e5034c70-012e-419f-bcfd-632e0f82b07b,3000000051337,unmatched_legacy,,,,,,,,1,true,high,research_required,pending_owner_review,legacy_compatibility_value,catalog_model_options → catalog_product_device_models legacy value; no confirmed canonical match in snapshot,当前快照没有确认的 canonical/alias/model-code 映射；禁止猜测。,none,source=legacy; products=1
M-0209,phone,Realme,C30,Series C/GT/X/P,normalized,2,8f9edacc-a03e-4334-aed5-e4a256fe5ae4;ba5a02f9-faaa-4bef-a2bf-5d65d7e844c2,3000000152546;3000000152553,exact_canonical,398,Realme,C30,c30,,,,1,false,low,keep_canonical,pending_owner_review,device_models_canonical,Supabase public.device_models canonical_name; read-only snapshot 2026-08-28,,none,source=normalized; products=2
M-0210,phone,Realme,C31,Series C/GT/X/P,legacy,2,570db806-9f80-47d8-af09-ec3e0905440b;95b7ed21-4acb-4198-b608-15538ac2cb3c,3000000128565;3000000128589,unmatched_legacy,,,,,,,,1,true,high,research_required,pending_owner_review,legacy_compatibility_value,catalog_model_options → catalog_product_device_models legacy value; no confirmed canonical match in snapshot,当前快照没有确认的 canonical/alias/model-code 映射；禁止猜测。,none,source=legacy; products=2
M-0211,phone,Realme,C33,Series C/GT/X/P,legacy+normalized,2,0b204277-0c3e-4560-9f8c-27b1489bb34f;ba5a02f9-faaa-4bef-a2bf-5d65d7e844c2,3000000152546;3000000173152,exact_canonical,399,Realme,C33,c33,,,,1,false,low,keep_canonical,pending_owner_review,device_models_canonical,Supabase public.device_models canonical_name; read-only snapshot 2026-08-28,,none,source=legacy+normalized; products=2
M-0212,phone,Realme,C35,Series C/GT/X/P,normalized,2,c8545da1-f38d-4cd7-b10b-9f79fdc8e8f8;ee5ded5c-8f21-40f3-9bcf-931d901071e2,3000000128626;3000000128633,exact_canonical,400,Realme,C35,c35,,,,1,false,low,keep_canonical,pending_owner_review,device_models_canonical,Supabase public.device_models canonical_name; read-only snapshot 2026-08-28,,none,source=normalized; products=2
M-0213,phone,Realme,C51,Series C/GT/X/P,legacy+normalized,3,3ecfc586-e564-4d57-8333-ee22d0abb399;7ba5d92a-66a3-42a6-891f-7e9e5dd546a6;a5396e2d-2b44-40d4-98f1-b71026bbae37,3000000151105;3000000258620;3000000258637,exact_canonical,401,Realme,C51,c51,,,,1,false,low,keep_canonical,pending_owner_review,device_models_canonical,Supabase public.device_models canonical_name; read-only snapshot 2026-08-28,,none,source=legacy+normalized; products=3
M-0214,phone,Realme,C53,Series C/GT/X/P,legacy+normalized,2,26833b63-1899-4566-a023-3c43cbcb1382;a5396e2d-2b44-40d4-98f1-b71026bbae37,3000000256336;3000000258620,exact_canonical,402,Realme,C53,c53,,,,1,false,low,keep_canonical,pending_owner_review,device_models_canonical,Supabase public.device_models canonical_name; read-only snapshot 2026-08-28,,none,source=legacy+normalized; products=2
M-0215,phone,Realme,C55,Series C/GT/X/P,legacy,3,7926aa56-6605-4699-a306-3d05bcc460fb;bd733a1c-c437-4361-8df6-1bd849d92d3c;e72af344-5568-46fc-be39-6650cf5162f4,3000000202630;3000000204146;3000000235256,unmatched_legacy,,,,,,,,1,true,high,research_required,pending_owner_review,legacy_compatibility_value,catalog_model_options → catalog_product_device_models legacy value; no confirmed canonical match in snapshot,当前快照没有确认的 canonical/alias/model-code 映射；禁止猜测。,none,source=legacy; products=3
M-0216,phone,Realme,C61,Series C/GT/X/P,normalized,2,74133492-b1d2-4df8-ba97-71a3c2fd1d4d;91789f10-801c-406c-bf82-331f4b6970a2,3000000319338;3000000320105,exact_canonical,403,Realme,C61,c61,,,,1,false,low,keep_canonical,pending_owner_review,device_models_canonical,Supabase public.device_models canonical_name; read-only snapshot 2026-08-28,,none,source=normalized; products=2
M-0217,phone,Realme,C63,Series C/GT/X/P,normalized,2,74133492-b1d2-4df8-ba97-71a3c2fd1d4d;91789f10-801c-406c-bf82-331f4b6970a2,3000000319338;3000000320105,exact_canonical,404,Realme,C63,c63,,,,1,false,low,keep_canonical,pending_owner_review,device_models_canonical,Supabase public.device_models canonical_name; read-only snapshot 2026-08-28,,none,source=normalized; products=2
M-0218,phone,Realme,C65 4G,Series C/GT/X/P,legacy,3,7548ddae-7382-4a41-b325-1d03e83310b1;97408ae8-a7a2-4b8f-918d-c0e9890e7487;d368588b-866a-4526-801f-c3764867ca17,3000000313015;3000000332412;3000000420225,unmatched_legacy,,,,,,,,1,true,high,research_required,pending_owner_review,legacy_compatibility_value,catalog_model_options → catalog_product_device_models legacy value; no confirmed canonical match in snapshot,当前快照没有确认的 canonical/alias/model-code 映射；禁止猜测。,none,source=legacy; products=3
M-0219,phone,Realme,C67 4G,Series C/GT/X/P,legacy,2,0f1d89e4-8bbd-459d-8817-da2fd0e001f5;b52cf71e-6f2e-41f9-9642-6b55c75bb87e,3000000294802;3000000380512,unmatched_legacy,,,,,,,,1,true,high,research_required,pending_owner_review,legacy_compatibility_value,catalog_model_options → catalog_product_device_models legacy value; no confirmed canonical match in snapshot,当前快照没有确认的 canonical/alias/model-code 映射；禁止猜测。,none,source=legacy; products=2
M-0220,phone,Realme,C71,Series C/GT/X/P,legacy+normalized,2,4df92f9d-7329-4ba5-bf07-f6f979aa9b04;68ef73a7-3476-4883-8c7e-5f3bd272993a,3000000396674;3000000404966,exact_canonical,528,Realme,C71,c71,,,,1,false,low,keep_canonical,pending_owner_review,device_models_canonical,Supabase public.device_models canonical_name; read-only snapshot 2026-08-28,,none,source=legacy+normalized; products=2
M-0221,phone,Realme,C75,Series C/GT/X/P,legacy,3,50f11661-8023-400f-bd59-0b9a9cf81368;70ca2fdc-e7b8-4074-8060-f350734c2739;8c035ddf-7654-4ea3-a349-8b9a22ab2a19,3000000358559;3000000380215;3667075143642,unmatched_legacy,,,,,,,,1,true,high,research_required,pending_owner_review,legacy_compatibility_value,catalog_model_options → catalog_product_device_models legacy value; no confirmed canonical match in snapshot,当前快照没有确认的 canonical/alias/model-code 映射；禁止猜测。,none,source=legacy; products=3
M-0222,phone,Realme,Narzo 50A Prime,Series narzo / Note,normalized,2,c8545da1-f38d-4cd7-b10b-9f79fdc8e8f8;ee5ded5c-8f21-40f3-9bcf-931d901071e2,3000000128626;3000000128633,exact_canonical,405,Realme,Narzo 50A Prime,narzo-50a-prime,,,,1,false,low,keep_canonical,pending_owner_review,device_models_canonical,Supabase public.device_models canonical_name; read-only snapshot 2026-08-28,,none,source=normalized; products=2
M-0223,phone,Realme,Narzo 50i Prime,Series narzo / Note,normalized,1,8f9edacc-a03e-4334-aed5-e4a256fe5ae4,3000000152553,exact_canonical,406,Realme,Narzo 50i Prime,narzo-50i-prime,Narzo 50I Prime,,,1,false,low,keep_canonical,pending_owner_review,device_models_canonical,Supabase public.device_models canonical_name; read-only snapshot 2026-08-28,,none,source=normalized; products=1
M-0224,phone,Realme,Narzo 60,Series narzo / Note,normalized,1,302d7291-4d68-43bf-88e3-86a28adcff7c,PP-OPP-FX5L-R8-N60-TFT-LCD-BLK,exact_canonical,529,Realme,Narzo 60,narzo-60,,,,1,false,low,keep_canonical,pending_owner_review,device_models_canonical,Supabase public.device_models canonical_name; read-only snapshot 2026-08-28,,none,source=normalized; products=1
M-0225,phone,Realme,Narzo 60X,Series narzo / Note,normalized,1,302d7291-4d68-43bf-88e3-86a28adcff7c,PP-OPP-FX5L-R8-N60-TFT-LCD-BLK,exact_canonical,530,Realme,Narzo 60X,narzo-60x,,,,1,false,low,keep_canonical,pending_owner_review,device_models_canonical,Supabase public.device_models canonical_name; read-only snapshot 2026-08-28,,none,source=normalized; products=1
M-0226,phone,Realme,Note 50,Series narzo / Note,legacy+normalized,2,6fbdee0c-015d-4986-a8c1-3a797805a0df;a5396e2d-2b44-40d4-98f1-b71026bbae37,3000000258620;3000000332450,exact_canonical,407,Realme,Note 50,note-50,,,,1,false,low,keep_canonical,pending_owner_review,device_models_canonical,Supabase public.device_models canonical_name; read-only snapshot 2026-08-28,,none,source=legacy+normalized; products=2
M-0227,phone,Realme,Note 60,Series narzo / Note,legacy+normalized,2,25514cf1-4205-4470-9153-684f73960365;91789f10-801c-406c-bf82-331f4b6970a2,3000000319338;3000000343210,exact_canonical,408,Realme,Note 60,note-60,,,,1,false,low,keep_canonical,pending_owner_review,device_models_canonical,Supabase public.device_models canonical_name; read-only snapshot 2026-08-28,,none,source=legacy+normalized; products=2
M-0228,phone,Realme,P3 Lite 4G,Series C/GT/X/P,normalized,1,4df92f9d-7329-4ba5-bf07-f6f979aa9b04,3000000396674,exact_canonical,531,Realme,P3 Lite 4G,p3-lite-4g,,,,1,false,low,keep_canonical,pending_owner_review,device_models_canonical,Supabase public.device_models canonical_name; read-only snapshot 2026-08-28,,none,source=normalized; products=1
M-0229,phone,Samsung,Galaxy A01 A015,Galaxy A,legacy,1,b738fc99-830d-44ea-a680-29ce29f0b28b,3000000036853,unmatched_legacy,,,,,,,,1,true,high,research_required,pending_owner_review,legacy_compatibility_value,catalog_model_options → catalog_product_device_models legacy value; no confirmed canonical match in snapshot,当前快照没有确认的 canonical/alias/model-code 映射；禁止猜测。,none,source=legacy; products=1
M-0230,phone,Samsung,Galaxy A01 Core A013G,Galaxy A,legacy,1,b272f994-c5d2-48a7-ae50-73e020d48a00,3000000187302,unmatched_legacy,,,,,,,,1,true,high,research_required,pending_owner_review,legacy_compatibility_value,catalog_model_options → catalog_product_device_models legacy value; no confirmed canonical match in snapshot,当前快照没有确认的 canonical/alias/model-code 映射；禁止猜测。,none,source=legacy; products=1
M-0231,phone,Samsung,Galaxy A02,Galaxy A,normalized,1,d9dae3ed-76d2-43f8-a717-4dc1ec7a440b,3000000178287,exact_canonical,409,Samsung,Galaxy A02,galaxy-a02,Galaxy A02 A022F,A022F,code_suffix::Samsung::galaxya02,2,false,low,keep_canonical,pending_owner_review,device_models_canonical,Supabase public.device_models canonical_name; read-only snapshot 2026-08-28,,none,source=normalized; products=1; code_duplicate_group=2
M-0232,phone,Samsung,Galaxy A02 A022F,Galaxy A,legacy,1,2fb82e20-036b-447a-ba8c-c95d00b2a7fc,3000000266052,exact_alias,409,Samsung,Galaxy A02,galaxy-a02,Galaxy A02 A022F,A022F,code_suffix::Samsung::galaxya02,2,false,medium,collapse_alias_to_canonical,approved,approved_device_master,Supabase public.device_models.aliases; read-only snapshot 2026-08-28,保留 raw 值作为 alias，不作为独立菜单行。,none,source=legacy; products=1; code_duplicate_group=2; display_projection_approved; canonical display/search only; no product_device_compatibilities or inventory change
M-0233,phone,Samsung,Galaxy A02S A025,Galaxy A,legacy,2,3b45ff0d-fc4d-4d42-8d5d-0f4772d5785b;b2dc43dc-a434-4bd0-a521-1069d4771249,3000000085677;3000000212790,unmatched_legacy,,,,,,,,1,true,high,research_required,pending_owner_review,legacy_compatibility_value,catalog_model_options → catalog_product_device_models legacy value; no confirmed canonical match in snapshot,当前快照没有确认的 canonical/alias/model-code 映射；禁止猜测。,none,source=legacy; products=2
M-0234,phone,Samsung,Galaxy A03,Galaxy A,normalized,1,78bce54f-ca4e-499e-b34a-e9e4dfee64b9,3000000174968,exact_canonical,410,Samsung,Galaxy A03,galaxy-a03,Galaxy A03 A035F;Galaxy A03 A035G,A035F;A035G,code_suffix::Samsung::galaxya03,2,false,low,keep_canonical,pending_owner_review,device_models_canonical,Supabase public.device_models canonical_name; read-only snapshot 2026-08-28,,none,source=normalized; products=1; code_duplicate_group=2
M-0235,phone,Samsung,Galaxy A03 A035G,Galaxy A,legacy,2,3b5fe022-cf17-4ee2-9ab3-82df80352c7f;532333d1-293a-4352-9034-302ad3f3e375,3000000131879;3000000153741,exact_alias,410,Samsung,Galaxy A03,galaxy-a03,Galaxy A03 A035F;Galaxy A03 A035G,A035F;A035G,code_suffix::Samsung::galaxya03,2,false,medium,collapse_alias_to_canonical,approved,approved_device_master,Supabase public.device_models.aliases; read-only snapshot 2026-08-28,保留 raw 值作为 alias，不作为独立菜单行。,none,source=legacy; products=2; code_duplicate_group=2; display_projection_approved; canonical display/search only; no product_device_compatibilities or inventory change
M-0236,phone,Samsung,Galaxy A03 Core A032,Galaxy A,legacy,1,8e05f8ae-098c-45ab-8127-6eeeca4f2786,3000000251584,unmatched_legacy,,,,,,,,1,true,high,research_required,pending_owner_review,legacy_compatibility_value,catalog_model_options → catalog_product_device_models legacy value; no confirmed canonical match in snapshot,当前快照没有确认的 canonical/alias/model-code 映射；禁止猜测。,none,source=legacy; products=1
M-0237,phone,Samsung,Galaxy A03S A037,Galaxy A,legacy,2,57b77f2e-6780-4855-9588-5fccd22be113;7c21cbcd-2325-45cb-8335-190587fd1611,3000000167304;3000000174975,unmatched_legacy,,,,,,,,1,true,high,research_required,pending_owner_review,legacy_compatibility_value,catalog_model_options → catalog_product_device_models legacy value; no confirmed canonical match in snapshot,当前快照没有确认的 canonical/alias/model-code 映射；禁止猜测。,none,source=legacy; products=2
M-0238,phone,Samsung,Galaxy A04 A045,Galaxy A,legacy,1,df6927fb-3270-4e2b-8043-596a8ef7c0d5,3000000186640,unmatched_legacy,,,,,,,,1,true,high,research_required,pending_owner_review,legacy_compatibility_value,catalog_model_options → catalog_product_device_models legacy value; no confirmed canonical match in snapshot,当前快照没有确认的 canonical/alias/model-code 映射；禁止猜测。,none,source=legacy; products=1
M-0239,phone,Samsung,Galaxy A04e,Galaxy A,normalized,1,a10dda11-263c-4d1f-be6e-43aaf2a03d45,3000000193082,exact_canonical,411,Samsung,Galaxy A04e,galaxy-a04e,Galaxy A04E A042,A042,code_suffix::Samsung::galaxya04e,2,false,low,keep_canonical,pending_owner_review,device_models_canonical,Supabase public.device_models canonical_name; read-only snapshot 2026-08-28,,none,source=normalized; products=1; code_duplicate_group=2
M-0240,phone,Samsung,Galaxy A04E A042,Galaxy A,legacy,1,d50dd319-0e6d-4f51-892d-c4f909afe299,3000000191897,exact_alias,411,Samsung,Galaxy A04e,galaxy-a04e,Galaxy A04E A042,A042,code_suffix::Samsung::galaxya04e,2,false,medium,collapse_alias_to_canonical,approved,approved_device_master,Supabase public.device_models.aliases; read-only snapshot 2026-08-28,保留 raw 值作为 alias，不作为独立菜单行。,none,source=legacy; products=1; code_duplicate_group=2; display_projection_approved; canonical display/search only; no product_device_compatibilities or inventory change
M-0241,phone,Samsung,Galaxy A04s,Galaxy A,normalized,1,d9dae3ed-76d2-43f8-a717-4dc1ec7a440b,3000000178287,exact_canonical,412,Samsung,Galaxy A04s,galaxy-a04s,,,code_suffix::Samsung::galaxya04s,2,false,low,keep_canonical,pending_owner_review,device_models_canonical,Supabase public.device_models canonical_name; read-only snapshot 2026-08-28,,none,source=normalized; products=1; code_duplicate_group=2
M-0242,phone,Samsung,Galaxy A04S A047F,Galaxy A,legacy,2,0834b935-d343-4b5c-bbfe-77a6ab87beb8;5de49a43-6839-40e9-a5e6-1e2c4df105a2,3000000212295;3000000425213,unmatched_legacy,,,,,,,code_suffix::Samsung::galaxya04s,2,true,high,research_required,pending_owner_review,legacy_compatibility_value,catalog_model_options → catalog_product_device_models legacy value; no confirmed canonical match in snapshot,当前快照没有确认的 canonical/alias/model-code 映射；禁止猜测。,none,source=legacy; products=2; code_duplicate_group=2
M-0243,phone,Samsung,Galaxy A05 A055,Galaxy A,legacy,3,0f26d59e-7b70-45f5-98cb-fbf14f55029c;2056f799-9ad1-45e2-a45f-7b26b8423ea0;db22a178-8e7e-4576-82cd-8224b2cb16a9,3000000269787;3000000272152;3000000288603,unmatched_legacy,,,,,,,,1,true,high,research_required,pending_owner_review,legacy_compatibility_value,catalog_model_options → catalog_product_device_models legacy value; no confirmed canonical match in snapshot,当前快照没有确认的 canonical/alias/model-code 映射；禁止猜测。,none,source=legacy; products=3
M-0244,phone,Samsung,Galaxy A05S A057,Galaxy A,legacy,3,77e71973-f27b-4cca-a3a3-5bd49879e2da;7e3997b5-a92d-40a1-b1dd-14af93d2751c;d74f9ce6-3428-4e94-9b80-58ddd0431a1c,3000000269411;3000000269732;3667075002246,unmatched_legacy,,,,,,,,1,true,high,research_required,pending_owner_review,legacy_compatibility_value,catalog_model_options → catalog_product_device_models legacy value; no confirmed canonical match in snapshot,当前快照没有确认的 canonical/alias/model-code 映射；禁止猜测。,none,source=legacy; products=3
M-0245,phone,Samsung,Galaxy A06,Galaxy A,normalized,1,f1a20631-f778-448b-a7e9-049afbdadb48,3000000336618,exact_canonical,413,Samsung,Galaxy A06,galaxy-a06,Galaxy A06 A065,A065,code_suffix::Samsung::galaxya06,2,false,low,keep_canonical,pending_owner_review,device_models_canonical,Supabase public.device_models canonical_name; read-only snapshot 2026-08-28,,none,source=normalized; products=1; code_duplicate_group=2
M-0246,phone,Samsung,Galaxy A06 5G,Galaxy A,normalized,1,f1a20631-f778-448b-a7e9-049afbdadb48,3000000336618,exact_canonical,414,Samsung,Galaxy A06 5G,galaxy-a06-5g,Galaxy A06 5G A066,A066,code_suffix::Samsung::galaxya065g,2,false,low,keep_canonical,pending_owner_review,device_models_canonical,Supabase public.device_models canonical_name; read-only snapshot 2026-08-28,,none,source=normalized; products=1; code_duplicate_group=2
M-0247,phone,Samsung,Galaxy A06 5G A066,Galaxy A,legacy,2,53aaaf9b-389c-47a7-b294-885d15410375;fbf2027e-4b83-471e-a757-2622dc45365f,3000000379288;3000000379547,exact_alias,414,Samsung,Galaxy A06 5G,galaxy-a06-5g,Galaxy A06 5G A066,A066,code_suffix::Samsung::galaxya065g,2,false,medium,collapse_alias_to_canonical,approved,approved_device_master,Supabase public.device_models.aliases; read-only snapshot 2026-08-28,保留 raw 值作为 alias，不作为独立菜单行。,none,source=legacy; products=2; code_duplicate_group=2; display_projection_approved; canonical display/search only; no product_device_compatibilities or inventory change
M-0248,phone,Samsung,Galaxy A06 A065,Galaxy A,legacy,2,503592b8-68fa-4d18-8a9f-8e5611f34a69;ee8c46bd-5f77-4411-88c3-04db42551715,3000000336625;3667075243281,exact_alias,413,Samsung,Galaxy A06,galaxy-a06,Galaxy A06 A065,A065,code_suffix::Samsung::galaxya06,2,false,medium,collapse_alias_to_canonical,approved,approved_device_master,Supabase public.device_models.aliases; read-only snapshot 2026-08-28,保留 raw 值作为 alias，不作为独立菜单行。,none,source=legacy; products=2; code_duplicate_group=2; display_projection_approved; canonical display/search only; no product_device_compatibilities or inventory change
M-0249,phone,Samsung,Galaxy A07 4G A075,Galaxy A,legacy,1,12885275-6f83-424e-9c14-51559f4afbde,3000000415184,unmatched_legacy,,,,,,,,1,true,high,research_required,pending_owner_review,legacy_compatibility_value,catalog_model_options → catalog_product_device_models legacy value; no confirmed canonical match in snapshot,当前快照没有确认的 canonical/alias/model-code 映射；禁止猜测。,none,source=legacy; products=1
M-0250,phone,Samsung,Galaxy A10 A105,Galaxy A,legacy,2,0ab4ee1b-3714-4053-97a4-cff94c2d2170;d45ab234-1b2f-4525-8ab1-85765e7f91d5,3000000043325;3000000159309,unmatched_legacy,,,,,,,,1,true,high,research_required,pending_owner_review,legacy_compatibility_value,catalog_model_options → catalog_product_device_models legacy value; no confirmed canonical match in snapshot,当前快照没有确认的 canonical/alias/model-code 映射；禁止猜测。,none,source=legacy; products=2
M-0251,phone,Samsung,Galaxy A10S A107,Galaxy A,legacy,2,7a33d3df-bf5c-465e-9f0b-574237e91ee5;f7223d28-4992-4fa1-a6d6-2b2b3e37a702,3000000037706;3000000187319,unmatched_legacy,,,,,,,,1,true,high,research_required,pending_owner_review,legacy_compatibility_value,catalog_model_options → catalog_product_device_models legacy value; no confirmed canonical match in snapshot,当前快照没有确认的 canonical/alias/model-code 映射；禁止猜测。,none,source=legacy; products=2
M-0252,phone,Samsung,Galaxy A11 A115,Galaxy A,legacy,2,3e98edc8-8a15-46d7-a45e-8533f3ad1099;85a0d701-e7ce-4563-8350-c7ed93da8586,3000000065815;3000000169315,unmatched_legacy,,,,,,,,1,true,high,research_required,pending_owner_review,legacy_compatibility_value,catalog_model_options → catalog_product_device_models legacy value; no confirmed canonical match in snapshot,当前快照没有确认的 canonical/alias/model-code 映射；禁止猜测。,none,source=legacy; products=2
M-0253,phone,Samsung,Galaxy A12,Galaxy A,normalized,2,d2ebcde1-0a69-4d3e-bedd-00efa75b466e;d9dae3ed-76d2-43f8-a717-4dc1ec7a440b,3000000150122;3000000178287,exact_canonical,128,Samsung,Galaxy A12,galaxy-a12,Galaxy A12 A125,A12;A125;A125F,code_suffix::Samsung::galaxya12,2,false,low,keep_canonical,pending_owner_review,device_models_canonical,Supabase public.device_models canonical_name; read-only snapshot 2026-08-28,,none,source=normalized; products=2; code_duplicate_group=2
M-0254,phone,Samsung,Galaxy A12 A125,Galaxy A,legacy,1,92e0d17e-7247-4daa-807b-5bd211c17340,3000000077153,exact_alias,128,Samsung,Galaxy A12,galaxy-a12,Galaxy A12 A125,A12;A125;A125F,code_suffix::Samsung::galaxya12,2,false,medium,collapse_alias_to_canonical,approved,approved_device_master,Supabase public.device_models.aliases; read-only snapshot 2026-08-28,保留 raw 值作为 alias，不作为独立菜单行。,none,source=legacy; products=1; code_duplicate_group=2; display_projection_approved; canonical display/search only; no product_device_compatibilities or inventory change
M-0255,phone,Samsung,Galaxy A12 Nacho,Galaxy A,normalized,1,d9dae3ed-76d2-43f8-a717-4dc1ec7a440b,3000000178287,exact_canonical,416,Samsung,Galaxy A12 Nacho,galaxy-a12-nacho,Galaxy A12 Nacho A127,A127,code_suffix::Samsung::galaxya12nacho,2,false,low,keep_canonical,pending_owner_review,device_models_canonical,Supabase public.device_models canonical_name; read-only snapshot 2026-08-28,,none,source=normalized; products=1; code_duplicate_group=2
M-0256,phone,Samsung,Galaxy A12 Nacho A127,Galaxy A,legacy,2,76767554-7316-48c7-8671-c494e8233583;cd02d1d5-dac6-4cd5-bcf6-be9151018590,3000000163474;3000000425237,exact_alias,416,Samsung,Galaxy A12 Nacho,galaxy-a12-nacho,Galaxy A12 Nacho A127,A127,code_suffix::Samsung::galaxya12nacho,2,false,medium,collapse_alias_to_canonical,approved,approved_device_master,Supabase public.device_models.aliases; read-only snapshot 2026-08-28,保留 raw 值作为 alias，不作为独立菜单行。,none,source=legacy; products=2; code_duplicate_group=2; display_projection_approved; canonical display/search only; no product_device_compatibilities or inventory change
M-0257,phone,Samsung,Galaxy A13 4G,Galaxy A,normalized,3,0ae3fa23-a662-4ee4-9601-031a4f9ae330;6ad34a9e-9e83-4acb-b8bb-f83526316ec3;d9dae3ed-76d2-43f8-a717-4dc1ec7a440b,3000000178287;3000000425268;3701569300774,exact_canonical,9,Samsung,Galaxy A13 4G,galaxy-a13-4g,Galaxy A13 4G A135;Galaxy A13 4G A137,A13;A135;A135F;A137;A137F,code_suffix::Samsung::galaxya134g,2,false,low,keep_canonical,pending_owner_review,device_models_canonical,Supabase public.device_models canonical_name; read-only snapshot 2026-08-28,,none,source=normalized; products=3; code_duplicate_group=2
M-0258,phone,Samsung,Galaxy A13 4G A135,Galaxy A,legacy,1,7c13b84a-6c8d-4395-b960-5711d5268422,3000000150450,exact_alias,9,Samsung,Galaxy A13 4G,galaxy-a13-4g,Galaxy A13 4G A135;Galaxy A13 4G A137,A13;A135;A135F;A137;A137F,code_suffix::Samsung::galaxya134g,2,false,medium,collapse_alias_to_canonical,approved,approved_device_master,Supabase public.device_models.aliases; read-only snapshot 2026-08-28,保留 raw 值作为 alias，不作为独立菜单行。,none,source=legacy; products=1; code_duplicate_group=2; display_projection_approved; canonical display/search only; no product_device_compatibilities or inventory change
M-0259,phone,Samsung,Galaxy A13 5G,Galaxy A,normalized,2,6ceb5a9f-04e8-4f9a-a995-ef7214c4a95b;9155e02b-abdd-4360-b092-9805efd2be24,3000000211557;3000000211663,exact_canonical,130,Samsung,Galaxy A13 5G,galaxy-a13-5g,Galaxy A13 5G A136,A13;A136;A136B,code_suffix::Samsung::galaxya135g,2,false,low,keep_canonical,pending_owner_review,device_models_canonical,Supabase public.device_models canonical_name; read-only snapshot 2026-08-28,,none,source=normalized; products=2; code_duplicate_group=2
M-0260,phone,Samsung,Galaxy A13 5G A136,Galaxy A,legacy,1,f3c60be2-740b-4895-aa2e-d6b331351a8d,3000000425244,exact_alias,130,Samsung,Galaxy A13 5G,galaxy-a13-5g,Galaxy A13 5G A136,A13;A136;A136B,code_suffix::Samsung::galaxya135g,2,false,medium,collapse_alias_to_canonical,approved,approved_device_master,Supabase public.device_models.aliases; read-only snapshot 2026-08-28,保留 raw 值作为 alias，不作为独立菜单行。,none,source=legacy; products=1; code_duplicate_group=2; display_projection_approved; canonical display/search only; no product_device_compatibilities or inventory change
M-0261,phone,Samsung,Galaxy A14 4G,Galaxy A,normalized,1,a10dda11-263c-4d1f-be6e-43aaf2a03d45,3000000193082,exact_canonical,419,Samsung,Galaxy A14 4G,galaxy-a14-4g,Galaxy A14 4G A145,A145,code_suffix::Samsung::galaxya144g,3,false,low,keep_canonical,pending_owner_review,device_models_canonical,Supabase public.device_models canonical_name; read-only snapshot 2026-08-28,,none,source=normalized; products=1; code_duplicate_group=3
M-0262,phone,Samsung,Galaxy A14 4G A145F,Galaxy A,legacy,1,a6e6b321-f665-4abd-8dce-4c2500ea5496,3000000396414,unmatched_legacy,,,,,,,code_suffix::Samsung::galaxya144g,3,true,high,research_required,pending_owner_review,legacy_compatibility_value,catalog_model_options → catalog_product_device_models legacy value; no confirmed canonical match in snapshot,当前快照没有确认的 canonical/alias/model-code 映射；禁止猜测。,none,source=legacy; products=1; code_duplicate_group=3
M-0263,phone,Samsung,Galaxy A14 4G A145P,Galaxy A,legacy,1,18d903bb-5a6d-4c8f-a7ec-cf267685e3aa,3000000426203,unmatched_legacy,,,,,,,code_suffix::Samsung::galaxya144g,3,true,high,research_required,pending_owner_review,legacy_compatibility_value,catalog_model_options → catalog_product_device_models legacy value; no confirmed canonical match in snapshot,当前快照没有确认的 canonical/alias/model-code 映射；禁止猜测。,none,source=legacy; products=1; code_duplicate_group=3
M-0264,phone,Samsung,Galaxy A14 5G,Galaxy A,normalized,1,8953a5f8-61c6-4f56-bf27-50f79ddf8549,3701569371613,exact_canonical,11,Samsung,Galaxy A14 5G,galaxy-a14-5g,Galaxy A14 5G A146P;Galaxy A14 5G A146U,A14;A146P;A146U,code_suffix::Samsung::galaxya145g,3,false,low,keep_canonical,pending_owner_review,device_models_canonical,Supabase public.device_models canonical_name; read-only snapshot 2026-08-28,,none,source=normalized; products=1; code_duplicate_group=3
M-0265,phone,Samsung,Galaxy A14 5G A146,Galaxy A,legacy,1,11c7c4f9-4ec1-43a2-ab68-3bedc1a732f1,3701569360860,unmatched_legacy,,,,,,,code_suffix::Samsung::galaxya145g,3,true,high,research_required,pending_owner_review,legacy_compatibility_value,catalog_model_options → catalog_product_device_models legacy value; no confirmed canonical match in snapshot,当前快照没有确认的 canonical/alias/model-code 映射；禁止猜测。,none,source=legacy; products=1; code_duplicate_group=3
M-0266,phone,Samsung,Galaxy A14 5G A146P,Galaxy A,legacy,2,abe9838f-495b-4541-bed4-7173deb070cd;c1bc2456-14a0-47a8-ace1-0a693b9296f9,3000000183847;3000000187449,exact_alias,11,Samsung,Galaxy A14 5G,galaxy-a14-5g,Galaxy A14 5G A146P;Galaxy A14 5G A146U,A14;A146P;A146U,code_suffix::Samsung::galaxya145g,3,false,medium,collapse_alias_to_canonical,approved,approved_device_master,Supabase public.device_models.aliases; read-only snapshot 2026-08-28,保留 raw 值作为 alias，不作为独立菜单行。,none,source=legacy; products=2; code_duplicate_group=3; display_projection_approved; canonical display/search only; no product_device_compatibilities or inventory change
M-0267,phone,Samsung,Galaxy A15 4G,Galaxy A,normalized,3,041df4ab-ec2b-4c96-8f2c-1105afe94548;be756a2a-cbb8-42a0-be08-6609e5e4e963;eec3e4b2-3205-4509-b818-8d2d96d63281,3000000281581;3000000281611;3667075127079,exact_canonical,7,Samsung,Galaxy A15 4G,galaxy-a15-4g,Galaxy A15 4G A155,A15;A155;A155F,,1,false,low,keep_canonical,pending_owner_review,device_models_canonical,Supabase public.device_models canonical_name; read-only snapshot 2026-08-28,,none,source=normalized; products=3
M-0268,phone,Samsung,Galaxy A15 5G,Galaxy A,normalized,3,041df4ab-ec2b-4c96-8f2c-1105afe94548;be756a2a-cbb8-42a0-be08-6609e5e4e963;eec3e4b2-3205-4509-b818-8d2d96d63281,3000000281581;3000000281611;3667075127079,exact_canonical,8,Samsung,Galaxy A15 5G,galaxy-a15-5g,Galaxy A15 5G A156B,A15;A156;A156B,,1,false,low,keep_canonical,pending_owner_review,device_models_canonical,Supabase public.device_models canonical_name; read-only snapshot 2026-08-28,,none,source=normalized; products=3
M-0269,phone,Samsung,Galaxy A16 4G,Galaxy A,normalized,1,11fe915a-7e25-44a7-ac68-84fba21262c7,3000000338667,exact_canonical,144,Samsung,Galaxy A16 4G,galaxy-a16-4g,Galaxy A16 4G A165,A16;A165;A165F,code_suffix::Samsung::galaxya164g,2,false,low,keep_canonical,pending_owner_review,device_models_canonical,Supabase public.device_models canonical_name; read-only snapshot 2026-08-28,,none,source=normalized; products=1; code_duplicate_group=2
M-0270,phone,Samsung,Galaxy A16 4G A165,Galaxy A,legacy,2,e41f928a-2866-48cb-8560-7d5aba8bdbda;ede2e487-531d-4425-b1db-34064c5f2fab,3000000339886;3667075207801,exact_alias,144,Samsung,Galaxy A16 4G,galaxy-a16-4g,Galaxy A16 4G A165,A16;A165;A165F,code_suffix::Samsung::galaxya164g,2,false,medium,collapse_alias_to_canonical,approved,approved_device_master,Supabase public.device_models.aliases; read-only snapshot 2026-08-28,保留 raw 值作为 alias，不作为独立菜单行。,none,source=legacy; products=2; code_duplicate_group=2; display_projection_approved; canonical display/search only; no product_device_compatibilities or inventory change
M-0271,phone,Samsung,Galaxy A16 5G,Galaxy A,normalized,1,11fe915a-7e25-44a7-ac68-84fba21262c7,3000000338667,exact_canonical,145,Samsung,Galaxy A16 5G,galaxy-a16-5g,Galaxy A16 5G A166,A16;A166;A166B,code_suffix::Samsung::galaxya165g,2,false,low,keep_canonical,pending_owner_review,device_models_canonical,Supabase public.device_models canonical_name; read-only snapshot 2026-08-28,,none,source=normalized; products=1; code_duplicate_group=2
M-0272,phone,Samsung,Galaxy A16 5G A166,Galaxy A,legacy,2,095e63a6-fc37-4019-8101-13f17eca762d;f7654c4d-33be-45e3-affc-4869f2c612cf,3000000338926;3667075207825,exact_alias,145,Samsung,Galaxy A16 5G,galaxy-a16-5g,Galaxy A16 5G A166,A16;A166;A166B,code_suffix::Samsung::galaxya165g,2,false,medium,collapse_alias_to_canonical,approved,approved_device_master,Supabase public.device_models.aliases; read-only snapshot 2026-08-28,保留 raw 值作为 alias，不作为独立菜单行。,none,source=legacy; products=2; code_duplicate_group=2; display_projection_approved; canonical display/search only; no product_device_compatibilities or inventory change
M-0273,phone,Samsung,Galaxy A17 4G,Galaxy A,normalized,2,11fe915a-7e25-44a7-ac68-84fba21262c7;c73dc1a8-6fef-40e3-a8ef-e28e47ccaa45,3000000338667;3667075243373,exact_canonical,12,Samsung,Galaxy A17 4G,galaxy-a17-4g,Galaxy A17 4G A175,A17;A175;A175F,code_suffix::Samsung::galaxya174g,2,false,low,keep_canonical,pending_owner_review,device_models_canonical,Supabase public.device_models canonical_name; read-only snapshot 2026-08-28,,none,source=normalized; products=2; code_duplicate_group=2
M-0274,phone,Samsung,Galaxy A17 4G A175,Galaxy A,legacy,2,8d32d337-91be-4a72-ae22-37736ade6cc9;b448e8eb-5db3-4bac-b9a4-443bcdf02813,3000000397121;3000000400784,exact_alias,12,Samsung,Galaxy A17 4G,galaxy-a17-4g,Galaxy A17 4G A175,A17;A175;A175F,code_suffix::Samsung::galaxya174g,2,false,medium,collapse_alias_to_canonical,approved,approved_device_master,Supabase public.device_models.aliases; read-only snapshot 2026-08-28,保留 raw 值作为 alias，不作为独立菜单行。,none,source=legacy; products=2; code_duplicate_group=2; display_projection_approved; canonical display/search only; no product_device_compatibilities or inventory change
M-0275,phone,Samsung,Galaxy A17 5G,Galaxy A,normalized,1,11fe915a-7e25-44a7-ac68-84fba21262c7,3000000338667,exact_canonical,147,Samsung,Galaxy A17 5G,galaxy-a17-5g,Galaxy A17 5G A176,A17;A176;A176B,code_suffix::Samsung::galaxya175g,2,false,low,keep_canonical,pending_owner_review,device_models_canonical,Supabase public.device_models canonical_name; read-only snapshot 2026-08-28,,none,source=normalized; products=1; code_duplicate_group=2
M-0276,phone,Samsung,Galaxy A17 5G A176,Galaxy A,legacy,2,3a24810f-cc67-4756-8a2f-d92761e7bc47;3c262b2d-7035-4005-8c0a-e7a05b895690,3000000400852;3667075243335,exact_alias,147,Samsung,Galaxy A17 5G,galaxy-a17-5g,Galaxy A17 5G A176,A17;A176;A176B,code_suffix::Samsung::galaxya175g,2,false,medium,collapse_alias_to_canonical,approved,approved_device_master,Supabase public.device_models.aliases; read-only snapshot 2026-08-28,保留 raw 值作为 alias，不作为独立菜单行。,none,source=legacy; products=2; code_duplicate_group=2; display_projection_approved; canonical display/search only; no product_device_compatibilities or inventory change
M-0277,phone,Samsung,Galaxy A20 A205,Galaxy A,legacy,2,0f100802-b7e7-490d-b1f5-2a35e65733e9;5ca2812c-089c-4b2b-8754-90e1a8fb4621,3000000266021;3667075265078,unmatched_legacy,,,,,,,,1,true,high,research_required,pending_owner_review,legacy_compatibility_value,catalog_model_options → catalog_product_device_models legacy value; no confirmed canonical match in snapshot,当前快照没有确认的 canonical/alias/model-code 映射；禁止猜测。,none,source=legacy; products=2
M-0278,phone,Samsung,Galaxy A20E A202,Galaxy A,legacy,3,0b6d7d50-5c5f-4c8c-bd7d-09490c5f6421;9484127c-de74-46c4-b090-7baf9d781738;f73a7b0d-2238-40cf-b92a-ae78208ffb4b,3000000033173;3000000043042;3000000286593,unmatched_legacy,,,,,,,,1,true,high,research_required,pending_owner_review,legacy_compatibility_value,catalog_model_options → catalog_product_device_models legacy value; no confirmed canonical match in snapshot,当前快照没有确认的 canonical/alias/model-code 映射；禁止猜测。,none,source=legacy; products=3
M-0279,phone,Samsung,Galaxy A20s,Galaxy A,normalized,1,905830d9-7962-4d25-9c11-4b8ab24a4b6f,3000000150085,exact_canonical,422,Samsung,Galaxy A20s,galaxy-a20s,Galaxy A20S A207,A207,code_suffix::Samsung::galaxya20s,2,false,low,keep_canonical,pending_owner_review,device_models_canonical,Supabase public.device_models canonical_name; read-only snapshot 2026-08-28,,none,source=normalized; products=1; code_duplicate_group=2
M-0280,phone,Samsung,Galaxy A20S A207,Galaxy A,legacy,1,d8d26a54-f3df-479a-8b7f-f639c810ff46,3000000239490,exact_alias,422,Samsung,Galaxy A20s,galaxy-a20s,Galaxy A20S A207,A207,code_suffix::Samsung::galaxya20s,2,false,medium,collapse_alias_to_canonical,approved,approved_device_master,Supabase public.device_models.aliases; read-only snapshot 2026-08-28,保留 raw 值作为 alias，不作为独立菜单行。,none,source=legacy; products=1; code_duplicate_group=2; display_projection_approved; canonical display/search only; no product_device_compatibilities or inventory change
M-0281,phone,Samsung,Galaxy A21s,Galaxy A,normalized,1,d9dae3ed-76d2-43f8-a717-4dc1ec7a440b,3000000178287,exact_canonical,423,Samsung,Galaxy A21s,galaxy-a21s,,,code_suffix::Samsung::galaxya21s,2,false,low,keep_canonical,pending_owner_review,device_models_canonical,Supabase public.device_models canonical_name; read-only snapshot 2026-08-28,,none,source=normalized; products=1; code_duplicate_group=2
M-0282,phone,Samsung,Galaxy A21S A217F,Galaxy A,legacy,3,5e678051-f9ad-4c5c-a43b-b49c4e58ef16;b4fa9180-9ba5-43e1-badd-67da6632ffaf;e91820e0-69e6-4fd3-bbff-18837188a1b3,3000000042212;3000000150092;3000000281291,unmatched_legacy,,,,,,,code_suffix::Samsung::galaxya21s,2,true,high,research_required,pending_owner_review,legacy_compatibility_value,catalog_model_options → catalog_product_device_models legacy value; no confirmed canonical match in snapshot,当前快照没有确认的 canonical/alias/model-code 映射；禁止猜测。,none,source=legacy; products=3; code_duplicate_group=2
M-0283,phone,Samsung,Galaxy A22 4G,Galaxy A,normalized,1,74ed6dc0-2d9d-4225-ba0f-3265f81f2d35,3000000210949,exact_canonical,424,Samsung,Galaxy A22 4G,galaxy-a22-4g,Galaxy A22 4G A225,A225,code_suffix::Samsung::galaxya224g,2,false,low,keep_canonical,pending_owner_review,device_models_canonical,Supabase public.device_models canonical_name; read-only snapshot 2026-08-28,,none,source=normalized; products=1; code_duplicate_group=2
M-0284,phone,Samsung,Galaxy A22 4G A225,Galaxy A,legacy,2,3d8c6fcf-d746-433b-9a29-d805ae772ba8;6ca58b5d-0d3c-488d-8d90-c75539643a4e,3000000254592;3701569315075,exact_alias,424,Samsung,Galaxy A22 4G,galaxy-a22-4g,Galaxy A22 4G A225,A225,code_suffix::Samsung::galaxya224g,2,false,medium,collapse_alias_to_canonical,approved,approved_device_master,Supabase public.device_models.aliases; read-only snapshot 2026-08-28,保留 raw 值作为 alias，不作为独立菜单行。,none,source=legacy; products=2; code_duplicate_group=2; display_projection_approved; canonical display/search only; no product_device_compatibilities or inventory change
M-0285,phone,Samsung,Galaxy A22 5G A226B,Galaxy A,legacy,4,20f56ce0-4ff7-4f95-b010-1e3613430e0c;222ad513-36db-40c1-acde-297e5504ccff;4fb42fbf-3652-40dc-bf1e-dfdc1c2c12f5;e6290521-a69f-4d4d-8721-365c343fca84,3000000174913;3000000211298;3000000425299;3701344095994,unmatched_legacy,,,,,,,,1,true,high,research_required,pending_owner_review,legacy_compatibility_value,catalog_model_options → catalog_product_device_models legacy value; no confirmed canonical match in snapshot,当前快照没有确认的 canonical/alias/model-code 映射；禁止猜测。,none,source=legacy; products=4
M-0286,phone,Samsung,Galaxy A23 4G,Galaxy A,normalized,1,d2a09971-8516-4ba2-855a-963c44ad52e5,3000000206485,exact_canonical,132,Samsung,Galaxy A23 4G,galaxy-a23-4g,Galaxy A23 4G A235,A23;A235;A235F,code_suffix::Samsung::galaxya234g,2,false,low,keep_canonical,pending_owner_review,device_models_canonical,Supabase public.device_models canonical_name; read-only snapshot 2026-08-28,,none,source=normalized; products=1; code_duplicate_group=2
M-0287,phone,Samsung,Galaxy A23 4G A235,Galaxy A,legacy,2,1a9b8be2-bd54-43b3-b2ce-12031589e7a1;be8031a8-30b8-4eb2-a860-afe577075eee,3000000161128;3000000239308,exact_alias,132,Samsung,Galaxy A23 4G,galaxy-a23-4g,Galaxy A23 4G A235,A23;A235;A235F,code_suffix::Samsung::galaxya234g,2,false,medium,collapse_alias_to_canonical,approved,approved_device_master,Supabase public.device_models.aliases; read-only snapshot 2026-08-28,保留 raw 值作为 alias，不作为独立菜单行。,none,source=legacy; products=2; code_duplicate_group=2; display_projection_approved; canonical display/search only; no product_device_compatibilities or inventory change
M-0288,phone,Samsung,Galaxy A23 5G,Galaxy A,normalized,1,d2a09971-8516-4ba2-855a-963c44ad52e5,3000000206485,exact_canonical,133,Samsung,Galaxy A23 5G,galaxy-a23-5g,Galaxy A23 5G A236,A23;A236;A236B,code_suffix::Samsung::galaxya235g,2,false,low,keep_canonical,pending_owner_review,device_models_canonical,Supabase public.device_models canonical_name; read-only snapshot 2026-08-28,,none,source=normalized; products=1; code_duplicate_group=2
M-0289,phone,Samsung,Galaxy A23 5G A236,Galaxy A,legacy,2,84ce7a2a-916a-4916-8dab-326af687dbc0;c0f517c0-f4a1-4432-8736-2869de3204e6,3000000167472;3701569314771,exact_alias,133,Samsung,Galaxy A23 5G,galaxy-a23-5g,Galaxy A23 5G A236,A23;A236;A236B,code_suffix::Samsung::galaxya235g,2,false,medium,collapse_alias_to_canonical,approved,approved_device_master,Supabase public.device_models.aliases; read-only snapshot 2026-08-28,保留 raw 值作为 alias，不作为独立菜单行。,none,source=legacy; products=2; code_duplicate_group=2; display_projection_approved; canonical display/search only; no product_device_compatibilities or inventory change
M-0290,phone,Samsung,Galaxy A24 4G A245,Galaxy A,legacy,3,1c8db2a3-fe09-41a4-b959-a38f9649bd6c;5c269374-9efb-4a9f-a491-28716ae35454;acbf0a1c-69ff-4ca6-8c55-ae6a2bf44c64,3000000229477;3000000229484;3667075264996,unmatched_legacy,,,,,,,,1,true,high,research_required,pending_owner_review,legacy_compatibility_value,catalog_model_options → catalog_product_device_models legacy value; no confirmed canonical match in snapshot,当前快照没有确认的 canonical/alias/model-code 映射；禁止猜测。,none,source=legacy; products=3
M-0291,phone,Samsung,Galaxy A25 5G A256,Galaxy A,legacy,3,0daf957d-2916-4a66-b0e7-d19e21dc6e3e;34778d9a-006f-45ea-9c86-ae007601b1bd;f46c665b-bd47-458d-a060-6f6d5dbf1b9e,3000000275139;3000000275252;3667075242970,unmatched_legacy,,,,,,,,1,true,high,research_required,pending_owner_review,legacy_compatibility_value,catalog_model_options → catalog_product_device_models legacy value; no confirmed canonical match in snapshot,当前快照没有确认的 canonical/alias/model-code 映射；禁止猜测。,none,source=legacy; products=3
M-0292,phone,Samsung,Galaxy A26 5G,Galaxy A,normalized,1,11fe915a-7e25-44a7-ac68-84fba21262c7,3000000338667,exact_canonical,148,Samsung,Galaxy A26 5G,galaxy-a26-5g,Galaxy A26 5G A266,A26;A266;A266B,code_suffix::Samsung::galaxya265g,2,false,low,keep_canonical,pending_owner_review,device_models_canonical,Supabase public.device_models canonical_name; read-only snapshot 2026-08-28,,none,source=normalized; products=1; code_duplicate_group=2
M-0293,phone,Samsung,Galaxy A26 5G A266,Galaxy A,legacy,2,84b032b0-3584-4480-9d49-e93cf63fadd2;bdb8915e-36ac-47bc-be80-09fd994436e4,3000000364826;3667075243090,exact_alias,148,Samsung,Galaxy A26 5G,galaxy-a26-5g,Galaxy A26 5G A266,A26;A266;A266B,code_suffix::Samsung::galaxya265g,2,false,medium,collapse_alias_to_canonical,approved,approved_device_master,Supabase public.device_models.aliases; read-only snapshot 2026-08-28,保留 raw 值作为 alias，不作为独立菜单行。,none,source=legacy; products=2; code_duplicate_group=2; display_projection_approved; canonical display/search only; no product_device_compatibilities or inventory change
M-0294,phone,Samsung,Galaxy A3 2017 A320,Galaxy A,legacy,1,c9ec713f-9de9-4821-bbe6-bae1d789c081,3000000187173,unmatched_legacy,,,,,,,,1,true,high,research_required,pending_owner_review,legacy_compatibility_value,catalog_model_options → catalog_product_device_models legacy value; no confirmed canonical match in snapshot,当前快照没有确认的 canonical/alias/model-code 映射；禁止猜测。,none,source=legacy; products=1
M-0295,phone,Samsung,Galaxy A30 A305,Galaxy A,legacy,2,70c333ca-73f5-487d-a4fb-856a4ebcebb8;c85a8cdd-065c-438e-bca4-0f73ff314469,3000000263679;3667075265061,unmatched_legacy,,,,,,,,1,true,high,research_required,pending_owner_review,legacy_compatibility_value,catalog_model_options → catalog_product_device_models legacy value; no confirmed canonical match in snapshot,当前快照没有确认的 canonical/alias/model-code 映射；禁止猜测。,none,source=legacy; products=2
M-0296,phone,Samsung,Galaxy A30S A307,Galaxy A,legacy,1,72064826-8c9a-4736-8453-a758631fe698,PP-SAM-A307-TFT-LCD-BLK,unmatched_legacy,,,,,,,,1,true,high,research_required,pending_owner_review,legacy_compatibility_value,catalog_model_options → catalog_product_device_models legacy value; no confirmed canonical match in snapshot,当前快照没有确认的 canonical/alias/model-code 映射；禁止猜测。,none,source=legacy; products=1
M-0297,phone,Samsung,Galaxy A31,Galaxy A,normalized,1,74ed6dc0-2d9d-4225-ba0f-3265f81f2d35,3000000210949,exact_canonical,425,Samsung,Galaxy A31,galaxy-a31,Galaxy A31 A315,A315,code_suffix::Samsung::galaxya31,2,false,low,keep_canonical,pending_owner_review,device_models_canonical,Supabase public.device_models canonical_name; read-only snapshot 2026-08-28,,none,source=normalized; products=1; code_duplicate_group=2
M-0298,phone,Samsung,Galaxy A31 A315,Galaxy A,legacy,2,340de307-5c1c-4a77-aafa-1b9ce5bda3c9;4e96fd20-1a71-4508-bc22-6c52da576b4c,3000000163245;3667075265023,exact_alias,425,Samsung,Galaxy A31,galaxy-a31,Galaxy A31 A315,A315,code_suffix::Samsung::galaxya31,2,false,medium,collapse_alias_to_canonical,approved,approved_device_master,Supabase public.device_models.aliases; read-only snapshot 2026-08-28,保留 raw 值作为 alias，不作为独立菜单行。,none,source=legacy; products=2; code_duplicate_group=2; display_projection_approved; canonical display/search only; no product_device_compatibilities or inventory change
M-0299,phone,Samsung,Galaxy A32 4G,Galaxy A,normalized,1,74ed6dc0-2d9d-4225-ba0f-3265f81f2d35,3000000210949,exact_canonical,426,Samsung,Galaxy A32 4G,galaxy-a32-4g,Galaxy A32 4G A325,A325,code_suffix::Samsung::galaxya324g,2,false,low,keep_canonical,pending_owner_review,device_models_canonical,Supabase public.device_models canonical_name; read-only snapshot 2026-08-28,,none,source=normalized; products=1; code_duplicate_group=2
M-0300,phone,Samsung,Galaxy A32 4G A325,Galaxy A,legacy,2,12fe510b-95b0-4b25-962c-a5c84f651e16;694b2eda-1e02-47ad-b7ed-3fa942fbedca,3000000211014;3000000239148,exact_alias,426,Samsung,Galaxy A32 4G,galaxy-a32-4g,Galaxy A32 4G A325,A325,code_suffix::Samsung::galaxya324g,2,false,medium,collapse_alias_to_canonical,approved,approved_device_master,Supabase public.device_models.aliases; read-only snapshot 2026-08-28,保留 raw 值作为 alias，不作为独立菜单行。,none,source=legacy; products=2; code_duplicate_group=2; display_projection_approved; canonical display/search only; no product_device_compatibilities or inventory change
M-0301,phone,Samsung,Galaxy A32 5G,Galaxy A,normalized,1,4cb7dd4e-11b8-49d6-85e8-27a52b513db9,3000000207444,exact_canonical,138,Samsung,Galaxy A32 5G,galaxy-a32-5g,Galaxy A32 5G A326,A32;A326;A326B,code_suffix::Samsung::galaxya325g,2,false,low,keep_canonical,pending_owner_review,device_models_canonical,Supabase public.device_models canonical_name; read-only snapshot 2026-08-28,,none,source=normalized; products=1; code_duplicate_group=2
M-0302,phone,Samsung,Galaxy A32 5G A326,Galaxy A,legacy,2,49f0063f-9f86-4c6d-a38f-9ef5c07f0bcf;57130c56-f923-4af6-90ac-f653583b4f70,3000000210802;3701344071356,exact_alias,138,Samsung,Galaxy A32 5G,galaxy-a32-5g,Galaxy A32 5G A326,A32;A326;A326B,code_suffix::Samsung::galaxya325g,2,false,medium,collapse_alias_to_canonical,approved,approved_device_master,Supabase public.device_models.aliases; read-only snapshot 2026-08-28,保留 raw 值作为 alias，不作为独立菜单行。,none,source=legacy; products=2; code_duplicate_group=2; display_projection_approved; canonical display/search only; no product_device_compatibilities or inventory change
M-0303,phone,Samsung,Galaxy A33 5G A336,Galaxy A,legacy,2,82fcc3bb-1a58-4f7c-9825-8b910f3a8172;dab5154b-0ddb-4406-b315-255593f3fd48,3000000163306;3701569368033,unmatched_legacy,,,,,,,,1,true,high,research_required,pending_owner_review,legacy_compatibility_value,catalog_model_options → catalog_product_device_models legacy value; no confirmed canonical match in snapshot,当前快照没有确认的 canonical/alias/model-code 映射；禁止猜测。,none,source=legacy; products=2
M-0304,phone,Samsung,Galaxy A34 5G A346,Galaxy A,legacy,2,09aa41a2-f325-441c-885c-0377ef9e2755;7cd11352-7e73-4f8b-9d15-7a56df37b543,3000000194461;3667075265009,unmatched_legacy,,,,,,,,1,true,high,research_required,pending_owner_review,legacy_compatibility_value,catalog_model_options → catalog_product_device_models legacy value; no confirmed canonical match in snapshot,当前快照没有确认的 canonical/alias/model-code 映射；禁止猜测。,none,source=legacy; products=2
M-0305,phone,Samsung,Galaxy A35 5G A356,Galaxy A,legacy,2,22109fe7-8944-4326-83f9-dd6ee3c1615b;4bac0ad1-735a-4fda-9ad4-7514f71a8ac8,3000000292211;3667075242932,unmatched_legacy,,,,,,,,1,true,high,research_required,pending_owner_review,legacy_compatibility_value,catalog_model_options → catalog_product_device_models legacy value; no confirmed canonical match in snapshot,当前快照没有确认的 canonical/alias/model-code 映射；禁止猜测。,none,source=legacy; products=2
M-0306,phone,Samsung,Galaxy A36 5G,Galaxy A,normalized,1,850cd6a1-d402-4a92-9a6f-c3129cfe0467,3000000364109,exact_canonical,427,Samsung,Galaxy A36 5G,galaxy-a36-5g,Galaxy A36 5G A366,A366,code_suffix::Samsung::galaxya365g,2,false,low,keep_canonical,pending_owner_review,device_models_canonical,Supabase public.device_models canonical_name; read-only snapshot 2026-08-28,,none,source=normalized; products=1; code_duplicate_group=2
M-0307,phone,Samsung,Galaxy A36 5G A366,Galaxy A,legacy,2,1361f6e2-8b4d-4da4-af85-58dc134a87be;27fda09d-c31b-4cad-8ce5-d35c4265cef9,3000000399156;3667075243052,exact_alias,427,Samsung,Galaxy A36 5G,galaxy-a36-5g,Galaxy A36 5G A366,A366,code_suffix::Samsung::galaxya365g,2,false,medium,collapse_alias_to_canonical,approved,approved_device_master,Supabase public.device_models.aliases; read-only snapshot 2026-08-28,保留 raw 值作为 alias，不作为独立菜单行。,none,source=legacy; products=2; code_duplicate_group=2; display_projection_approved; canonical display/search only; no product_device_compatibilities or inventory change
M-0308,phone,Samsung,Galaxy A37 5G,Galaxy A,normalized,1,850cd6a1-d402-4a92-9a6f-c3129cfe0467,3000000364109,exact_canonical,428,Samsung,Galaxy A37 5G,galaxy-a37-5g,Galaxy A37 5G A376,A376,,1,false,low,keep_canonical,pending_owner_review,device_models_canonical,Supabase public.device_models canonical_name; read-only snapshot 2026-08-28,,none,source=normalized; products=1
M-0309,phone,Samsung,Galaxy A40 A405,Galaxy A,legacy,3,0c769ed5-839f-4b1f-8b5c-6a9aab006d1d;2afbc273-5022-4c06-ad14-f6c3b36dc8aa;dd85040a-923c-4d38-b148-7f3659d52568,3000000150467;3000000286678;3667075147794,unmatched_legacy,,,,,,,,1,true,high,research_required,pending_owner_review,legacy_compatibility_value,catalog_model_options → catalog_product_device_models legacy value; no confirmed canonical match in snapshot,当前快照没有确认的 canonical/alias/model-code 映射；禁止猜测。,none,source=legacy; products=3
M-0310,phone,Samsung,Galaxy A41 A415,Galaxy A,legacy,3,a961a0f9-438d-4a35-934f-6a65fc0601d9;d833ed6f-b4e2-4ed0-847d-8b43e87cfe69;eb0ae415-c916-45e8-8063-449a95ffb098,3000000150078;3000000210444;3667075143567,unmatched_legacy,,,,,,,,1,true,high,research_required,pending_owner_review,legacy_compatibility_value,catalog_model_options → catalog_product_device_models legacy value; no confirmed canonical match in snapshot,当前快照没有确认的 canonical/alias/model-code 映射；禁止猜测。,none,source=legacy; products=3
M-0311,phone,Samsung,Galaxy A42 5G,Galaxy A,normalized,1,4cb7dd4e-11b8-49d6-85e8-27a52b513db9,3000000207444,exact_canonical,139,Samsung,Galaxy A42 5G,galaxy-a42-5g,Galaxy A42 5G A426,A42;A426;A426B,code_suffix::Samsung::galaxya425g,2,false,low,keep_canonical,pending_owner_review,device_models_canonical,Supabase public.device_models canonical_name; read-only snapshot 2026-08-28,,none,source=normalized; products=1; code_duplicate_group=2
M-0312,phone,Samsung,Galaxy A42 5G A426,Galaxy A,legacy,2,25d22ac1-4b49-40b1-be52-ccdaa88e0828;bdf1cc24-5fd1-41c5-a50e-61403dd932a0,3000000163375;3701569345560,exact_alias,139,Samsung,Galaxy A42 5G,galaxy-a42-5g,Galaxy A42 5G A426,A42;A426;A426B,code_suffix::Samsung::galaxya425g,2,false,medium,collapse_alias_to_canonical,approved,approved_device_master,Supabase public.device_models.aliases; read-only snapshot 2026-08-28,保留 raw 值作为 alias，不作为独立菜单行。,none,source=legacy; products=2; code_duplicate_group=2; display_projection_approved; canonical display/search only; no product_device_compatibilities or inventory change
M-0313,phone,Samsung,Galaxy A50 A505,Galaxy A,legacy,2,1b224eac-d2eb-47f8-ba94-13d5a016a8d7;231f1371-9a2c-4950-9a87-6fd3c95d5e14,3000000027165;3000000040683,unmatched_legacy,,,,,,,,1,true,high,research_required,pending_owner_review,legacy_compatibility_value,catalog_model_options → catalog_product_device_models legacy value; no confirmed canonical match in snapshot,当前快照没有确认的 canonical/alias/model-code 映射；禁止猜测。,none,source=legacy; products=2
M-0314,phone,Samsung,Galaxy A51 5G A516,Galaxy A,legacy,2,aefc010d-0cd7-4565-a52b-32f2ed549154;c9e2ba6f-6868-4129-ad1b-e5a4b528ec77,3000000163429;3000000210055,unmatched_legacy,,,,,,,,1,true,high,research_required,pending_owner_review,legacy_compatibility_value,catalog_model_options → catalog_product_device_models legacy value; no confirmed canonical match in snapshot,当前快照没有确认的 canonical/alias/model-code 映射；禁止猜测。,none,source=legacy; products=2
M-0315,phone,Samsung,Galaxy A51 A515,Galaxy A,legacy,2,45e254c5-be03-4e9f-af3f-2be6e0231446;a2ca6663-3b0a-429e-8645-14f64d6bfe49,3000000163450;PP-SAM-A515-TFT-LCD-BLK,unmatched_legacy,,,,,,,,1,true,high,research_required,pending_owner_review,legacy_compatibility_value,catalog_model_options → catalog_product_device_models legacy value; no confirmed canonical match in snapshot,当前快照没有确认的 canonical/alias/model-code 映射；禁止猜测。,none,source=legacy; products=2
M-0316,phone,Samsung,Galaxy A52 4G,Galaxy A,normalized,2,2fad1053-05a6-4c0e-9142-6e366da9f433;7fc30074-c94b-4afc-b43b-1b4c6d1c9ffb,3000000163351;3667075005933,exact_canonical,5,Samsung,Galaxy A52 4G,galaxy-a52-4g,Galaxy A52 4G A525,A52;A525;A525F,,1,false,low,keep_canonical,pending_owner_review,device_models_canonical,Supabase public.device_models canonical_name; read-only snapshot 2026-08-28,,none,source=normalized; products=2
M-0317,phone,Samsung,Galaxy A52 5G,Galaxy A,normalized,2,2fad1053-05a6-4c0e-9142-6e366da9f433;7fc30074-c94b-4afc-b43b-1b4c6d1c9ffb,3000000163351;3667075005933,exact_canonical,6,Samsung,Galaxy A52 5G,galaxy-a52-5g,Galaxy A52 5G A526,A52;A526;A526B,,1,false,low,keep_canonical,pending_owner_review,device_models_canonical,Supabase public.device_models canonical_name; read-only snapshot 2026-08-28,,none,source=normalized; products=2
M-0318,phone,Samsung,Galaxy A53 5G A536,Galaxy A,legacy,2,6e77be36-20c6-4a75-8738-f894ced71070;a3209a48-3e25-43b1-999b-e186af43b180,3000000209806;3701569368019,unmatched_legacy,,,,,,,,1,true,high,research_required,pending_owner_review,legacy_compatibility_value,catalog_model_options → catalog_product_device_models legacy value; no confirmed canonical match in snapshot,当前快照没有确认的 canonical/alias/model-code 映射；禁止猜测。,none,source=legacy; products=2
M-0319,phone,Samsung,Galaxy A54 5G A546,Galaxy A,legacy,2,610f642c-7a4a-4932-84d1-3b0ae56deca6;b33cdd97-4cd0-4751-8768-2364d3290fbe,3000000194072;PP-SAM-A546-TFT-LCD-BLK,unmatched_legacy,,,,,,,,1,true,high,research_required,pending_owner_review,legacy_compatibility_value,catalog_model_options → catalog_product_device_models legacy value; no confirmed canonical match in snapshot,当前快照没有确认的 canonical/alias/model-code 映射；禁止猜测。,none,source=legacy; products=2
M-0320,phone,Samsung,Galaxy A55 5G A556,Galaxy A,legacy,2,009a4eac-4a2b-4f40-a61d-8d7d3667a838;4874eafc-ebee-49f4-ad55-f3d5116760d5,3000000294727;3667075242895,unmatched_legacy,,,,,,,,1,true,high,research_required,pending_owner_review,legacy_compatibility_value,catalog_model_options → catalog_product_device_models legacy value; no confirmed canonical match in snapshot,当前快照没有确认的 canonical/alias/model-code 映射；禁止猜测。,none,source=legacy; products=2
M-0321,phone,Samsung,Galaxy A56 5G,Galaxy A,normalized,1,850cd6a1-d402-4a92-9a6f-c3129cfe0467,3000000364109,exact_canonical,431,Samsung,Galaxy A56 5G,galaxy-a56-5g,Galaxy A56 5G A566,A566,code_suffix::Samsung::galaxya565g,2,false,low,keep_canonical,pending_owner_review,device_models_canonical,Supabase public.device_models canonical_name; read-only snapshot 2026-08-28,,none,source=normalized; products=1; code_duplicate_group=2
M-0322,phone,Samsung,Galaxy A56 5G A566,Galaxy A,legacy,2,551f9a9f-569b-4781-b817-4bd16855a119;eef55054-e003-469e-8552-21af5099a636,3000000360958;3667075243014,exact_alias,431,Samsung,Galaxy A56 5G,galaxy-a56-5g,Galaxy A56 5G A566,A566,code_suffix::Samsung::galaxya565g,2,false,medium,collapse_alias_to_canonical,approved,approved_device_master,Supabase public.device_models.aliases; read-only snapshot 2026-08-28,保留 raw 值作为 alias，不作为独立菜单行。,none,source=legacy; products=2; code_duplicate_group=2; display_projection_approved; canonical display/search only; no product_device_compatibilities or inventory change
M-0323,phone,Samsung,Galaxy A57 5G,Galaxy A,normalized,1,850cd6a1-d402-4a92-9a6f-c3129cfe0467,3000000364109,exact_canonical,432,Samsung,Galaxy A57 5G,galaxy-a57-5g,Galaxy A57 5G A576,A576,,1,false,low,keep_canonical,pending_owner_review,device_models_canonical,Supabase public.device_models canonical_name; read-only snapshot 2026-08-28,,none,source=normalized; products=1
M-0324,phone,Samsung,Galaxy A6 Plus A605,Galaxy A,legacy,1,a5dfff6a-2beb-4bd6-b484-d8117e25b672,3000000166536,unmatched_legacy,,,,,,,,1,true,high,research_required,pending_owner_review,legacy_compatibility_value,catalog_model_options → catalog_product_device_models legacy value; no confirmed canonical match in snapshot,当前快照没有确认的 canonical/alias/model-code 映射；禁止猜测。,none,source=legacy; products=1
M-0325,phone,Samsung,Galaxy A7 2018 A750,Galaxy A,legacy,1,eb78a239-7d6b-4d82-a345-6bd9527c3fd5,3000000017968,unmatched_legacy,,,,,,,,1,true,high,research_required,pending_owner_review,legacy_compatibility_value,catalog_model_options → catalog_product_device_models legacy value; no confirmed canonical match in snapshot,当前快照没有确认的 canonical/alias/model-code 映射；禁止猜测。,none,source=legacy; products=1
M-0326,phone,Samsung,Galaxy A70 A705,Galaxy A,legacy,3,59e908c4-cc98-4f98-be92-422a2751bb67;7f177727-96f0-430e-b9f1-a9b0caf9d718;dd44339d-cda4-4271-810e-8ec970aff5cb,3000000189580;3000000265895;3701569345553,unmatched_legacy,,,,,,,,1,true,high,research_required,pending_owner_review,legacy_compatibility_value,catalog_model_options → catalog_product_device_models legacy value; no confirmed canonical match in snapshot,当前快照没有确认的 canonical/alias/model-code 映射；禁止猜测。,none,source=legacy; products=3
M-0327,phone,Samsung,Galaxy A71 A715,Galaxy A,legacy,2,529a50e4-2e51-4c56-be3c-f9df49a9c409;67a94fb1-a2a2-448b-a509-166da49879e6,3000000150108;3701344055226,unmatched_legacy,,,,,,,,1,true,high,research_required,pending_owner_review,legacy_compatibility_value,catalog_model_options → catalog_product_device_models legacy value; no confirmed canonical match in snapshot,当前快照没有确认的 canonical/alias/model-code 映射；禁止猜测。,none,source=legacy; products=2
M-0328,phone,Samsung,Galaxy A72 4G,Galaxy A,normalized,1,4cb7dd4e-11b8-49d6-85e8-27a52b513db9,3000000207444,exact_canonical,140,Samsung,Galaxy A72 4G,galaxy-a72-4g,Galaxy A72 4G A725,A72;A725;A725F,,1,false,low,keep_canonical,pending_owner_review,device_models_canonical,Supabase public.device_models canonical_name; read-only snapshot 2026-08-28,,none,source=normalized; products=1
M-0329,phone,Samsung,Galaxy A72 5G,Galaxy A,normalized,1,4cb7dd4e-11b8-49d6-85e8-27a52b513db9,3000000207444,exact_canonical,141,Samsung,Galaxy A72 5G,galaxy-a72-5g,Galaxy A72 5G A726,A72;A726;A726B,,1,false,low,keep_canonical,pending_owner_review,device_models_canonical,Supabase public.device_models canonical_name; read-only snapshot 2026-08-28,,none,source=normalized; products=1
M-0330,phone,Samsung,Galaxy A73 5G,Galaxy A,normalized,1,d2a09971-8516-4ba2-855a-963c44ad52e5,3000000206485,exact_canonical,134,Samsung,Galaxy A73 5G,galaxy-a73-5g,Galaxy A73 5G A736,A73;A736;A736B,code_suffix::Samsung::galaxya735g,2,false,low,keep_canonical,pending_owner_review,device_models_canonical,Supabase public.device_models canonical_name; read-only snapshot 2026-08-28,,none,source=normalized; products=1; code_duplicate_group=2
M-0331,phone,Samsung,Galaxy A73 5G A736,Galaxy A,legacy,1,587d0055-f2f1-498c-b766-651bfc2e4bdd,3000000189917,exact_alias,134,Samsung,Galaxy A73 5G,galaxy-a73-5g,Galaxy A73 5G A736,A73;A736;A736B,code_suffix::Samsung::galaxya735g,2,false,medium,collapse_alias_to_canonical,approved,approved_device_master,Supabase public.device_models.aliases; read-only snapshot 2026-08-28,保留 raw 值作为 alias，不作为独立菜单行。,none,source=legacy; products=1; code_duplicate_group=2; display_projection_approved; canonical display/search only; no product_device_compatibilities or inventory change
M-0332,phone,Samsung,Galaxy A80 A805,Galaxy A,legacy,1,9cf4784a-d796-45ba-90cc-6d07011312b6,3000000032756,unmatched_legacy,,,,,,,,1,true,high,research_required,pending_owner_review,legacy_compatibility_value,catalog_model_options → catalog_product_device_models legacy value; no confirmed canonical match in snapshot,当前快照没有确认的 canonical/alias/model-code 映射；禁止猜测。,none,source=legacy; products=1
M-0333,phone,Samsung,Galaxy A9 2018 A920,Galaxy A,legacy,1,6f5e8bae-9669-4115-919a-a91e8305aab6,3000000018989,unmatched_legacy,,,,,,,,1,true,high,research_required,pending_owner_review,legacy_compatibility_value,catalog_model_options → catalog_product_device_models legacy value; no confirmed canonical match in snapshot,当前快照没有确认的 canonical/alias/model-code 映射；禁止猜测。,none,source=legacy; products=1
M-0334,phone,Samsung,Galaxy J4 Plus,Galaxy J,normalized,1,58f99100-15e3-42fd-a40b-2021d25f9671,3000000037713,exact_canonical,532,Samsung,Galaxy J4 Plus,galaxy-j4-plus,,J415,,1,false,low,keep_canonical,pending_owner_review,device_models_canonical,Supabase public.device_models canonical_name; read-only snapshot 2026-08-28,,none,source=normalized; products=1
M-0335,phone,Samsung,Galaxy J6 Plus,Galaxy J,normalized,1,58f99100-15e3-42fd-a40b-2021d25f9671,3000000037713,exact_canonical,533,Samsung,Galaxy J6 Plus,galaxy-j6-plus,,J610,,1,false,low,keep_canonical,pending_owner_review,device_models_canonical,Supabase public.device_models canonical_name; read-only snapshot 2026-08-28,,none,source=normalized; products=1
M-0336,phone,Samsung,Galaxy M12,Galaxy M,normalized,3,905830d9-7962-4d25-9c11-4b8ab24a4b6f;d2ebcde1-0a69-4d3e-bedd-00efa75b466e;d9dae3ed-76d2-43f8-a717-4dc1ec7a440b,3000000150085;3000000150122;3000000178287,exact_canonical,129,Samsung,Galaxy M12,galaxy-m12,Galaxy M12 M127,M12;M127;M127F,,1,false,low,keep_canonical,pending_owner_review,device_models_canonical,Supabase public.device_models canonical_name; read-only snapshot 2026-08-28,,none,source=normalized; products=3
M-0337,phone,Samsung,Galaxy M13 4G,Galaxy M,normalized,1,0ae3fa23-a662-4ee4-9601-031a4f9ae330,3701569300774,exact_canonical,10,Samsung,Galaxy M13 4G,galaxy-m13-4g,Galaxy M13 4G M135,M13;M135;M135F,,1,false,low,keep_canonical,pending_owner_review,device_models_canonical,Supabase public.device_models canonical_name; read-only snapshot 2026-08-28,,none,source=normalized; products=1
M-0338,phone,Samsung,Galaxy M13 5G,Galaxy M,normalized,2,6ceb5a9f-04e8-4f9a-a995-ef7214c4a95b;9155e02b-abdd-4360-b092-9805efd2be24,3000000211557;3000000211663,exact_canonical,131,Samsung,Galaxy M13 5G,galaxy-m13-5g,Galaxy M13 5G M136,M13;M136;M136B,,1,false,low,keep_canonical,pending_owner_review,device_models_canonical,Supabase public.device_models canonical_name; read-only snapshot 2026-08-28,,none,source=normalized; products=2
M-0339,phone,Samsung,Galaxy M15 5G,Galaxy M,normalized,1,be756a2a-cbb8-42a0-be08-6609e5e4e963,3000000281611,exact_canonical,435,Samsung,Galaxy M15 5G,galaxy-m15-5g,Galaxy M15 5G M156,M156,,1,false,low,keep_canonical,pending_owner_review,device_models_canonical,Supabase public.device_models canonical_name; read-only snapshot 2026-08-28,,none,source=normalized; products=1
M-0340,phone,Samsung,Galaxy M22,Galaxy M,normalized,1,4cb7dd4e-11b8-49d6-85e8-27a52b513db9,3000000207444,exact_canonical,142,Samsung,Galaxy M22,galaxy-m22,Galaxy M22 M225,M22;M225;M225F,,1,false,low,keep_canonical,pending_owner_review,device_models_canonical,Supabase public.device_models canonical_name; read-only snapshot 2026-08-28,,none,source=normalized; products=1
M-0341,phone,Samsung,Galaxy M23 5G,Galaxy M,normalized,1,d2a09971-8516-4ba2-855a-963c44ad52e5,3000000206485,exact_canonical,135,Samsung,Galaxy M23 5G,galaxy-m23-5g,Galaxy M23 5G M236,M23;M236;M236B,,1,false,low,keep_canonical,pending_owner_review,device_models_canonical,Supabase public.device_models canonical_name; read-only snapshot 2026-08-28,,none,source=normalized; products=1
M-0342,phone,Samsung,Galaxy M32,Galaxy M,normalized,1,4cb7dd4e-11b8-49d6-85e8-27a52b513db9,3000000207444,exact_canonical,143,Samsung,Galaxy M32,galaxy-m32,Galaxy M32 M325,M32;M325;M325F,,1,false,low,keep_canonical,pending_owner_review,device_models_canonical,Supabase public.device_models canonical_name; read-only snapshot 2026-08-28,,none,source=normalized; products=1
M-0343,phone,Samsung,Galaxy M52 5G,Galaxy M,normalized,1,d2a09971-8516-4ba2-855a-963c44ad52e5,3000000206485,exact_canonical,136,Samsung,Galaxy M52 5G,galaxy-m52-5g,Galaxy M52 5G M526,M52;M526;M526B,,1,false,low,keep_canonical,pending_owner_review,device_models_canonical,Supabase public.device_models canonical_name; read-only snapshot 2026-08-28,,none,source=normalized; products=1
M-0344,phone,Samsung,Galaxy M53 5G,Galaxy M,normalized,1,d2a09971-8516-4ba2-855a-963c44ad52e5,3000000206485,exact_canonical,137,Samsung,Galaxy M53 5G,galaxy-m53-5g,Galaxy M53 5G M536,M53;M536;M536B,,1,false,low,keep_canonical,pending_owner_review,device_models_canonical,Supabase public.device_models canonical_name; read-only snapshot 2026-08-28,,none,source=normalized; products=1
M-0345,phone,Samsung,Galaxy S20 Ultra G988,Galaxy S,legacy,1,6a6a83af-d6ae-467b-9b09-0185ce11749e,3000000157466,unmatched_legacy,,,,,,,,1,true,high,research_required,pending_owner_review,legacy_compatibility_value,catalog_model_options → catalog_product_device_models legacy value; no confirmed canonical match in snapshot,当前快照没有确认的 canonical/alias/model-code 映射；禁止猜测。,none,source=legacy; products=1
M-0346,phone,Samsung,Galaxy S21 5G G991,Galaxy S,legacy,1,2cc8ba7c-e1a7-4dde-a55a-c6032f30b4f8,3000000195659,unmatched_legacy,,,,,,,,1,true,high,research_required,pending_owner_review,legacy_compatibility_value,catalog_model_options → catalog_product_device_models legacy value; no confirmed canonical match in snapshot,当前快照没有确认的 canonical/alias/model-code 映射；禁止猜测。,none,source=legacy; products=1
M-0347,phone,Samsung,Galaxy S21 FE G990,Galaxy S,legacy,1,52ac788d-e2c2-43fa-bc26-393d193bdf10,3000000113745,unmatched_legacy,,,,,,,,1,true,high,research_required,pending_owner_review,legacy_compatibility_value,catalog_model_options → catalog_product_device_models legacy value; no confirmed canonical match in snapshot,当前快照没有确认的 canonical/alias/model-code 映射；禁止猜测。,none,source=legacy; products=1
M-0348,phone,Samsung,Galaxy S21 Plus 5G G996,Galaxy S,legacy,1,47ef1b6d-c816-4c1a-a5f3-b4bf3d9f873f,3000000195499,unmatched_legacy,,,,,,,,1,true,high,research_required,pending_owner_review,legacy_compatibility_value,catalog_model_options → catalog_product_device_models legacy value; no confirmed canonical match in snapshot,当前快照没有确认的 canonical/alias/model-code 映射；禁止猜测。,none,source=legacy; products=1
M-0349,phone,Samsung,Galaxy S22 Plus S906,Galaxy S,legacy,1,294704c7-be34-4412-9636-5f979da62df3,3000000194867,unmatched_legacy,,,,,,,,1,true,high,research_required,pending_owner_review,legacy_compatibility_value,catalog_model_options → catalog_product_device_models legacy value; no confirmed canonical match in snapshot,当前快照没有确认的 canonical/alias/model-code 映射；禁止猜测。,none,source=legacy; products=1
M-0350,phone,Samsung,Galaxy S22 Ultra S908,Galaxy S,legacy,1,ef50b703-ca6b-458d-8d3f-d7d127ce939e,3000000194614,unmatched_legacy,,,,,,,,1,true,high,research_required,pending_owner_review,legacy_compatibility_value,catalog_model_options → catalog_product_device_models legacy value; no confirmed canonical match in snapshot,当前快照没有确认的 canonical/alias/model-code 映射；禁止猜测。,none,source=legacy; products=1
M-0351,phone,Samsung,Galaxy S23 5G S911,Galaxy S,legacy,1,4acda22c-fc93-4cfe-b9e2-9e12af7a7bb8,3000000182659,unmatched_legacy,,,,,,,,1,true,high,research_required,pending_owner_review,legacy_compatibility_value,catalog_model_options → catalog_product_device_models legacy value; no confirmed canonical match in snapshot,当前快照没有确认的 canonical/alias/model-code 映射；禁止猜测。,none,source=legacy; products=1
M-0352,phone,Samsung,Galaxy S23 Plus 5G S916,Galaxy S,legacy,1,cc00fe47-1e81-4783-84aa-c965fb99bcb8,3000000182666,unmatched_legacy,,,,,,,,1,true,high,research_required,pending_owner_review,legacy_compatibility_value,catalog_model_options → catalog_product_device_models legacy value; no confirmed canonical match in snapshot,当前快照没有确认的 canonical/alias/model-code 映射；禁止猜测。,none,source=legacy; products=1
M-0353,phone,Samsung,Galaxy S23 Ultra 5G S918,Galaxy S,legacy,1,967c465a-91f0-4102-b2ad-e3d870bc8beb,3000000182673,unmatched_legacy,,,,,,,,1,true,high,research_required,pending_owner_review,legacy_compatibility_value,catalog_model_options → catalog_product_device_models legacy value; no confirmed canonical match in snapshot,当前快照没有确认的 canonical/alias/model-code 映射；禁止猜测。,none,source=legacy; products=1
M-0354,phone,Samsung,Galaxy S24 Plus 5G S926,Galaxy S,legacy,1,3469da8a-c753-4447-b36c-c3ed924fffe4,3000000284278,unmatched_legacy,,,,,,,,1,true,high,research_required,pending_owner_review,legacy_compatibility_value,catalog_model_options → catalog_product_device_models legacy value; no confirmed canonical match in snapshot,当前快照没有确认的 canonical/alias/model-code 映射；禁止猜测。,none,source=legacy; products=1
M-0355,phone,Samsung,Galaxy S24 Ultra 5G S928,Galaxy S,legacy,1,1fe6fb5c-bb84-4e2d-8b24-9148294fec3d,3000000283578,unmatched_legacy,,,,,,,,1,true,high,research_required,pending_owner_review,legacy_compatibility_value,catalog_model_options → catalog_product_device_models legacy value; no confirmed canonical match in snapshot,当前快照没有确认的 canonical/alias/model-code 映射；禁止猜测。,none,source=legacy; products=1
M-0356,phone,Samsung,Galaxy S25 Edge S937,Galaxy S,legacy,1,8b14ff06-c539-439f-bad6-e7d62c02488f,3000000376744,unmatched_legacy,,,,,,,,1,true,high,research_required,pending_owner_review,legacy_compatibility_value,catalog_model_options → catalog_product_device_models legacy value; no confirmed canonical match in snapshot,当前快照没有确认的 canonical/alias/model-code 映射；禁止猜测。,none,source=legacy; products=1
M-0357,phone,Samsung,Galaxy S25 S931,Galaxy S,legacy,1,f5b26dd9-f58d-4ec8-9f52-21ad85b6cb04,3000000357934,unmatched_legacy,,,,,,,,1,true,high,research_required,pending_owner_review,legacy_compatibility_value,catalog_model_options → catalog_product_device_models legacy value; no confirmed canonical match in snapshot,当前快照没有确认的 canonical/alias/model-code 映射；禁止猜测。,none,source=legacy; products=1
M-0358,phone,Samsung,Galaxy S25 Ultra S938,Galaxy S,legacy,1,46b29a73-fb7b-47ac-9315-d41076206a9c,3000000357880,unmatched_legacy,,,,,,,,1,true,high,research_required,pending_owner_review,legacy_compatibility_value,catalog_model_options → catalog_product_device_models legacy value; no confirmed canonical match in snapshot,当前快照没有确认的 canonical/alias/model-code 映射；禁止猜测。,none,source=legacy; products=1
M-0359,phone,TCL,20 SE,TCL,legacy,1,12f0f018-252d-4b56-9ecb-39cc7499322a,3000000078679,unmatched_legacy,,,,,,,,1,true,high,research_required,pending_owner_review,legacy_compatibility_value,catalog_model_options → catalog_product_device_models legacy value; no confirmed canonical match in snapshot,当前快照没有确认的 canonical/alias/model-code 映射；禁止猜测。,none,source=legacy; products=1
M-0360,phone,TCL,306,TCL,legacy,1,59f8e953-c8e2-4d60-b2f5-7bee768cd32a,3000000133361,unmatched_legacy,,,,,,,,1,true,high,research_required,pending_owner_review,legacy_compatibility_value,catalog_model_options → catalog_product_device_models legacy value; no confirmed canonical match in snapshot,当前快照没有确认的 canonical/alias/model-code 映射；禁止猜测。,none,source=legacy; products=1
M-0361,phone,TCL,405,TCL,normalized,1,69bb1f3f-ae50-4ebc-b63d-1ad8df0e5e39,3000000321355,exact_canonical,534,TCL,405,405,,,,1,false,low,keep_canonical,pending_owner_review,device_models_canonical,Supabase public.device_models canonical_name; read-only snapshot 2026-08-28,,none,source=normalized; products=1
M-0362,phone,TCL,406,TCL,normalized,1,69bb1f3f-ae50-4ebc-b63d-1ad8df0e5e39,3000000321355,exact_canonical,535,TCL,406,406,,,,1,false,low,keep_canonical,pending_owner_review,device_models_canonical,Supabase public.device_models canonical_name; read-only snapshot 2026-08-28,,none,source=normalized; products=1
M-0363,phone,TCL,406s,TCL,normalized,1,69bb1f3f-ae50-4ebc-b63d-1ad8df0e5e39,3000000321355,exact_canonical,536,TCL,406s,406s,,,,1,false,low,keep_canonical,pending_owner_review,device_models_canonical,Supabase public.device_models canonical_name; read-only snapshot 2026-08-28,,none,source=normalized; products=1
M-0364,phone,TCL,408,TCL,normalized,1,69bb1f3f-ae50-4ebc-b63d-1ad8df0e5e39,3000000321355,exact_canonical,537,TCL,408,408,,,,1,false,low,keep_canonical,pending_owner_review,device_models_canonical,Supabase public.device_models canonical_name; read-only snapshot 2026-08-28,,none,source=normalized; products=1
M-0365,phone,TCL,40R 5G,TCL,legacy,1,09543754-006b-4241-bc8f-e6f5c99b320a,3000000256305,unmatched_legacy,,,,,,,,1,true,high,research_required,pending_owner_review,legacy_compatibility_value,catalog_model_options → catalog_product_device_models legacy value; no confirmed canonical match in snapshot,当前快照没有确认的 canonical/alias/model-code 映射；禁止猜测。,none,source=legacy; products=1
M-0366,phone,TCL,50 SE,TCL,legacy,1,abf7cce5-f768-49b7-868d-2eb754078262,3000000302699,unmatched_legacy,,,,,,,,1,true,high,research_required,pending_owner_review,legacy_compatibility_value,catalog_model_options → catalog_product_device_models legacy value; no confirmed canonical match in snapshot,当前快照没有确认的 canonical/alias/model-code 映射；禁止猜测。,none,source=legacy; products=1
M-0367,phone,TCL,505,TCL,legacy,2,55fac01d-08cf-470b-ba96-bef27669b8be;f942083b-2506-4c50-87fb-1dc57e7b83fb,3000000306666;3667075193845,unmatched_legacy,,,,,,,,1,true,high,research_required,pending_owner_review,legacy_compatibility_value,catalog_model_options → catalog_product_device_models legacy value; no confirmed canonical match in snapshot,当前快照没有确认的 canonical/alias/model-code 映射；禁止猜测。,none,source=legacy; products=2
M-0368,phone,Vivo,Y01,Vivo,legacy,2,8aeb8f4e-4ad9-4348-ad3b-5804e5d5e382;db1eff4a-261d-4c9a-a2fa-24454ee977ee,3000000144527;3000000144541,unmatched_legacy,,,,,,,,1,true,high,research_required,pending_owner_review,legacy_compatibility_value,catalog_model_options → catalog_product_device_models legacy value; no confirmed canonical match in snapshot,当前快照没有确认的 canonical/alias/model-code 映射；禁止猜测。,none,source=legacy; products=2
M-0369,phone,Vivo,Y03,Vivo,legacy+normalized,2,5125287b-4c77-4721-ad97-a468ed0aaf9f;56cae5c3-baac-4f3a-8ead-0feddac46a6d,3000000325322;3000000412046,exact_canonical,538,Vivo,Y03,y03,,,,1,false,low,keep_canonical,pending_owner_review,device_models_canonical,Supabase public.device_models canonical_name; read-only snapshot 2026-08-28,,none,source=legacy+normalized; products=2
M-0370,phone,Vivo,Y04,Vivo,normalized,1,f5ee9033-a62f-4fb0-89a1-8d34844d5e17,3000000383971,exact_canonical,539,Vivo,Y04,y04,,,,1,false,low,keep_canonical,pending_owner_review,device_models_canonical,Supabase public.device_models canonical_name; read-only snapshot 2026-08-28,,none,source=normalized; products=1
M-0371,phone,Vivo,Y11S,Vivo,legacy,2,404ceb55-aa20-417d-b067-bb228e8e2783;aaf64096-017a-4426-b1fb-c8ca51c85b37,3000000053980;3000000054024,unmatched_legacy,,,,,,,,1,true,high,research_required,pending_owner_review,legacy_compatibility_value,catalog_model_options → catalog_product_device_models legacy value; no confirmed canonical match in snapshot,当前快照没有确认的 canonical/alias/model-code 映射；禁止猜测。,none,source=legacy; products=2
M-0372,phone,Vivo,Y17S,Vivo,legacy,1,c514fa41-e6e7-4b77-aed0-b9c1c10909a4,3000000264058,unmatched_legacy,,,,,,,,1,true,high,research_required,pending_owner_review,legacy_compatibility_value,catalog_model_options → catalog_product_device_models legacy value; no confirmed canonical match in snapshot,当前快照没有确认的 canonical/alias/model-code 映射；禁止猜测。,none,source=legacy; products=1
M-0373,phone,Vivo,Y19S,Vivo,legacy,1,153d5033-9d7a-402f-b6c6-7d318d0b8001,3000000382318,unmatched_legacy,,,,,,,,1,true,high,research_required,pending_owner_review,legacy_compatibility_value,catalog_model_options → catalog_product_device_models legacy value; no confirmed canonical match in snapshot,当前快照没有确认的 canonical/alias/model-code 映射；禁止猜测。,none,source=legacy; products=1
M-0374,phone,Vivo,Y20S,Vivo,legacy,2,28cb0da5-2540-4ec5-877b-bca9c7156115;e50220e8-47d0-42bb-a040-6414a4027f37,3000000053904;3000000053942,unmatched_legacy,,,,,,,,1,true,high,research_required,pending_owner_review,legacy_compatibility_value,catalog_model_options → catalog_product_device_models legacy value; no confirmed canonical match in snapshot,当前快照没有确认的 canonical/alias/model-code 映射；禁止猜测。,none,source=legacy; products=2
M-0375,phone,Vivo,Y21,Vivo,legacy+normalized,2,31ca3350-f169-4f69-bcd0-0b7ff55362a7;e5c0990d-be2c-4fdd-acd0-3623db37e04f,3000000096819;3000000096871,exact_canonical,540,Vivo,Y21,y21,,,,1,false,low,keep_canonical,pending_owner_review,device_models_canonical,Supabase public.device_models canonical_name; read-only snapshot 2026-08-28,,none,source=legacy+normalized; products=2
M-0376,phone,Vivo,Y21s,Vivo,normalized,1,31ca3350-f169-4f69-bcd0-0b7ff55362a7,3000000096819,exact_canonical,541,Vivo,Y21s,y21s,,,,1,false,low,keep_canonical,pending_owner_review,device_models_canonical,Supabase public.device_models canonical_name; read-only snapshot 2026-08-28,,none,source=normalized; products=1
M-0377,phone,Vivo,Y22S,Vivo,legacy,2,2adb326d-2fb4-4b18-826c-aa70e4039df1;c7e3914d-b228-4c0c-b898-8a40fdcb5e20,3000000167809;3000000168110,unmatched_legacy,,,,,,,,1,true,high,research_required,pending_owner_review,legacy_compatibility_value,catalog_model_options → catalog_product_device_models legacy value; no confirmed canonical match in snapshot,当前快照没有确认的 canonical/alias/model-code 映射；禁止猜测。,none,source=legacy; products=2
M-0378,phone,Vivo,Y28 4G,Vivo,legacy,2,0666b62a-2746-4dd4-85fa-2750b98ea12d;c3a4cf99-5894-44a4-af5c-263ff987c635,3000000319840;3000000319871,unmatched_legacy,,,,,,,,1,true,high,research_required,pending_owner_review,legacy_compatibility_value,catalog_model_options → catalog_product_device_models legacy value; no confirmed canonical match in snapshot,当前快照没有确认的 canonical/alias/model-code 映射；禁止猜测。,none,source=legacy; products=2
M-0379,phone,Vivo,Y28s 5G,Vivo,normalized,1,5125287b-4c77-4721-ad97-a468ed0aaf9f,3000000325322,exact_canonical,542,Vivo,Y28s 5G,y28s-5g,,,case_punctuation::Vivo::y28s5g,2,false,low,keep_canonical,pending_owner_review,device_models_canonical,Supabase public.device_models canonical_name; read-only snapshot 2026-08-28,,none,source=normalized; products=1; format_duplicate_group=2
M-0380,phone,Vivo,Y28S 5G,Vivo,legacy,1,7c546127-b656-4afc-8df9-eef876f79790,3000000325315,case_punctuation_equivalent,542,Vivo,Y28s 5G,y28s-5g,,,case_punctuation::Vivo::y28s5g,2,false,low,normalize_format_to_canonical,approved,approved_device_master,Canonical/alias case-punctuation comparison against public.device_models; snapshot 2026-08-28,统一大小写、空格或标点；保留一个 canonical 显示值。,none,source=legacy; products=1; format_duplicate_group=2; display_projection_approved; canonical display/search only; no product_device_compatibilities or inventory change
M-0381,phone,Vivo,Y29s 5G,Vivo,normalized,1,f5ee9033-a62f-4fb0-89a1-8d34844d5e17,3000000383971,exact_canonical,543,Vivo,Y29s 5G,y29s-5g,,,case_punctuation::Vivo::y29s5g,2,false,low,keep_canonical,pending_owner_review,device_models_canonical,Supabase public.device_models canonical_name; read-only snapshot 2026-08-28,,none,source=normalized; products=1; format_duplicate_group=2
M-0382,phone,Vivo,Y29S 5G,Vivo,legacy,1,2f7aa55a-4194-4195-af2c-1bb5ac9948fa,3000000383940,case_punctuation_equivalent,543,Vivo,Y29s 5G,y29s-5g,,,case_punctuation::Vivo::y29s5g,2,false,low,normalize_format_to_canonical,approved,approved_device_master,Canonical/alias case-punctuation comparison against public.device_models; snapshot 2026-08-28,统一大小写、空格或标点；保留一个 canonical 显示值。,none,source=legacy; products=1; format_duplicate_group=2; display_projection_approved; canonical display/search only; no product_device_compatibilities or inventory change
M-0383,phone,Vivo,Y35,Vivo,legacy,1,326aea49-7a8f-4c5f-869d-e3d26b309fd8,3000000167816,unmatched_legacy,,,,,,,,1,true,high,research_required,pending_owner_review,legacy_compatibility_value,catalog_model_options → catalog_product_device_models legacy value; no confirmed canonical match in snapshot,当前快照没有确认的 canonical/alias/model-code 映射；禁止猜测。,none,source=legacy; products=1
M-0384,phone,Vivo,Y36 4G,Vivo,legacy,1,6e406bc3-de9f-4530-b16f-e79878e40527,3000000263952,unmatched_legacy,,,,,,,,1,true,high,research_required,pending_owner_review,legacy_compatibility_value,catalog_model_options → catalog_product_device_models legacy value; no confirmed canonical match in snapshot,当前快照没有确认的 canonical/alias/model-code 映射；禁止猜测。,none,source=legacy; products=1
M-0385,phone,Vivo,Y52 5G,Vivo,legacy,1,8e6e942e-355a-4bee-a8bd-98a982b3df48,3000000096895,unmatched_legacy,,,,,,,,1,true,high,research_required,pending_owner_review,legacy_compatibility_value,catalog_model_options → catalog_product_device_models legacy value; no confirmed canonical match in snapshot,当前快照没有确认的 canonical/alias/model-code 映射；禁止猜测。,none,source=legacy; products=1
M-0386,phone,Vivo,Y55 5G,Vivo,legacy,1,07344507-a626-4010-9d1e-466df48838fc,3000000160107,unmatched_legacy,,,,,,,,1,true,high,research_required,pending_owner_review,legacy_compatibility_value,catalog_model_options → catalog_product_device_models legacy value; no confirmed canonical match in snapshot,当前快照没有确认的 canonical/alias/model-code 映射；禁止猜测。,none,source=legacy; products=1
M-0387,phone,Vivo,Y70,Vivo,legacy,1,bce71327-b890-4a8b-b76b-4d1e24ff96f7,3000000053867,unmatched_legacy,,,,,,,,1,true,high,research_required,pending_owner_review,legacy_compatibility_value,catalog_model_options → catalog_product_device_models legacy value; no confirmed canonical match in snapshot,当前快照没有确认的 canonical/alias/model-code 映射；禁止猜测。,none,source=legacy; products=1
M-0388,phone,Vivo,Y72 5G,Vivo,legacy,1,add35c6b-592c-4d45-b286-f84d87894610,3000000081112,unmatched_legacy,,,,,,,,1,true,high,research_required,pending_owner_review,legacy_compatibility_value,catalog_model_options → catalog_product_device_models legacy value; no confirmed canonical match in snapshot,当前快照没有确认的 canonical/alias/model-code 映射；禁止猜测。,none,source=legacy; products=1
M-0389,phone,Vivo,Y76 5G,Vivo,legacy,1,2a6f335e-c418-414e-878f-3a0e3e88e0cf,3000000128800,unmatched_legacy,,,,,,,,1,true,high,research_required,pending_owner_review,legacy_compatibility_value,catalog_model_options → catalog_product_device_models legacy value; no confirmed canonical match in snapshot,当前快照没有确认的 canonical/alias/model-code 映射；禁止猜测。,none,source=legacy; products=1
M-0390,phone,Wiko,Wiko Power U10,Wiko Other,normalized,1,cfdca889-6e13-4ecd-9ec2-fe0352a193c4,3000000084243,brand_prefix_pollution,436,Wiko,Wiko Power U10,wiko-power-u10,,,,1,false,high,strip_brand_prefix_to_canonical,approved,project_normalization_rule,docs/PartsPro 到货导入声明规则.md — 型号归一化规则,brand 已独立存储；model 去除重复品牌前缀，旧值只作 alias。,none,source=normalized; products=1; display_projection_approved; canonical display/search only; no product_device_compatibilities or inventory change
M-0391,phone,Wiko,Wiko Power U20,Wiko Other,normalized,1,cfdca889-6e13-4ecd-9ec2-fe0352a193c4,3000000084243,brand_prefix_pollution,437,Wiko,Wiko Power U20,wiko-power-u20,,,,1,false,high,strip_brand_prefix_to_canonical,approved,project_normalization_rule,docs/PartsPro 到货导入声明规则.md — 型号归一化规则,brand 已独立存储；model 去除重复品牌前缀，旧值只作 alias。,none,source=normalized; products=1; display_projection_approved; canonical display/search only; no product_device_compatibilities or inventory change
M-0392,phone,Wiko,Wiko Power U30,Wiko Other,normalized,1,cfdca889-6e13-4ecd-9ec2-fe0352a193c4,3000000084243,brand_prefix_pollution,438,Wiko,Wiko Power U30,wiko-power-u30,,,,1,false,high,strip_brand_prefix_to_canonical,approved,project_normalization_rule,docs/PartsPro 到货导入声明规则.md — 型号归一化规则,brand 已独立存储；model 去除重复品牌前缀，旧值只作 alias。,none,source=normalized; products=1; display_projection_approved; canonical display/search only; no product_device_compatibilities or inventory change
M-0393,phone,Xiaomi,Mi 10T Lite 5G,Mi,normalized,2,5157ec31-4da9-4c65-aaea-49f394cf25a9;7ed50238-e2b7-43fc-8124-39a7248600d7,3000000050354;3000000050408,exact_canonical,439,Xiaomi,Mi 10T Lite 5G,mi-10t-lite-5g,,,,1,false,low,keep_canonical,pending_owner_review,device_models_canonical,Supabase public.device_models canonical_name; read-only snapshot 2026-08-28,,none,source=normalized; products=2
M-0394,phone,Xiaomi,Poco C40,Poco/Shark,normalized,1,285b0e20-8165-4629-8720-6d2dd285ca1c,3000000153703,exact_canonical,544,Xiaomi,Poco C40,poco-c40,,,,1,false,low,keep_canonical,pending_owner_review,device_models_canonical,Supabase public.device_models canonical_name; read-only snapshot 2026-08-28,,none,source=normalized; products=1
M-0395,phone,Xiaomi,Poco C65,Poco/Shark,normalized,1,c0f24df7-e023-4868-8cd6-67b11a2b688a,3000000270240,exact_canonical,545,Xiaomi,Poco C65,poco-c65,,,,1,false,low,keep_canonical,pending_owner_review,device_models_canonical,Supabase public.device_models canonical_name; read-only snapshot 2026-08-28,,none,source=normalized; products=1
M-0396,phone,Xiaomi,Poco C71,Poco/Shark,legacy,1,199f1486-001e-4ed7-891b-44a6bdd5877e,3000000374726,unmatched_legacy,,,,,,,,1,true,high,research_required,pending_owner_review,legacy_compatibility_value,catalog_model_options → catalog_product_device_models legacy value; no confirmed canonical match in snapshot,当前快照没有确认的 canonical/alias/model-code 映射；禁止猜测。,none,source=legacy; products=1
M-0397,phone,Xiaomi,Poco C75,Poco/Shark,normalized,1,d7721cd2-f7ca-4379-bed9-68fc257261bc,3000000334393,exact_canonical,546,Xiaomi,Poco C75,poco-c75,,,,1,false,low,keep_canonical,pending_owner_review,device_models_canonical,Supabase public.device_models canonical_name; read-only snapshot 2026-08-28,,none,source=normalized; products=1
M-0398,phone,Xiaomi,Poco C85 4G,Poco/Shark,normalized,1,2c070d5b-889e-4bda-8843-aa77f0dd0225,3000000412534,exact_canonical,547,Xiaomi,Poco C85 4G,poco-c85-4g,,,,1,false,low,keep_canonical,pending_owner_review,device_models_canonical,Supabase public.device_models canonical_name; read-only snapshot 2026-08-28,,none,source=normalized; products=1
M-0399,phone,Xiaomi,Poco M3 Pro 5G,Poco/Shark,normalized,1,7362c052-f2c7-46ae-b780-6f3c50bd9c49,3000000096796,exact_canonical,440,Xiaomi,Poco M3 Pro 5G,poco-m3-pro-5g,,,,1,false,low,keep_canonical,pending_owner_review,device_models_canonical,Supabase public.device_models canonical_name; read-only snapshot 2026-08-28,,none,source=normalized; products=1
M-0400,phone,Xiaomi,Poco M4 Pro 4G,Poco/Shark,legacy,1,7f17b051-c959-447f-b329-68255e464a39,3000000119365,unmatched_legacy,,,,,,,,1,true,high,research_required,pending_owner_review,legacy_compatibility_value,catalog_model_options → catalog_product_device_models legacy value; no confirmed canonical match in snapshot,当前快照没有确认的 canonical/alias/model-code 映射；禁止猜测。,none,source=legacy; products=1
M-0401,phone,Xiaomi,Poco M4 Pro 5G,Poco/Shark,legacy+normalized,2,4466b4a4-e777-4750-8598-e7add1b4ebc8;b1694042-14ea-4cfb-b98d-7f452e2bf0fd,3000000113370;3000000147177,exact_canonical,548,Xiaomi,Poco M4 Pro 5G,poco-m4-pro-5g,,,,1,false,low,keep_canonical,pending_owner_review,device_models_canonical,Supabase public.device_models canonical_name; read-only snapshot 2026-08-28,,none,source=legacy+normalized; products=2
M-0402,phone,Xiaomi,Poco M5S,Poco/Shark,legacy+normalized,2,a8be495b-aed3-4f59-8ae8-334d1095247b;e27b3652-0be5-4e89-8711-7d576eac41fd,3000000072981;PP-XIA-RN10-RN10S-M5S-TFT-LCD,exact_canonical,549,Xiaomi,Poco M5S,poco-m5s,,,,1,false,low,keep_canonical,pending_owner_review,device_models_canonical,Supabase public.device_models canonical_name; read-only snapshot 2026-08-28,,none,source=legacy+normalized; products=2
M-0403,phone,Xiaomi,Poco M7 Pro 5G,Poco/Shark,legacy,1,05d1d5e4-ce8a-4f11-93d1-0fc041da8964,3000000353493,unmatched_legacy,,,,,,,,1,true,high,research_required,pending_owner_review,legacy_compatibility_value,catalog_model_options → catalog_product_device_models legacy value; no confirmed canonical match in snapshot,当前快照没有确认的 canonical/alias/model-code 映射；禁止猜测。,none,source=legacy; products=1
M-0404,phone,Xiaomi,Poco X3 NFC,Poco/Shark,normalized,1,7ed50238-e2b7-43fc-8124-39a7248600d7,3000000050354,exact_canonical,441,Xiaomi,Poco X3 NFC,poco-x3-nfc,,,,1,false,low,keep_canonical,pending_owner_review,device_models_canonical,Supabase public.device_models canonical_name; read-only snapshot 2026-08-28,,none,source=normalized; products=1
M-0405,phone,Xiaomi,Poco X3 Pro,Poco/Shark,normalized,1,7ed50238-e2b7-43fc-8124-39a7248600d7,3000000050354,exact_canonical,442,Xiaomi,Poco X3 Pro,poco-x3-pro,,,,1,false,low,keep_canonical,pending_owner_review,device_models_canonical,Supabase public.device_models canonical_name; read-only snapshot 2026-08-28,,none,source=normalized; products=1
M-0406,phone,Xiaomi,Poco X4 GT,Poco/Shark,legacy,1,f73ccf47-aff2-40eb-bcaf-c67d3280dc9c,3000000147368,unmatched_legacy,,,,,,,,1,true,high,research_required,pending_owner_review,legacy_compatibility_value,catalog_model_options → catalog_product_device_models legacy value; no confirmed canonical match in snapshot,当前快照没有确认的 canonical/alias/model-code 映射；禁止猜测。,none,source=legacy; products=1
M-0407,phone,Xiaomi,Poco X5 5G,Poco/Shark,legacy,1,2bf38685-a94e-4c3d-9cdc-1cf397213d84,3000000191880,unmatched_legacy,,,,,,,,1,true,high,research_required,pending_owner_review,legacy_compatibility_value,catalog_model_options → catalog_product_device_models legacy value; no confirmed canonical match in snapshot,当前快照没有确认的 canonical/alias/model-code 映射；禁止猜测。,none,source=legacy; products=1
M-0408,phone,Xiaomi,Poco X6 Pro 5G,Poco/Shark,legacy,1,0ba5e387-62d8-40e6-84f1-7a59666ef017,3000000287835,unmatched_legacy,,,,,,,,1,true,high,research_required,pending_owner_review,legacy_compatibility_value,catalog_model_options → catalog_product_device_models legacy value; no confirmed canonical match in snapshot,当前快照没有确认的 canonical/alias/model-code 映射；禁止猜测。,none,source=legacy; products=1
M-0409,phone,Xiaomi,Poco X7 5G,Poco/Shark,legacy,1,75fd4c6d-5f33-4619-af00-9439c3e90391,3000000358740,unmatched_legacy,,,,,,,,1,true,high,research_required,pending_owner_review,legacy_compatibility_value,catalog_model_options → catalog_product_device_models legacy value; no confirmed canonical match in snapshot,当前快照没有确认的 canonical/alias/model-code 映射；禁止猜测。,none,source=legacy; products=1
M-0410,phone,Xiaomi,Redmi 10,Redmi,normalized,1,7cb9625b-c91d-4d64-8935-0eeb4bdcf283,3000000096482,exact_canonical,443,Xiaomi,Redmi 10,redmi-10,,,,1,false,low,keep_canonical,pending_owner_review,device_models_canonical,Supabase public.device_models canonical_name; read-only snapshot 2026-08-28,,none,source=normalized; products=1
M-0411,phone,Xiaomi,Redmi 10 2022,Redmi,normalized,1,7cb9625b-c91d-4d64-8935-0eeb4bdcf283,3000000096482,exact_canonical,444,Xiaomi,Redmi 10 2022,redmi-10-2022,,,,1,false,low,keep_canonical,pending_owner_review,device_models_canonical,Supabase public.device_models canonical_name; read-only snapshot 2026-08-28,,none,source=normalized; products=1
M-0412,phone,Xiaomi,Redmi 10 5G,Redmi,legacy,1,95350487-479a-462b-959f-0949710734e1,3000000374467,unmatched_legacy,,,,,,,,1,true,high,research_required,pending_owner_review,legacy_compatibility_value,catalog_model_options → catalog_product_device_models legacy value; no confirmed canonical match in snapshot,当前快照没有确认的 canonical/alias/model-code 映射；禁止猜测。,none,source=legacy; products=1
M-0413,phone,Xiaomi,Redmi 10A,Redmi,normalized,3,026e9e25-8320-401f-9d2d-3dba776fb13d;92713610-047f-4a02-8c7e-83722a41f12d;a2cb2d50-2bba-4705-9024-42a165176055,3000000057810;3000000057827;3000000057865,exact_canonical,123,Xiaomi,Redmi 10A,redmi-10a,,,,1,false,low,keep_canonical,pending_owner_review,device_models_canonical,Supabase public.device_models canonical_name; read-only snapshot 2026-08-28,,none,source=normalized; products=3
M-0414,phone,Xiaomi,Redmi 10C,Redmi,normalized,1,285b0e20-8165-4629-8720-6d2dd285ca1c,3000000153703,exact_canonical,550,Xiaomi,Redmi 10C,redmi-10c,,,,1,false,low,keep_canonical,pending_owner_review,device_models_canonical,Supabase public.device_models canonical_name; read-only snapshot 2026-08-28,,none,source=normalized; products=1
M-0415,phone,Xiaomi,Redmi 12C,Redmi,legacy,1,c9a381df-80cd-479a-8efc-6e7c71ed2a30,3000000192221,unmatched_legacy,,,,,,,,1,true,high,research_required,pending_owner_review,legacy_compatibility_value,catalog_model_options → catalog_product_device_models legacy value; no confirmed canonical match in snapshot,当前快照没有确认的 canonical/alias/model-code 映射；禁止猜测。,none,source=legacy; products=1
M-0416,phone,Xiaomi,Redmi 13 4G,Redmi,legacy,1,3dc2c856-9b41-4fae-8e27-41501e4b228f,3667075106975,unmatched_legacy,,,,,,,,1,true,high,research_required,pending_owner_review,legacy_compatibility_value,catalog_model_options → catalog_product_device_models legacy value; no confirmed canonical match in snapshot,当前快照没有确认的 canonical/alias/model-code 映射；禁止猜测。,none,source=legacy; products=1
M-0417,phone,Xiaomi,Redmi 13C,Redmi,normalized,1,c0f24df7-e023-4868-8cd6-67b11a2b688a,3000000270240,exact_canonical,551,Xiaomi,Redmi 13C,redmi-13c,,,,1,false,low,keep_canonical,pending_owner_review,device_models_canonical,Supabase public.device_models canonical_name; read-only snapshot 2026-08-28,,none,source=normalized; products=1
M-0418,phone,Xiaomi,Redmi 14C,Redmi,normalized,1,d7721cd2-f7ca-4379-bed9-68fc257261bc,3000000334393,exact_canonical,552,Xiaomi,Redmi 14C,redmi-14c,,,,1,false,low,keep_canonical,pending_owner_review,device_models_canonical,Supabase public.device_models canonical_name; read-only snapshot 2026-08-28,,none,source=normalized; products=1
M-0419,phone,Xiaomi,Redmi 15 4G,Redmi,legacy,1,6e32fda4-7e17-44bd-8d67-105373b21307,3000000425190,unmatched_legacy,,,,,,,,1,true,high,research_required,pending_owner_review,legacy_compatibility_value,catalog_model_options → catalog_product_device_models legacy value; no confirmed canonical match in snapshot,当前快照没有确认的 canonical/alias/model-code 映射；禁止猜测。,none,source=legacy; products=1
M-0420,phone,Xiaomi,Redmi 15 5G,Redmi,legacy,1,cc5b9ddd-bc83-4f9c-9ad4-8cadf682f688,3000000400036,unmatched_legacy,,,,,,,,1,true,high,research_required,pending_owner_review,legacy_compatibility_value,catalog_model_options → catalog_product_device_models legacy value; no confirmed canonical match in snapshot,当前快照没有确认的 canonical/alias/model-code 映射；禁止猜测。,none,source=legacy; products=1
M-0421,phone,Xiaomi,Redmi 15C 4G,Redmi,normalized,1,2c070d5b-889e-4bda-8843-aa77f0dd0225,3000000412534,exact_canonical,553,Xiaomi,Redmi 15C 4G,redmi-15c-4g,,,,1,false,low,keep_canonical,pending_owner_review,device_models_canonical,Supabase public.device_models canonical_name; read-only snapshot 2026-08-28,,none,source=normalized; products=1
M-0422,phone,Xiaomi,Redmi 6,Redmi,legacy,1,3d8d3563-2347-4527-a204-591f87625af0,3000000109885,unmatched_legacy,,,,,,,,1,true,high,research_required,pending_owner_review,legacy_compatibility_value,catalog_model_options → catalog_product_device_models legacy value; no confirmed canonical match in snapshot,当前快照没有确认的 canonical/alias/model-code 映射；禁止猜测。,none,source=legacy; products=1
M-0423,phone,Xiaomi,Redmi 7A,Redmi,legacy,2,2973e7ba-1306-4b93-a6ce-a35b83d6ee35;e55b1081-32bc-436b-8d7a-3d120054c436,3000000034408;3000000034415,unmatched_legacy,,,,,,,,1,true,high,research_required,pending_owner_review,legacy_compatibility_value,catalog_model_options → catalog_product_device_models legacy value; no confirmed canonical match in snapshot,当前快照没有确认的 canonical/alias/model-code 映射；禁止猜测。,none,source=legacy; products=2
M-0424,phone,Xiaomi,Redmi 8,Redmi,normalized,2,b72bdb28-005b-4f70-8c23-52d6d6baa8cc;ed39dcad-39a1-4f7b-9cdc-a5500c4daa90,3000000034996;3000000035009,exact_canonical,446,Xiaomi,Redmi 8,redmi-8,,,,1,false,low,keep_canonical,pending_owner_review,device_models_canonical,Supabase public.device_models canonical_name; read-only snapshot 2026-08-28,,none,source=normalized; products=2
M-0425,phone,Xiaomi,Redmi 8A,Redmi,legacy+normalized,3,81814a70-d75d-4062-85fd-809686e537e7;b72bdb28-005b-4f70-8c23-52d6d6baa8cc;ed39dcad-39a1-4f7b-9cdc-a5500c4daa90,3000000034996;3000000035009;3000000067031,exact_canonical,447,Xiaomi,Redmi 8A,redmi-8a,,,,1,false,low,keep_canonical,pending_owner_review,device_models_canonical,Supabase public.device_models canonical_name; read-only snapshot 2026-08-28,,none,source=legacy+normalized; products=3
M-0426,phone,Xiaomi,Redmi 9,Redmi,normalized,1,7f8dcdfa-1c9b-4989-84bd-be05dd30a9d3,3000000178232,exact_canonical,448,Xiaomi,Redmi 9,redmi-9,,,,1,false,low,keep_canonical,pending_owner_review,device_models_canonical,Supabase public.device_models canonical_name; read-only snapshot 2026-08-28,,none,source=normalized; products=1
M-0427,phone,Xiaomi,Redmi 9A,Redmi,normalized,3,026e9e25-8320-401f-9d2d-3dba776fb13d;92713610-047f-4a02-8c7e-83722a41f12d;a2cb2d50-2bba-4705-9024-42a165176055,3000000057810;3000000057827;3000000057865,exact_canonical,121,Xiaomi,Redmi 9A,redmi-9a,,,,1,false,low,keep_canonical,pending_owner_review,device_models_canonical,Supabase public.device_models canonical_name; read-only snapshot 2026-08-28,,none,source=normalized; products=3
M-0428,phone,Xiaomi,Redmi 9AT,Redmi,legacy,1,db162e40-ed77-4875-b916-1eac75fa946b,3000000265284,unmatched_legacy,,,,,,,,1,true,high,research_required,pending_owner_review,legacy_compatibility_value,catalog_model_options → catalog_product_device_models legacy value; no confirmed canonical match in snapshot,当前快照没有确认的 canonical/alias/model-code 映射；禁止猜测。,none,source=legacy; products=1
M-0429,phone,Xiaomi,Redmi 9C NFC,Redmi,normalized,2,92713610-047f-4a02-8c7e-83722a41f12d;a2cb2d50-2bba-4705-9024-42a165176055,3000000057810;3000000057827,exact_canonical,122,Xiaomi,Redmi 9C NFC,redmi-9c-nfc,,,,1,false,low,keep_canonical,pending_owner_review,device_models_canonical,Supabase public.device_models canonical_name; read-only snapshot 2026-08-28,,none,source=normalized; products=2
M-0430,phone,Xiaomi,Redmi A1,Redmi,normalized,3,1b7b2328-6183-4396-a17b-fe00e0477da5;2381e3ff-ca73-41c1-aa64-f272c8f4b665;a2cb2d50-2bba-4705-9024-42a165176055,3000000057827;3000000166222;3000000167793,exact_canonical,124,Xiaomi,Redmi A1,redmi-a1,,,,1,false,low,keep_canonical,pending_owner_review,device_models_canonical,Supabase public.device_models canonical_name; read-only snapshot 2026-08-28,,none,source=normalized; products=3
M-0431,phone,Xiaomi,Redmi A1+,Redmi,normalized,3,1b7b2328-6183-4396-a17b-fe00e0477da5;2381e3ff-ca73-41c1-aa64-f272c8f4b665;a2cb2d50-2bba-4705-9024-42a165176055,3000000057827;3000000166222;3000000167793,exact_canonical,125,Xiaomi,Redmi A1+,redmi-a1-plus,Redmi A1 Plus,,,1,false,low,keep_canonical,pending_owner_review,device_models_canonical,Supabase public.device_models canonical_name; read-only snapshot 2026-08-28,,none,source=normalized; products=3
M-0432,phone,Xiaomi,Redmi A2,Redmi,legacy+normalized,3,1b7b2328-6183-4396-a17b-fe00e0477da5;2381e3ff-ca73-41c1-aa64-f272c8f4b665;d40fa51e-b389-42ca-980d-3f51670fd8da,3000000166222;3000000167793;3000000216507,exact_canonical,126,Xiaomi,Redmi A2,redmi-a2,,,,1,false,low,keep_canonical,pending_owner_review,device_models_canonical,Supabase public.device_models canonical_name; read-only snapshot 2026-08-28,,none,source=legacy+normalized; products=3
M-0433,phone,Xiaomi,Redmi A2+,Redmi,normalized,1,1b7b2328-6183-4396-a17b-fe00e0477da5,3000000166222,exact_canonical,127,Xiaomi,Redmi A2+,redmi-a2-plus,Redmi A2 Plus,,,1,false,low,keep_canonical,pending_owner_review,device_models_canonical,Supabase public.device_models canonical_name; read-only snapshot 2026-08-28,,none,source=normalized; products=1
M-0434,phone,Xiaomi,Redmi A3,Redmi,legacy,3,673454b7-99de-49ef-8067-99e9d8a4d490;db5b778f-cf55-4cce-a550-1889643061a9;ec005184-df89-4373-90fb-8f1e3d7ec983,3000000295298;3000000296301;3000000419656,unmatched_legacy,,,,,,,,1,true,high,research_required,pending_owner_review,legacy_compatibility_value,catalog_model_options → catalog_product_device_models legacy value; no confirmed canonical match in snapshot,当前快照没有确认的 canonical/alias/model-code 映射；禁止猜测。,none,source=legacy; products=3
M-0435,phone,Xiaomi,Redmi A5 4G,Redmi,legacy,1,356ec187-2887-4b35-930b-62764269c31b,3667075167358,unmatched_legacy,,,,,,,,1,true,high,research_required,pending_owner_review,legacy_compatibility_value,catalog_model_options → catalog_product_device_models legacy value; no confirmed canonical match in snapshot,当前快照没有确认的 canonical/alias/model-code 映射；禁止猜测。,none,source=legacy; products=1
M-0436,phone,Xiaomi,Redmi Note 10 4G,Redmi Note,normalized,1,e27b3652-0be5-4e89-8711-7d576eac41fd,PP-XIA-RN10-RN10S-M5S-TFT-LCD,exact_canonical,554,Xiaomi,Redmi Note 10 4G,redmi-note-10-4g,,,,1,false,low,keep_canonical,pending_owner_review,device_models_canonical,Supabase public.device_models canonical_name; read-only snapshot 2026-08-28,,none,source=normalized; products=1
M-0437,phone,Xiaomi,Redmi Note 10 5G,Redmi Note,normalized,1,7362c052-f2c7-46ae-b780-6f3c50bd9c49,3000000096796,exact_canonical,453,Xiaomi,Redmi Note 10 5G,redmi-note-10-5g,,,,1,false,low,keep_canonical,pending_owner_review,device_models_canonical,Supabase public.device_models canonical_name; read-only snapshot 2026-08-28,,none,source=normalized; products=1
M-0438,phone,Xiaomi,Redmi Note 10 Pro 4G,Redmi Note,legacy+normalized,2,855e4c5c-947c-4910-bc9f-6759b0d232b7;a7369921-82fb-4f41-8ea0-cb2a9080fd71,3000000094419;3701569345294,exact_canonical,454,Xiaomi,Redmi Note 10 Pro 4G,redmi-note-10-pro-4g,,,,1,false,low,keep_canonical,pending_owner_review,device_models_canonical,Supabase public.device_models canonical_name; read-only snapshot 2026-08-28,,none,source=legacy+normalized; products=2
M-0439,phone,Xiaomi,Redmi Note 10S,Redmi Note,normalized,1,e27b3652-0be5-4e89-8711-7d576eac41fd,PP-XIA-RN10-RN10S-M5S-TFT-LCD,exact_canonical,555,Xiaomi,Redmi Note 10S,redmi-note-10s,,,,1,false,low,keep_canonical,pending_owner_review,device_models_canonical,Supabase public.device_models canonical_name; read-only snapshot 2026-08-28,,none,source=normalized; products=1
M-0440,phone,Xiaomi,Redmi Note 11 4G,Redmi Note,legacy,1,0e7b0872-ec4d-47f1-84fc-d4d704f4e5ff,3701569345331,unmatched_legacy,,,,,,,,1,true,high,research_required,pending_owner_review,legacy_compatibility_value,catalog_model_options → catalog_product_device_models legacy value; no confirmed canonical match in snapshot,当前快照没有确认的 canonical/alias/model-code 映射；禁止猜测。,none,source=legacy; products=1
M-0441,phone,Xiaomi,Redmi Note 11 Pro 4G,Redmi Note,legacy,1,45a9570d-b201-4351-90fd-d96c8d897588,3000000131008,unmatched_legacy,,,,,,,,1,true,high,research_required,pending_owner_review,legacy_compatibility_value,catalog_model_options → catalog_product_device_models legacy value; no confirmed canonical match in snapshot,当前快照没有确认的 canonical/alias/model-code 映射；禁止猜测。,none,source=legacy; products=1
M-0442,phone,Xiaomi,Redmi Note 11 Pro+ 5G,Redmi Note,legacy,1,46247473-37e9-4580-beab-74570eb32f79,3000000128664,unmatched_legacy,,,,,,,,1,true,high,research_required,pending_owner_review,legacy_compatibility_value,catalog_model_options → catalog_product_device_models legacy value; no confirmed canonical match in snapshot,当前快照没有确认的 canonical/alias/model-code 映射；禁止猜测。,none,source=legacy; products=1
M-0443,phone,Xiaomi,Redmi Note 11S 4G,Redmi Note,legacy,1,da835af5-3c39-42ba-8575-021728968982,3701569345645,unmatched_legacy,,,,,,,,1,true,high,research_required,pending_owner_review,legacy_compatibility_value,catalog_model_options → catalog_product_device_models legacy value; no confirmed canonical match in snapshot,当前快照没有确认的 canonical/alias/model-code 映射；禁止猜测。,none,source=legacy; products=1
M-0444,phone,Xiaomi,Redmi Note 11T 5G,Redmi Note,normalized,1,b1694042-14ea-4cfb-b98d-7f452e2bf0fd,3000000147177,exact_canonical,556,Xiaomi,Redmi Note 11T 5G,redmi-note-11t-5g,,,,1,false,low,keep_canonical,pending_owner_review,device_models_canonical,Supabase public.device_models canonical_name; read-only snapshot 2026-08-28,,none,source=normalized; products=1
M-0445,phone,Xiaomi,Redmi Note 12 Pro 5G,Redmi Note,legacy,1,e429038a-1246-48e8-93c2-ff78d8ea6dec,3000000197622,unmatched_legacy,,,,,,,,1,true,high,research_required,pending_owner_review,legacy_compatibility_value,catalog_model_options → catalog_product_device_models legacy value; no confirmed canonical match in snapshot,当前快照没有确认的 canonical/alias/model-code 映射；禁止猜测。,none,source=legacy; products=1
M-0446,phone,Xiaomi,Redmi Note 12 Pro+ 5G,Redmi Note,legacy,1,1a56f5c5-416f-40d7-b4e7-0cf20a90b8bd,3000000199596,unmatched_legacy,,,,,,,,1,true,high,research_required,pending_owner_review,legacy_compatibility_value,catalog_model_options → catalog_product_device_models legacy value; no confirmed canonical match in snapshot,当前快照没有确认的 canonical/alias/model-code 映射；禁止猜测。,none,source=legacy; products=1
M-0447,phone,Xiaomi,Redmi Note 13 Pro 4G,Redmi Note,legacy,1,b76ce074-d05f-4f7a-8690-fb665af67af5,3000000288825,unmatched_legacy,,,,,,,,1,true,high,research_required,pending_owner_review,legacy_compatibility_value,catalog_model_options → catalog_product_device_models legacy value; no confirmed canonical match in snapshot,当前快照没有确认的 canonical/alias/model-code 映射；禁止猜测。,none,source=legacy; products=1
M-0448,phone,Xiaomi,Redmi Note 13 Pro+ 5G,Redmi Note,legacy,1,3a92cee7-d803-4b60-b627-70c58ee91f96,3000000282151,unmatched_legacy,,,,,,,,1,true,high,research_required,pending_owner_review,legacy_compatibility_value,catalog_model_options → catalog_product_device_models legacy value; no confirmed canonical match in snapshot,当前快照没有确认的 canonical/alias/model-code 映射；禁止猜测。,none,source=legacy; products=1
M-0449,phone,Xiaomi,Redmi Note 5,Redmi Note,legacy,1,565a1d0d-2e22-4ef7-a938-88d119d1ed67,3000000148358,unmatched_legacy,,,,,,,,1,true,high,research_required,pending_owner_review,legacy_compatibility_value,catalog_model_options → catalog_product_device_models legacy value; no confirmed canonical match in snapshot,当前快照没有确认的 canonical/alias/model-code 映射；禁止猜测。,none,source=legacy; products=1
M-0450,phone,Xiaomi,Redmi Note 6 Pro,Redmi Note,legacy,1,8ef98d48-f9b6-416c-80f9-f09b6f1373e5,3000000019511,unmatched_legacy,,,,,,,,1,true,high,research_required,pending_owner_review,legacy_compatibility_value,catalog_model_options → catalog_product_device_models legacy value; no confirmed canonical match in snapshot,当前快照没有确认的 canonical/alias/model-code 映射；禁止猜测。,none,source=legacy; products=1
M-0451,phone,Xiaomi,Redmi Note 7,Redmi Note,normalized,2,38715454-6836-4214-98b3-82d122e5f2bd;76a7d066-4c29-4a0d-905e-6174202da5fa,3000000023761;3000000023778,exact_canonical,455,Xiaomi,Redmi Note 7,redmi-note-7,,,,1,false,low,keep_canonical,pending_owner_review,device_models_canonical,Supabase public.device_models canonical_name; read-only snapshot 2026-08-28,,none,source=normalized; products=2
M-0452,phone,Xiaomi,Redmi Note 7 Pro,Redmi Note,normalized,2,38715454-6836-4214-98b3-82d122e5f2bd;76a7d066-4c29-4a0d-905e-6174202da5fa,3000000023761;3000000023778,exact_canonical,456,Xiaomi,Redmi Note 7 Pro,redmi-note-7-pro,,,,1,false,low,keep_canonical,pending_owner_review,device_models_canonical,Supabase public.device_models canonical_name; read-only snapshot 2026-08-28,,none,source=normalized; products=2
M-0453,phone,Xiaomi,Redmi Note 8,Redmi Note,normalized,2,011ad0a1-acae-41d1-8411-9202d4cfb1f1;aff0acf2-473a-44e5-bfb8-34bf9be7ab98,3000000034873;3000000097458,exact_canonical,457,Xiaomi,Redmi Note 8,redmi-note-8,,,,1,false,low,keep_canonical,pending_owner_review,device_models_canonical,Supabase public.device_models canonical_name; read-only snapshot 2026-08-28,,none,source=normalized; products=2
M-0454,phone,Xiaomi,Redmi Note 8 2021,Redmi Note,normalized,2,011ad0a1-acae-41d1-8411-9202d4cfb1f1;aff0acf2-473a-44e5-bfb8-34bf9be7ab98,3000000034873;3000000097458,exact_canonical,458,Xiaomi,Redmi Note 8 2021,redmi-note-8-2021,,,,1,false,low,keep_canonical,pending_owner_review,device_models_canonical,Supabase public.device_models canonical_name; read-only snapshot 2026-08-28,,none,source=normalized; products=2
M-0455,phone,Xiaomi,Redmi Note 8 Pro,Redmi Note,legacy,2,2e14e673-bf79-4049-88b6-a9af5f1500bc;aaff9925-44ba-4cb1-a53c-c02140ca0d52,3000000035108;3701344088972,unmatched_legacy,,,,,,,,1,true,high,research_required,pending_owner_review,legacy_compatibility_value,catalog_model_options → catalog_product_device_models legacy value; no confirmed canonical match in snapshot,当前快照没有确认的 canonical/alias/model-code 映射；禁止猜测。,none,source=legacy; products=2
M-0456,phone,Xiaomi,Redmi Note 8T,Redmi Note,legacy+normalized,2,011ad0a1-acae-41d1-8411-9202d4cfb1f1;9f9ed94a-232f-4f8e-9d54-a4b689e20365,3000000034866;3000000034873,exact_canonical,459,Xiaomi,Redmi Note 8T,redmi-note-8t,,,,1,false,low,keep_canonical,pending_owner_review,device_models_canonical,Supabase public.device_models canonical_name; read-only snapshot 2026-08-28,,none,source=legacy+normalized; products=2
M-0457,phone,Xiaomi,Redmi Note 9,Redmi Note,legacy+normalized,2,7f8dcdfa-1c9b-4989-84bd-be05dd30a9d3;cfdd731c-ee1c-4c91-92c3-aa7f2c5db1ec,3000000043066;3000000178232,exact_canonical,460,Xiaomi,Redmi Note 9,redmi-note-9,,,,1,false,low,keep_canonical,pending_owner_review,device_models_canonical,Supabase public.device_models canonical_name; read-only snapshot 2026-08-28,,none,source=legacy+normalized; products=2
M-0458,phone,Xiaomi,Redmi Note 9 5G,Redmi Note,normalized,2,8ef690d5-d758-4ec1-9308-48f6d20ddd2d;c6d906e4-b0e3-4cf1-be16-40ddc1c9b93a,3000000061466;3000000215104,exact_canonical,461,Xiaomi,Redmi Note 9 5G,redmi-note-9-5g,,,,1,false,low,keep_canonical,pending_owner_review,device_models_canonical,Supabase public.device_models canonical_name; read-only snapshot 2026-08-28,,none,source=normalized; products=2
M-0459,phone,Xiaomi,Redmi Note 9 Pro 4G,Redmi Note,normalized,2,855e4c5c-947c-4910-bc9f-6759b0d232b7;f7b32393-a85e-4f6a-bfc6-f31aec9bf6a9,3000000039113;3000000094419,exact_canonical,462,Xiaomi,Redmi Note 9 Pro 4G,redmi-note-9-pro-4g,,,,1,false,low,keep_canonical,pending_owner_review,device_models_canonical,Supabase public.device_models canonical_name; read-only snapshot 2026-08-28,,none,source=normalized; products=2
M-0460,phone,Xiaomi,Redmi Note 9 Pro 5G,Redmi Note,normalized,2,5157ec31-4da9-4c65-aaea-49f394cf25a9;7ed50238-e2b7-43fc-8124-39a7248600d7,3000000050354;3000000050408,exact_canonical,463,Xiaomi,Redmi Note 9 Pro 5G,redmi-note-9-pro-5g,,,,1,false,low,keep_canonical,pending_owner_review,device_models_canonical,Supabase public.device_models canonical_name; read-only snapshot 2026-08-28,,none,source=normalized; products=2
M-0461,phone,Xiaomi,Redmi Note 9S,Redmi Note,legacy+normalized,2,672de585-a023-40ef-b83e-77e1d4025e20;f7b32393-a85e-4f6a-bfc6-f31aec9bf6a9,3000000039113;3000000082782,exact_canonical,558,Xiaomi,Redmi Note 9S,redmi-note-9s,,,,1,false,low,keep_canonical,pending_owner_review,device_models_canonical,Supabase public.device_models canonical_name; read-only snapshot 2026-08-28,,none,source=legacy+normalized; products=2
M-0462,phone,Xiaomi,Redmi Note 9T,Redmi Note,normalized,2,8ef690d5-d758-4ec1-9308-48f6d20ddd2d;c6d906e4-b0e3-4cf1-be16-40ddc1c9b93a,3000000061466;3000000215104,exact_canonical,464,Xiaomi,Redmi Note 9T,redmi-note-9t,,,,1,false,low,keep_canonical,pending_owner_review,device_models_canonical,Supabase public.device_models canonical_name; read-only snapshot 2026-08-28,,none,source=normalized; products=2
